warn:i18nlangtag:77702:77702:i18nlangtag/source/isolang/mslangid.cxx:105: MsLangId::getConfiguredSystemLanguage() - not configured yet
warn:lok:77702:77702:desktop/source/lib/init.cxx:285: lok exception 'Unsupported flavor text/plain;charset=utf-16 exception '
warn:lok:77702:77702:desktop/source/lib/init.cxx:285: lok exception 'Unsupported flavor text/plain;charset=utf-16 exception '
warn:lok:77702:77702:desktop/source/lib/init.cxx:285: lok exception 'Unsupported flavor text/plain;charset=utf-16 exception '
warn:lok:77702:77702:desktop/source/lib/init.cxx:285: lok exception 'Unsupported flavor text/plain;charset=utf-16 exception '
warn:lok:77702:77702:desktop/source/lib/init.cxx:285: lok exception 'Unsupported flavor text/plain;charset=utf-16 exception '
warn:lok:77702:77702:desktop/source/lib/init.cxx:285: lok exception 'Unsupported flavor text/plain;charset=utf-16 exception '
warn:lok:77702:77702:desktop/source/lib/init.cxx:285: lok exception 'Unsupported flavor text/plain;charset=utf-16 exception '
warn:xmloff.core:77702:77702:xmloff/source/core/DocumentSettingsContext.cxx:468: XMLConfigItemContext: broken DateTime '0000-00-00'
warn:xmloff.core:77702:77702:xmloff/source/core/DocumentSettingsContext.cxx:468: XMLConfigItemContext: broken DateTime '0000-00-00'
warn:xmloff.chart:77702:77702:xmloff/source/chart/SchXMLChartContext.cxx:938: Must not get here
warn:legacy.osl:77702:77702:sc/source/core/data/drwlayer.cxx:1810: no page
warn:lok:77702:77702:desktop/source/lib/init.cxx:285: lok exception 'Unsupported flavor text/plain;charset=utf-16 exception '
warn:xmloff:77702:77702:xmloff/source/text/XMLTextListAutoStylePool.cxx:161: getStyleFamilies() from XModel failed for export!
warn:xmloff:77702:77702:xmloff/source/text/XMLTextListAutoStylePool.cxx:161: getStyleFamilies() from XModel failed for export!
warn:xmloff:77702:77702:xmloff/source/text/XMLTextListAutoStylePool.cxx:161: getStyleFamilies() from XModel failed for export!
warn:chart2.tools:77702:77702:chart2/source/tools/WrappedPropertySet.cxx:137: found no inner property set to map to
warn:lok:77702:77702:desktop/source/lib/init.cxx:285: lok exception 'Unsupported flavor text/plain;charset=utf-16 exception '
warn:legacy.osl:77702:77702:svx/source/svdraw/svdoole2.cxx:1263: Disconnect() called on disconnected object!
warn:chart2:77702:77702:chart2/source/tools/LifeTime.cxx:119: This component is already disposed 
warn:lok:77702:77702:desktop/source/lib/init.cxx:285: lok exception 'Unsupported flavor text/plain;charset=utf-16 exception '
warn:lok:77702:77702:desktop/source/lib/init.cxx:285: lok exception 'Unsupported flavor text/plain;charset=utf-16 exception '
warn:lok:77702:77702:desktop/source/lib/init.cxx:285: lok exception 'Unsupported flavor text/plain;charset=utf-16 exception '
warn:xmloff.chart:77702:77702:xmloff/source/chart/SchXMLChartContext.cxx:938: Must not get here
warn:xmloff:77702:77702:xmloff/source/text/XMLTextListAutoStylePool.cxx:161: getStyleFamilies() from XModel failed for export!
warn:xmloff:77702:77702:xmloff/source/text/XMLTextListAutoStylePool.cxx:161: getStyleFamilies() from XModel failed for export!
warn:xmloff:77702:77702:xmloff/source/text/XMLTextListAutoStylePool.cxx:161: getStyleFamilies() from XModel failed for export!
warn:chart2.tools:77702:77702:chart2/source/tools/WrappedPropertySet.cxx:137: found no inner property set to map to
warn:chart2:77702:77702:chart2/source/tools/LifeTime.cxx:119: This component is already disposed 
warn:lok:77702:77702:desktop/source/lib/init.cxx:285: lok exception 'Unsupported flavor text/plain;charset=utf-16 exception '
warn:lok:77702:77702:desktop/source/lib/init.cxx:285: lok exception 'Unsupported flavor text/plain;charset=utf-16 exception '
warn:lok:77702:77702:desktop/source/lib/init.cxx:285: lok exception 'Unsupported flavor text/plain;charset=utf-16 exception '
warn:lok:77702:77702:desktop/source/lib/init.cxx:285: lok exception 'Unsupported flavor text/plain;charset=utf-16 exception '
warn:lok:77702:77702:desktop/source/lib/init.cxx:285: lok exception 'Unsupported flavor text/plain;charset=utf-16 exception '
warn:lok:77702:77702:desktop/source/lib/init.cxx:285: lok exception 'Unsupported flavor text/plain;charset=utf-16 exception '
warn:lok:77702:77702:desktop/source/lib/init.cxx:285: lok exception 'Unsupported flavor text/plain;charset=utf-16 exception '
warn:vcl:77702:77702:vcl/source/outdev/text.cxx:1121: Trying to setup invalid cached glyphs - falling back to relayout!
warn:vcl:77702:77702:vcl/source/outdev/text.cxx:1121: Trying to setup invalid cached glyphs - falling back to relayout!
warn:xmloff.chart:77702:77702:xmloff/source/chart/SchXMLChartContext.cxx:938: Must not get here
warn:xmloff.chart:77702:77702:xmloff/source/chart/SchXMLChartContext.cxx:938: Must not get here
warn:xmloff.chart:77702:77702:xmloff/source/chart/SchXMLChartContext.cxx:938: Must not get here
warn:xmloff.chart:77702:77702:xmloff/source/chart/SchXMLChartContext.cxx:938: Must not get here
warn:xmloff:77702:77702:xmloff/source/text/XMLTextListAutoStylePool.cxx:161: getStyleFamilies() from XModel failed for export!
warn:xmloff:77702:77702:xmloff/source/text/XMLTextListAutoStylePool.cxx:161: getStyleFamilies() from XModel failed for export!
warn:xmloff:77702:77702:xmloff/source/text/XMLTextListAutoStylePool.cxx:161: getStyleFamilies() from XModel failed for export!
warn:chart2.tools:77702:77702:chart2/source/tools/WrappedPropertySet.cxx:137: found no inner property set to map to
warn:xmloff:77702:77702:xmloff/source/text/XMLTextListAutoStylePool.cxx:161: getStyleFamilies() from XModel failed for export!
warn:xmloff:77702:77702:xmloff/source/text/XMLTextListAutoStylePool.cxx:161: getStyleFamilies() from XModel failed for export!
warn:xmloff:77702:77702:xmloff/source/text/XMLTextListAutoStylePool.cxx:161: getStyleFamilies() from XModel failed for export!
warn:chart2.tools:77702:77702:chart2/source/tools/WrappedPropertySet.cxx:137: found no inner property set to map to
warn:legacy.osl:77702:77702:sc/source/core/data/drwlayer.cxx:1810: no page
warn:legacy.osl:77702:77702:sc/source/core/data/drwlayer.cxx:1810: no page
warn:legacy.osl:77702:77702:sc/source/core/data/drwlayer.cxx:1810: no page
warn:legacy.osl:77702:77702:sc/source/core/data/drwlayer.cxx:1810: no page
warn:legacy.osl:77702:77702:sc/source/core/data/drwlayer.cxx:1810: no page
warn:legacy.osl:77702:77702:sc/source/core/data/drwlayer.cxx:1810: no page
warn:legacy.osl:77702:77702:sc/source/ui/app/transobj.cxx:156: no sheet selected
warn:legacy.osl:77702:77702:sc/source/core/data/documen3.cxx:2020: GetMMRect: wrong table
warn:lok:77702:77702:desktop/source/lib/init.cxx:285: lok exception 'Unsupported flavor text/plain;charset=utf-16 exception '
warn:legacy.osl:77702:77702:sc/source/core/data/drwlayer.cxx:1810: no page
warn:legacy.osl:77702:77702:sc/source/core/data/drwlayer.cxx:1810: no page
warn:legacy.osl:77702:77702:sc/source/core/data/drwlayer.cxx:1810: no page
warn:legacy.osl:77702:77702:sc/source/core/data/drwlayer.cxx:1810: no page
warn:legacy.osl:77702:77702:sc/source/ui/app/transobj.cxx:156: no sheet selected
warn:legacy.osl:77702:77702:sc/source/core/data/documen3.cxx:2020: GetMMRect: wrong table
warn:lok:77702:77702:desktop/source/lib/init.cxx:285: lok exception 'Unsupported flavor text/plain;charset=utf-16 exception '
warn:legacy.osl:77702:77702:sc/source/core/data/drwlayer.cxx:1810: no page
warn:legacy.osl:77702:77702:sc/source/core/data/drwlayer.cxx:1810: no page
warn:legacy.osl:77702:77702:sc/source/core/data/drwlayer.cxx:1810: no page
warn:legacy.osl:77702:77702:sc/source/core/data/drwlayer.cxx:1810: no page
warn:legacy.osl:77702:77702:sc/source/ui/app/transobj.cxx:156: no sheet selected
warn:legacy.osl:77702:77702:sc/source/core/data/documen3.cxx:2020: GetMMRect: wrong table
warn:lok:77702:77702:desktop/source/lib/init.cxx:285: lok exception 'Unsupported flavor text/plain;charset=utf-16 exception '
warn:legacy.osl:77702:77702:sc/source/core/data/drwlayer.cxx:1810: no page
warn:legacy.osl:77702:77702:sc/source/core/data/drwlayer.cxx:1810: no page
warn:legacy.osl:77702:77702:sc/source/core/data/drwlayer.cxx:1810: no page
warn:legacy.osl:77702:77702:sc/source/core/data/drwlayer.cxx:1810: no page
warn:legacy.osl:77702:77702:sc/source/ui/app/transobj.cxx:156: no sheet selected
warn:legacy.osl:77702:77702:sc/source/core/data/documen3.cxx:2020: GetMMRect: wrong table
warn:lok:77702:77702:desktop/source/lib/init.cxx:285: lok exception 'Unsupported flavor text/plain;charset=utf-16 exception '
warn:legacy.osl:77702:77702:sc/source/core/data/drwlayer.cxx:1810: no page
warn:legacy.osl:77702:77702:sc/source/core/data/drwlayer.cxx:1810: no page
warn:legacy.osl:77702:77702:sc/source/core/data/drwlayer.cxx:1810: no page
warn:legacy.osl:77702:77702:sc/source/core/data/drwlayer.cxx:1810: no page
warn:legacy.osl:77702:77702:sc/source/ui/app/transobj.cxx:156: no sheet selected
warn:legacy.osl:77702:77702:sc/source/core/data/documen3.cxx:2020: GetMMRect: wrong table
warn:lok:77702:77702:desktop/source/lib/init.cxx:285: lok exception 'Unsupported flavor text/plain;charset=utf-16 exception '
warn:legacy.osl:77702:77702:sc/source/core/data/drwlayer.cxx:1810: no page
warn:legacy.osl:77702:77702:sc/source/core/data/drwlayer.cxx:1810: no page
warn:legacy.osl:77702:77702:sc/source/core/data/drwlayer.cxx:1810: no page
warn:legacy.osl:77702:77702:sc/source/core/data/drwlayer.cxx:1810: no page
warn:legacy.osl:77702:77702:sc/source/ui/app/transobj.cxx:156: no sheet selected
warn:legacy.osl:77702:77702:sc/source/core/data/documen3.cxx:2020: GetMMRect: wrong table
warn:lok:77702:77702:desktop/source/lib/init.cxx:285: lok exception 'Unsupported flavor text/plain;charset=utf-16 exception '
warn:legacy.osl:77702:77702:sc/source/core/data/drwlayer.cxx:1810: no page
warn:legacy.osl:77702:77702:sc/source/core/data/drwlayer.cxx:1810: no page
warn:legacy.osl:77702:77702:sc/source/core/data/drwlayer.cxx:1810: no page
warn:legacy.osl:77702:77702:sc/source/core/data/drwlayer.cxx:1810: no page
warn:legacy.osl:77702:77702:sc/source/ui/app/transobj.cxx:156: no sheet selected
warn:legacy.osl:77702:77702:sc/source/core/data/documen3.cxx:2020: GetMMRect: wrong table
warn:lok:77702:77702:desktop/source/lib/init.cxx:285: lok exception 'Unsupported flavor text/plain;charset=utf-16 exception '
warn:legacy.osl:77702:77702:sc/source/core/data/drwlayer.cxx:1810: no page
warn:legacy.osl:77702:77702:sc/source/core/data/drwlayer.cxx:1810: no page
warn:legacy.osl:77702:77702:sc/source/core/data/drwlayer.cxx:1810: no page
warn:legacy.osl:77702:77702:sc/source/core/data/drwlayer.cxx:1810: no page
warn:legacy.osl:77702:77702:sc/source/ui/app/transobj.cxx:156: no sheet selected
warn:legacy.osl:77702:77702:sc/source/core/data/documen3.cxx:2020: GetMMRect: wrong table
warn:lok:77702:77702:desktop/source/lib/init.cxx:285: lok exception 'Unsupported flavor text/plain;charset=utf-16 exception '
warn:legacy.osl:77702:77702:sc/source/core/data/drwlayer.cxx:1810: no page
warn:legacy.osl:77702:77702:sc/source/core/data/drwlayer.cxx:1810: no page
warn:legacy.osl:77702:77702:sc/source/core/data/drwlayer.cxx:1810: no page
warn:legacy.osl:77702:77702:sc/source/core/data/drwlayer.cxx:1810: no page
warn:legacy.osl:77702:77702:sc/source/ui/app/transobj.cxx:156: no sheet selected
warn:legacy.osl:77702:77702:sc/source/core/data/documen3.cxx:2020: GetMMRect: wrong table
warn:lok:77702:77702:desktop/source/lib/init.cxx:285: lok exception 'Unsupported flavor text/plain;charset=utf-16 exception '
warn:legacy.osl:77702:77702:sc/source/core/data/drwlayer.cxx:1810: no page
warn:legacy.osl:77702:77702:sc/source/core/data/drwlayer.cxx:1810: no page
warn:legacy.osl:77702:77702:sc/source/core/data/drwlayer.cxx:1810: no page
warn:legacy.osl:77702:77702:sc/source/core/data/drwlayer.cxx:1810: no page
warn:legacy.osl:77702:77702:sc/source/ui/app/transobj.cxx:156: no sheet selected
warn:legacy.osl:77702:77702:sc/source/core/data/documen3.cxx:2020: GetMMRect: wrong table
warn:lok:77702:77702:desktop/source/lib/init.cxx:285: lok exception 'Unsupported flavor text/plain;charset=utf-16 exception '
warn:legacy.osl:77702:77702:sc/source/core/data/drwlayer.cxx:1810: no page
warn:legacy.osl:77702:77702:sc/source/core/data/drwlayer.cxx:1810: no page
warn:legacy.osl:77702:77702:sc/source/core/data/drwlayer.cxx:1810: no page
warn:legacy.osl:77702:77702:sc/source/core/data/drwlayer.cxx:1810: no page
warn:legacy.osl:77702:77702:sc/source/ui/app/transobj.cxx:156: no sheet selected
warn:legacy.osl:77702:77702:sc/source/core/data/documen3.cxx:2020: GetMMRect: wrong table
warn:lok:77702:77702:desktop/source/lib/init.cxx:285: lok exception 'Unsupported flavor text/plain;charset=utf-16 exception '
warn:xmloff:77702:77702:xmloff/source/text/XMLTextListAutoStylePool.cxx:161: getStyleFamilies() from XModel failed for export!
warn:xmloff:77702:77702:xmloff/source/text/XMLTextListAutoStylePool.cxx:161: getStyleFamilies() from XModel failed for export!
warn:xmloff:77702:77702:xmloff/source/text/XMLTextListAutoStylePool.cxx:161: getStyleFamilies() from XModel failed for export!
warn:chart2.tools:77702:77702:chart2/source/tools/WrappedPropertySet.cxx:137: found no inner property set to map to
warn:xmloff:77702:77702:xmloff/source/text/XMLTextListAutoStylePool.cxx:161: getStyleFamilies() from XModel failed for export!
warn:xmloff:77702:77702:xmloff/source/text/XMLTextListAutoStylePool.cxx:161: getStyleFamilies() from XModel failed for export!
warn:xmloff:77702:77702:xmloff/source/text/XMLTextListAutoStylePool.cxx:161: getStyleFamilies() from XModel failed for export!
warn:chart2.tools:77702:77702:chart2/source/tools/WrappedPropertySet.cxx:137: found no inner property set to map to
warn:xmloff:77702:77702:xmloff/source/text/XMLTextListAutoStylePool.cxx:161: getStyleFamilies() from XModel failed for export!
warn:xmloff:77702:77702:xmloff/source/text/XMLTextListAutoStylePool.cxx:161: getStyleFamilies() from XModel failed for export!
warn:xmloff:77702:77702:xmloff/source/text/XMLTextListAutoStylePool.cxx:161: getStyleFamilies() from XModel failed for export!
warn:chart2.tools:77702:77702:chart2/source/tools/WrappedPropertySet.cxx:137: found no inner property set to map to
warn:legacy.osl:77702:77702:sc/source/core/data/drwlayer.cxx:1810: no page
warn:lok:77702:77702:desktop/source/lib/init.cxx:285: lok exception 'Unsupported flavor text/plain;charset=utf-16 exception '
warn:chart2:77702:77702:chart2/source/tools/LifeTime.cxx:119: This component is already disposed 
warn:chart2:77702:77702:chart2/source/tools/LifeTime.cxx:119: This component is already disposed 
warn:chart2:77702:77702:chart2/source/tools/LifeTime.cxx:119: This component is already disposed 
warn:chart2:77702:77702:chart2/source/tools/LifeTime.cxx:119: This component is already disposed 
warn:legacy.osl:77702:77702:xmloff/source/style/xmlnumfi.cxx:1726: invalid number format
warn:legacy.osl:77702:77702:xmloff/source/style/xmlnumfi.cxx:1726: invalid number format
warn:legacy.osl:77702:77702:xmloff/source/style/xmlnumfi.cxx:1726: invalid number format
warn:legacy.osl:77702:77702:xmloff/source/style/xmlnumfi.cxx:1726: invalid number format
warn:legacy.osl:77702:77702:xmloff/source/style/xmlnumfi.cxx:1726: invalid number format
warn:legacy.osl:77702:77702:xmloff/source/style/xmlnumfi.cxx:1726: invalid number format
warn:legacy.osl:77702:77702:xmloff/source/style/xmlnumfi.cxx:1726: invalid number format
warn:lok:77702:77702:desktop/source/lib/init.cxx:285: lok exception 'Unsupported flavor text/plain;charset=utf-16 exception '
warn:lok:77702:77702:desktop/source/lib/init.cxx:285: lok exception 'Unsupported flavor text/plain;charset=utf-16 exception '
warn:lok:77702:77702:desktop/source/lib/init.cxx:285: lok exception 'Unsupported flavor text/plain;charset=utf-16 exception '
warn:comphelper.container:77702:77702:comphelper/source/container/embeddedobjectcontainer.cxx:277: Empty object name!
warn:comphelper.container:77702:77702:comphelper/source/container/embeddedobjectcontainer.cxx:354: EmbeddedObjectContainer::Get_Impl: exception caught: N3com3sun4star3uno9ExceptionE msg: Empty element name is provided!
warn:lok:77702:77702:desktop/source/lib/init.cxx:285: lok exception 'Unsupported flavor text/plain;charset=utf-16 exception '
warn:legacy.osl:77702:77702:svx/source/svdraw/svdoole2.cxx:1263: Disconnect() called on disconnected object!
warn:legacy.osl:77702:77702:svx/source/svdraw/svdoole2.cxx:1263: Disconnect() called on disconnected object!
warn:lok:77702:77702:desktop/source/lib/init.cxx:285: lok exception 'Unsupported flavor text/plain;charset=utf-16 exception '
warn:lok:77702:77702:desktop/source/lib/init.cxx:285: lok exception 'Unsupported flavor text/plain;charset=utf-16 exception '
warn:lok:77702:77702:desktop/source/lib/init.cxx:285: lok exception 'Unsupported flavor text/plain;charset=utf-16 exception '
warn:lok:77702:77702:desktop/source/lib/init.cxx:285: lok exception 'Unsupported flavor text/plain;charset=utf-16 exception '
warn:lok:77702:77702:desktop/source/lib/init.cxx:285: lok exception 'Unsupported flavor text/plain;charset=utf-16 exception '
warn:xmloff.chart:77702:77702:xmloff/source/chart/SchXMLChartContext.cxx:938: Must not get here
warn:xmloff.chart:77702:77702:xmloff/source/chart/SchXMLChartContext.cxx:938: Must not get here
warn:xmloff.chart:77702:77702:xmloff/source/chart/SchXMLChartContext.cxx:938: Must not get here
warn:xmloff.chart:77702:77702:xmloff/source/chart/SchXMLChartContext.cxx:938: Must not get here
warn:xmloff.chart:77702:77702:xmloff/source/chart/SchXMLChartContext.cxx:938: Must not get here
warn:xmloff.chart:77702:77702:xmloff/source/chart/SchXMLChartContext.cxx:938: Must not get here
warn:xmloff.chart:77702:77702:xmloff/source/chart/SchXMLChartContext.cxx:938: Must not get here
warn:xmloff.chart:77702:77702:xmloff/source/chart/SchXMLChartContext.cxx:938: Must not get here
warn:xmloff.chart:77702:77702:xmloff/source/chart/SchXMLChartContext.cxx:938: Must not get here
warn:xmloff.chart:77702:77702:xmloff/source/chart/SchXMLChartContext.cxx:938: Must not get here
warn:xmloff.chart:77702:77702:xmloff/source/chart/SchXMLChartContext.cxx:938: Must not get here
warn:xmloff.chart:77702:77702:xmloff/source/chart/SchXMLChartContext.cxx:938: Must not get here
warn:xmloff.chart:77702:77702:xmloff/source/chart/SchXMLChartContext.cxx:938: Must not get here
warn:xmloff.chart:77702:77702:xmloff/source/chart/SchXMLChartContext.cxx:938: Must not get here
warn:xmloff.chart:77702:77702:xmloff/source/chart/SchXMLChartContext.cxx:938: Must not get here
warn:xmloff.chart:77702:77702:xmloff/source/chart/SchXMLChartContext.cxx:938: Must not get here
warn:xmloff.chart:77702:77702:xmloff/source/chart/SchXMLChartContext.cxx:938: Must not get here
warn:xmloff.chart:77702:77702:xmloff/source/chart/SchXMLChartContext.cxx:938: Must not get here
warn:xmloff.chart:77702:77702:xmloff/source/chart/SchXMLChartContext.cxx:938: Must not get here
warn:xmloff.chart:77702:77702:xmloff/source/chart/SchXMLChartContext.cxx:938: Must not get here
warn:xmloff.chart:77702:77702:xmloff/source/chart/SchXMLChartContext.cxx:938: Must not get here
warn:xmloff.chart:77702:77702:xmloff/source/chart/SchXMLChartContext.cxx:938: Must not get here
warn:xmloff.chart:77702:77702:xmloff/source/chart/SchXMLChartContext.cxx:938: Must not get here
warn:xmloff.chart:77702:77702:xmloff/source/chart/SchXMLChartContext.cxx:938: Must not get here
warn:xmloff.chart:77702:77702:xmloff/source/chart/SchXMLChartContext.cxx:938: Must not get here
warn:xmloff.chart:77702:77702:xmloff/source/chart/SchXMLChartContext.cxx:938: Must not get here
warn:xmloff.chart:77702:77702:xmloff/source/chart/SchXMLChartContext.cxx:938: Must not get here
warn:xmloff.chart:77702:77702:xmloff/source/chart/SchXMLChartContext.cxx:938: Must not get here
warn:xmloff.chart:77702:77702:xmloff/source/chart/SchXMLChartContext.cxx:938: Must not get here
warn:xmloff.chart:77702:77702:xmloff/source/chart/SchXMLChartContext.cxx:938: Must not get here
warn:xmloff.chart:77702:77702:xmloff/source/chart/SchXMLChartContext.cxx:938: Must not get here
warn:xmloff.chart:77702:77702:xmloff/source/chart/SchXMLChartContext.cxx:938: Must not get here
warn:xmloff.chart:77702:77702:xmloff/source/chart/SchXMLChartContext.cxx:938: Must not get here
warn:xmloff.chart:77702:77702:xmloff/source/chart/SchXMLChartContext.cxx:938: Must not get here
warn:xmloff.chart:77702:77702:xmloff/source/chart/SchXMLChartContext.cxx:938: Must not get here
warn:xmloff.chart:77702:77702:xmloff/source/chart/SchXMLChartContext.cxx:938: Must not get here
warn:xmloff.chart:77702:77702:xmloff/source/chart/SchXMLChartContext.cxx:938: Must not get here
warn:legacy.osl:77702:77702:chart2/source/view/charttypes/NetChart.cxx:594: this label alignment is not implemented yet
warn:legacy.osl:77702:77702:chart2/source/view/charttypes/NetChart.cxx:594: this label alignment is not implemented yet
warn:legacy.osl:77702:77702:chart2/source/view/charttypes/NetChart.cxx:594: this label alignment is not implemented yet
warn:legacy.osl:77702:77702:chart2/source/view/charttypes/NetChart.cxx:594: this label alignment is not implemented yet
warn:legacy.osl:77702:77702:chart2/source/view/charttypes/NetChart.cxx:594: this label alignment is not implemented yet
warn:legacy.osl:77702:77702:chart2/source/view/charttypes/NetChart.cxx:594: this label alignment is not implemented yet
warn:legacy.osl:77702:77702:chart2/source/view/charttypes/NetChart.cxx:594: this label alignment is not implemented yet
warn:legacy.osl:77702:77702:chart2/source/view/charttypes/NetChart.cxx:594: this label alignment is not implemented yet
warn:legacy.osl:77702:77702:chart2/source/view/charttypes/NetChart.cxx:594: this label alignment is not implemented yet
warn:legacy.osl:77702:77702:chart2/source/view/charttypes/NetChart.cxx:594: this label alignment is not implemented yet
warn:xmloff.chart:77702:77702:xmloff/source/chart/SchXMLChartContext.cxx:938: Must not get here
warn:legacy.osl:77702:77702:chart2/source/view/charttypes/NetChart.cxx:594: this label alignment is not implemented yet
warn:legacy.osl:77702:77702:chart2/source/view/charttypes/NetChart.cxx:594: this label alignment is not implemented yet
warn:legacy.osl:77702:77702:chart2/source/view/charttypes/NetChart.cxx:594: this label alignment is not implemented yet
warn:legacy.osl:77702:77702:chart2/source/view/charttypes/NetChart.cxx:594: this label alignment is not implemented yet
warn:legacy.osl:77702:77702:chart2/source/view/charttypes/NetChart.cxx:594: this label alignment is not implemented yet
warn:legacy.osl:77702:77702:chart2/source/view/charttypes/NetChart.cxx:594: this label alignment is not implemented yet
warn:legacy.osl:77702:77702:chart2/source/view/charttypes/NetChart.cxx:594: this label alignment is not implemented yet
warn:legacy.osl:77702:77702:chart2/source/view/charttypes/NetChart.cxx:594: this label alignment is not implemented yet
warn:legacy.osl:77702:77702:chart2/source/view/charttypes/NetChart.cxx:594: this label alignment is not implemented yet
warn:legacy.osl:77702:77702:chart2/source/view/charttypes/NetChart.cxx:594: this label alignment is not implemented yet
warn:xmloff.chart:77702:77702:xmloff/source/chart/SchXMLChartContext.cxx:938: Must not get here
warn:legacy.osl:77702:77702:chart2/source/view/charttypes/NetChart.cxx:594: this label alignment is not implemented yet
warn:legacy.osl:77702:77702:chart2/source/view/charttypes/NetChart.cxx:594: this label alignment is not implemented yet
warn:legacy.osl:77702:77702:chart2/source/view/charttypes/NetChart.cxx:594: this label alignment is not implemented yet
warn:legacy.osl:77702:77702:chart2/source/view/charttypes/NetChart.cxx:594: this label alignment is not implemented yet
warn:legacy.osl:77702:77702:chart2/source/view/charttypes/NetChart.cxx:594: this label alignment is not implemented yet
warn:legacy.osl:77702:77702:chart2/source/view/charttypes/NetChart.cxx:594: this label alignment is not implemented yet
warn:legacy.osl:77702:77702:chart2/source/view/charttypes/NetChart.cxx:594: this label alignment is not implemented yet
warn:legacy.osl:77702:77702:chart2/source/view/charttypes/NetChart.cxx:594: this label alignment is not implemented yet
warn:legacy.osl:77702:77702:chart2/source/view/charttypes/NetChart.cxx:594: this label alignment is not implemented yet
warn:legacy.osl:77702:77702:chart2/source/view/charttypes/NetChart.cxx:594: this label alignment is not implemented yet
warn:xmloff.chart:77702:77702:xmloff/source/chart/SchXMLChartContext.cxx:938: Must not get here
warn:legacy.osl:77702:77702:chart2/source/view/charttypes/NetChart.cxx:594: this label alignment is not implemented yet
warn:legacy.osl:77702:77702:chart2/source/view/charttypes/NetChart.cxx:594: this label alignment is not implemented yet
warn:legacy.osl:77702:77702:chart2/source/view/charttypes/NetChart.cxx:594: this label alignment is not implemented yet
warn:legacy.osl:77702:77702:chart2/source/view/charttypes/NetChart.cxx:594: this label alignment is not implemented yet
warn:legacy.osl:77702:77702:chart2/source/view/charttypes/NetChart.cxx:594: this label alignment is not implemented yet
warn:legacy.osl:77702:77702:chart2/source/view/charttypes/NetChart.cxx:594: this label alignment is not implemented yet
warn:legacy.osl:77702:77702:chart2/source/view/charttypes/NetChart.cxx:594: this label alignment is not implemented yet
warn:legacy.osl:77702:77702:chart2/source/view/charttypes/NetChart.cxx:594: this label alignment is not implemented yet
warn:legacy.osl:77702:77702:chart2/source/view/charttypes/NetChart.cxx:594: this label alignment is not implemented yet
warn:legacy.osl:77702:77702:chart2/source/view/charttypes/NetChart.cxx:594: this label alignment is not implemented yet
warn:xmloff:77702:77702:xmloff/source/text/XMLTextListAutoStylePool.cxx:161: getStyleFamilies() from XModel failed for export!
warn:xmloff:77702:77702:xmloff/source/text/XMLTextListAutoStylePool.cxx:161: getStyleFamilies() from XModel failed for export!
warn:xmloff:77702:77702:xmloff/source/text/XMLTextListAutoStylePool.cxx:161: getStyleFamilies() from XModel failed for export!
warn:chart2.tools:77702:77702:chart2/source/tools/WrappedPropertySet.cxx:137: found no inner property set to map to
warn:xmloff:77702:77702:xmloff/source/text/XMLTextListAutoStylePool.cxx:161: getStyleFamilies() from XModel failed for export!
warn:xmloff:77702:77702:xmloff/source/text/XMLTextListAutoStylePool.cxx:161: getStyleFamilies() from XModel failed for export!
warn:xmloff:77702:77702:xmloff/source/text/XMLTextListAutoStylePool.cxx:161: getStyleFamilies() from XModel failed for export!
warn:chart2.tools:77702:77702:chart2/source/tools/WrappedPropertySet.cxx:137: found no inner property set to map to
warn:xmloff:77702:77702:xmloff/source/text/XMLTextListAutoStylePool.cxx:161: getStyleFamilies() from XModel failed for export!
warn:xmloff:77702:77702:xmloff/source/text/XMLTextListAutoStylePool.cxx:161: getStyleFamilies() from XModel failed for export!
warn:xmloff:77702:77702:xmloff/source/text/XMLTextListAutoStylePool.cxx:161: getStyleFamilies() from XModel failed for export!
warn:chart2.tools:77702:77702:chart2/source/tools/WrappedPropertySet.cxx:137: found no inner property set to map to
warn:xmloff:77702:77702:xmloff/source/text/XMLTextListAutoStylePool.cxx:161: getStyleFamilies() from XModel failed for export!
warn:xmloff:77702:77702:xmloff/source/text/XMLTextListAutoStylePool.cxx:161: getStyleFamilies() from XModel failed for export!
warn:xmloff:77702:77702:xmloff/source/text/XMLTextListAutoStylePool.cxx:161: getStyleFamilies() from XModel failed for export!
warn:chart2.tools:77702:77702:chart2/source/tools/WrappedPropertySet.cxx:137: found no inner property set to map to
warn:xmloff:77702:77702:xmloff/source/text/XMLTextListAutoStylePool.cxx:161: getStyleFamilies() from XModel failed for export!
warn:xmloff:77702:77702:xmloff/source/text/XMLTextListAutoStylePool.cxx:161: getStyleFamilies() from XModel failed for export!
warn:xmloff:77702:77702:xmloff/source/text/XMLTextListAutoStylePool.cxx:161: getStyleFamilies() from XModel failed for export!
warn:chart2.tools:77702:77702:chart2/source/tools/WrappedPropertySet.cxx:137: found no inner property set to map to
warn:xmloff:77702:77702:xmloff/source/text/XMLTextListAutoStylePool.cxx:161: getStyleFamilies() from XModel failed for export!
warn:xmloff:77702:77702:xmloff/source/text/XMLTextListAutoStylePool.cxx:161: getStyleFamilies() from XModel failed for export!
warn:xmloff:77702:77702:xmloff/source/text/XMLTextListAutoStylePool.cxx:161: getStyleFamilies() from XModel failed for export!
warn:chart2.tools:77702:77702:chart2/source/tools/WrappedPropertySet.cxx:137: found no inner property set to map to
warn:xmloff:77702:77702:xmloff/source/text/XMLTextListAutoStylePool.cxx:161: getStyleFamilies() from XModel failed for export!
warn:xmloff:77702:77702:xmloff/source/text/XMLTextListAutoStylePool.cxx:161: getStyleFamilies() from XModel failed for export!
warn:xmloff:77702:77702:xmloff/source/text/XMLTextListAutoStylePool.cxx:161: getStyleFamilies() from XModel failed for export!
warn:chart2.tools:77702:77702:chart2/source/tools/WrappedPropertySet.cxx:137: found no inner property set to map to
warn:xmloff:77702:77702:xmloff/source/text/XMLTextListAutoStylePool.cxx:161: getStyleFamilies() from XModel failed for export!
warn:xmloff:77702:77702:xmloff/source/text/XMLTextListAutoStylePool.cxx:161: getStyleFamilies() from XModel failed for export!
warn:xmloff:77702:77702:xmloff/source/text/XMLTextListAutoStylePool.cxx:161: getStyleFamilies() from XModel failed for export!
warn:chart2.tools:77702:77702:chart2/source/tools/WrappedPropertySet.cxx:137: found no inner property set to map to
warn:xmloff:77702:77702:xmloff/source/text/XMLTextListAutoStylePool.cxx:161: getStyleFamilies() from XModel failed for export!
warn:xmloff:77702:77702:xmloff/source/text/XMLTextListAutoStylePool.cxx:161: getStyleFamilies() from XModel failed for export!
warn:xmloff:77702:77702:xmloff/source/text/XMLTextListAutoStylePool.cxx:161: getStyleFamilies() from XModel failed for export!
warn:chart2.tools:77702:77702:chart2/source/tools/WrappedPropertySet.cxx:137: found no inner property set to map to
warn:xmloff:77702:77702:xmloff/source/text/XMLTextListAutoStylePool.cxx:161: getStyleFamilies() from XModel failed for export!
warn:xmloff:77702:77702:xmloff/source/text/XMLTextListAutoStylePool.cxx:161: getStyleFamilies() from XModel failed for export!
warn:xmloff:77702:77702:xmloff/source/text/XMLTextListAutoStylePool.cxx:161: getStyleFamilies() from XModel failed for export!
warn:chart2.tools:77702:77702:chart2/source/tools/WrappedPropertySet.cxx:137: found no inner property set to map to
warn:xmloff:77702:77702:xmloff/source/text/XMLTextListAutoStylePool.cxx:161: getStyleFamilies() from XModel failed for export!
warn:xmloff:77702:77702:xmloff/source/text/XMLTextListAutoStylePool.cxx:161: getStyleFamilies() from XModel failed for export!
warn:xmloff:77702:77702:xmloff/source/text/XMLTextListAutoStylePool.cxx:161: getStyleFamilies() from XModel failed for export!
warn:chart2.tools:77702:77702:chart2/source/tools/WrappedPropertySet.cxx:137: found no inner property set to map to
warn:xmloff:77702:77702:xmloff/source/text/XMLTextListAutoStylePool.cxx:161: getStyleFamilies() from XModel failed for export!
warn:xmloff:77702:77702:xmloff/source/text/XMLTextListAutoStylePool.cxx:161: getStyleFamilies() from XModel failed for export!
warn:xmloff:77702:77702:xmloff/source/text/XMLTextListAutoStylePool.cxx:161: getStyleFamilies() from XModel failed for export!
warn:chart2.tools:77702:77702:chart2/source/tools/WrappedPropertySet.cxx:137: found no inner property set to map to
warn:xmloff:77702:77702:xmloff/source/text/XMLTextListAutoStylePool.cxx:161: getStyleFamilies() from XModel failed for export!
warn:xmloff:77702:77702:xmloff/source/text/XMLTextListAutoStylePool.cxx:161: getStyleFamilies() from XModel failed for export!
warn:xmloff:77702:77702:xmloff/source/text/XMLTextListAutoStylePool.cxx:161: getStyleFamilies() from XModel failed for export!
warn:chart2.tools:77702:77702:chart2/source/tools/WrappedPropertySet.cxx:137: found no inner property set to map to
warn:xmloff:77702:77702:xmloff/source/text/XMLTextListAutoStylePool.cxx:161: getStyleFamilies() from XModel failed for export!
warn:xmloff:77702:77702:xmloff/source/text/XMLTextListAutoStylePool.cxx:161: getStyleFamilies() from XModel failed for export!
warn:xmloff:77702:77702:xmloff/source/text/XMLTextListAutoStylePool.cxx:161: getStyleFamilies() from XModel failed for export!
warn:chart2.tools:77702:77702:chart2/source/tools/WrappedPropertySet.cxx:137: found no inner property set to map to
warn:xmloff:77702:77702:xmloff/source/text/XMLTextListAutoStylePool.cxx:161: getStyleFamilies() from XModel failed for export!
warn:xmloff:77702:77702:xmloff/source/text/XMLTextListAutoStylePool.cxx:161: getStyleFamilies() from XModel failed for export!
warn:xmloff:77702:77702:xmloff/source/text/XMLTextListAutoStylePool.cxx:161: getStyleFamilies() from XModel failed for export!
warn:chart2.tools:77702:77702:chart2/source/tools/WrappedPropertySet.cxx:137: found no inner property set to map to
warn:xmloff:77702:77702:xmloff/source/text/XMLTextListAutoStylePool.cxx:161: getStyleFamilies() from XModel failed for export!
warn:xmloff:77702:77702:xmloff/source/text/XMLTextListAutoStylePool.cxx:161: getStyleFamilies() from XModel failed for export!
warn:xmloff:77702:77702:xmloff/source/text/XMLTextListAutoStylePool.cxx:161: getStyleFamilies() from XModel failed for export!
warn:chart2.tools:77702:77702:chart2/source/tools/WrappedPropertySet.cxx:137: found no inner property set to map to
warn:xmloff:77702:77702:xmloff/source/text/XMLTextListAutoStylePool.cxx:161: getStyleFamilies() from XModel failed for export!
warn:xmloff:77702:77702:xmloff/source/text/XMLTextListAutoStylePool.cxx:161: getStyleFamilies() from XModel failed for export!
warn:xmloff:77702:77702:xmloff/source/text/XMLTextListAutoStylePool.cxx:161: getStyleFamilies() from XModel failed for export!
warn:chart2.tools:77702:77702:chart2/source/tools/WrappedPropertySet.cxx:137: found no inner property set to map to
warn:xmloff:77702:77702:xmloff/source/text/XMLTextListAutoStylePool.cxx:161: getStyleFamilies() from XModel failed for export!
warn:xmloff:77702:77702:xmloff/source/text/XMLTextListAutoStylePool.cxx:161: getStyleFamilies() from XModel failed for export!
warn:xmloff:77702:77702:xmloff/source/text/XMLTextListAutoStylePool.cxx:161: getStyleFamilies() from XModel failed for export!
warn:chart2.tools:77702:77702:chart2/source/tools/WrappedPropertySet.cxx:137: found no inner property set to map to
warn:xmloff:77702:77702:xmloff/source/text/XMLTextListAutoStylePool.cxx:161: getStyleFamilies() from XModel failed for export!
warn:xmloff:77702:77702:xmloff/source/text/XMLTextListAutoStylePool.cxx:161: getStyleFamilies() from XModel failed for export!
warn:xmloff:77702:77702:xmloff/source/text/XMLTextListAutoStylePool.cxx:161: getStyleFamilies() from XModel failed for export!
warn:chart2.tools:77702:77702:chart2/source/tools/WrappedPropertySet.cxx:137: found no inner property set to map to
warn:xmloff:77702:77702:xmloff/source/text/XMLTextListAutoStylePool.cxx:161: getStyleFamilies() from XModel failed for export!
warn:xmloff:77702:77702:xmloff/source/text/XMLTextListAutoStylePool.cxx:161: getStyleFamilies() from XModel failed for export!
warn:xmloff:77702:77702:xmloff/source/text/XMLTextListAutoStylePool.cxx:161: getStyleFamilies() from XModel failed for export!
warn:chart2.tools:77702:77702:chart2/source/tools/WrappedPropertySet.cxx:137: found no inner property set to map to
warn:legacy.osl:77702:77702:sc/source/core/data/drwlayer.cxx:1810: no page
warn:legacy.osl:77702:77702:sc/source/core/data/drwlayer.cxx:1810: no page
warn:legacy.osl:77702:77702:sc/source/core/data/drwlayer.cxx:1810: no page
warn:legacy.osl:77702:77702:sc/source/core/data/drwlayer.cxx:1810: no page
warn:legacy.osl:77702:77702:sc/source/core/data/drwlayer.cxx:1810: no page
warn:legacy.osl:77702:77702:sc/source/core/data/drwlayer.cxx:1810: no page
warn:legacy.osl:77702:77702:sc/source/core/data/drwlayer.cxx:1810: no page
warn:legacy.osl:77702:77702:sc/source/core/data/drwlayer.cxx:1810: no page
warn:legacy.osl:77702:77702:sc/source/core/data/drwlayer.cxx:1810: no page
warn:legacy.osl:77702:77702:sc/source/core/data/drwlayer.cxx:1810: no page
warn:legacy.osl:77702:77702:sc/source/core/data/drwlayer.cxx:1810: no page
warn:legacy.osl:77702:77702:sc/source/core/data/drwlayer.cxx:1810: no page
warn:legacy.osl:77702:77702:sc/source/core/data/drwlayer.cxx:1810: no page
warn:legacy.osl:77702:77702:sc/source/core/data/drwlayer.cxx:1810: no page
warn:legacy.osl:77702:77702:sc/source/core/data/drwlayer.cxx:1810: no page
warn:legacy.osl:77702:77702:sc/source/core/data/drwlayer.cxx:1810: no page
warn:legacy.osl:77702:77702:sc/source/core/data/drwlayer.cxx:1810: no page
warn:legacy.osl:77702:77702:sc/source/core/data/drwlayer.cxx:1810: no page
warn:legacy.osl:77702:77702:sc/source/core/data/drwlayer.cxx:1810: no page
warn:legacy.osl:77702:77702:sc/source/core/data/drwlayer.cxx:1810: no page
warn:lok:77702:77702:desktop/source/lib/init.cxx:285: lok exception 'Unsupported flavor text/plain;charset=utf-16 exception '
warn:xmloff:77702:77702:xmloff/source/text/XMLTextListAutoStylePool.cxx:161: getStyleFamilies() from XModel failed for export!
warn:xmloff:77702:77702:xmloff/source/text/XMLTextListAutoStylePool.cxx:161: getStyleFamilies() from XModel failed for export!
warn:xmloff:77702:77702:xmloff/source/text/XMLTextListAutoStylePool.cxx:161: getStyleFamilies() from XModel failed for export!
warn:chart2.tools:77702:77702:chart2/source/tools/WrappedPropertySet.cxx:137: found no inner property set to map to
warn:xmloff:77702:77702:xmloff/source/text/XMLTextListAutoStylePool.cxx:161: getStyleFamilies() from XModel failed for export!
warn:xmloff:77702:77702:xmloff/source/text/XMLTextListAutoStylePool.cxx:161: getStyleFamilies() from XModel failed for export!
warn:xmloff:77702:77702:xmloff/source/text/XMLTextListAutoStylePool.cxx:161: getStyleFamilies() from XModel failed for export!
warn:chart2.tools:77702:77702:chart2/source/tools/WrappedPropertySet.cxx:137: found no inner property set to map to
warn:xmloff:77702:77702:xmloff/source/text/XMLTextListAutoStylePool.cxx:161: getStyleFamilies() from XModel failed for export!
warn:xmloff:77702:77702:xmloff/source/text/XMLTextListAutoStylePool.cxx:161: getStyleFamilies() from XModel failed for export!
warn:xmloff:77702:77702:xmloff/source/text/XMLTextListAutoStylePool.cxx:161: getStyleFamilies() from XModel failed for export!
warn:chart2.tools:77702:77702:chart2/source/tools/WrappedPropertySet.cxx:137: found no inner property set to map to
warn:xmloff:77702:77702:xmloff/source/text/XMLTextListAutoStylePool.cxx:161: getStyleFamilies() from XModel failed for export!
warn:xmloff:77702:77702:xmloff/source/text/XMLTextListAutoStylePool.cxx:161: getStyleFamilies() from XModel failed for export!
warn:xmloff:77702:77702:xmloff/source/text/XMLTextListAutoStylePool.cxx:161: getStyleFamilies() from XModel failed for export!
warn:chart2.tools:77702:77702:chart2/source/tools/WrappedPropertySet.cxx:137: found no inner property set to map to
warn:xmloff:77702:77702:xmloff/source/text/XMLTextListAutoStylePool.cxx:161: getStyleFamilies() from XModel failed for export!
warn:xmloff:77702:77702:xmloff/source/text/XMLTextListAutoStylePool.cxx:161: getStyleFamilies() from XModel failed for export!
warn:xmloff:77702:77702:xmloff/source/text/XMLTextListAutoStylePool.cxx:161: getStyleFamilies() from XModel failed for export!
warn:chart2.tools:77702:77702:chart2/source/tools/WrappedPropertySet.cxx:137: found no inner property set to map to
warn:xmloff:77702:77702:xmloff/source/text/XMLTextListAutoStylePool.cxx:161: getStyleFamilies() from XModel failed for export!
warn:xmloff:77702:77702:xmloff/source/text/XMLTextListAutoStylePool.cxx:161: getStyleFamilies() from XModel failed for export!
warn:xmloff:77702:77702:xmloff/source/text/XMLTextListAutoStylePool.cxx:161: getStyleFamilies() from XModel failed for export!
warn:chart2.tools:77702:77702:chart2/source/tools/WrappedPropertySet.cxx:137: found no inner property set to map to
warn:xmloff:77702:77702:xmloff/source/text/XMLTextListAutoStylePool.cxx:161: getStyleFamilies() from XModel failed for export!
warn:xmloff:77702:77702:xmloff/source/text/XMLTextListAutoStylePool.cxx:161: getStyleFamilies() from XModel failed for export!
warn:xmloff:77702:77702:xmloff/source/text/XMLTextListAutoStylePool.cxx:161: getStyleFamilies() from XModel failed for export!
warn:chart2.tools:77702:77702:chart2/source/tools/WrappedPropertySet.cxx:137: found no inner property set to map to
warn:xmloff:77702:77702:xmloff/source/text/XMLTextListAutoStylePool.cxx:161: getStyleFamilies() from XModel failed for export!
warn:xmloff:77702:77702:xmloff/source/text/XMLTextListAutoStylePool.cxx:161: getStyleFamilies() from XModel failed for export!
warn:xmloff:77702:77702:xmloff/source/text/XMLTextListAutoStylePool.cxx:161: getStyleFamilies() from XModel failed for export!
warn:chart2.tools:77702:77702:chart2/source/tools/WrappedPropertySet.cxx:137: found no inner property set to map to
warn:xmloff:77702:77702:xmloff/source/text/XMLTextListAutoStylePool.cxx:161: getStyleFamilies() from XModel failed for export!
warn:xmloff:77702:77702:xmloff/source/text/XMLTextListAutoStylePool.cxx:161: getStyleFamilies() from XModel failed for export!
warn:xmloff:77702:77702:xmloff/source/text/XMLTextListAutoStylePool.cxx:161: getStyleFamilies() from XModel failed for export!
warn:chart2.tools:77702:77702:chart2/source/tools/WrappedPropertySet.cxx:137: found no inner property set to map to
warn:xmloff:77702:77702:xmloff/source/text/XMLTextListAutoStylePool.cxx:161: getStyleFamilies() from XModel failed for export!
warn:xmloff:77702:77702:xmloff/source/text/XMLTextListAutoStylePool.cxx:161: getStyleFamilies() from XModel failed for export!
warn:xmloff:77702:77702:xmloff/source/text/XMLTextListAutoStylePool.cxx:161: getStyleFamilies() from XModel failed for export!
warn:chart2.tools:77702:77702:chart2/source/tools/WrappedPropertySet.cxx:137: found no inner property set to map to
warn:xmloff:77702:77702:xmloff/source/text/XMLTextListAutoStylePool.cxx:161: getStyleFamilies() from XModel failed for export!
warn:xmloff:77702:77702:xmloff/source/text/XMLTextListAutoStylePool.cxx:161: getStyleFamilies() from XModel failed for export!
warn:xmloff:77702:77702:xmloff/source/text/XMLTextListAutoStylePool.cxx:161: getStyleFamilies() from XModel failed for export!
warn:chart2.tools:77702:77702:chart2/source/tools/WrappedPropertySet.cxx:137: found no inner property set to map to
warn:xmloff:77702:77702:xmloff/source/text/XMLTextListAutoStylePool.cxx:161: getStyleFamilies() from XModel failed for export!
warn:xmloff:77702:77702:xmloff/source/text/XMLTextListAutoStylePool.cxx:161: getStyleFamilies() from XModel failed for export!
warn:xmloff:77702:77702:xmloff/source/text/XMLTextListAutoStylePool.cxx:161: getStyleFamilies() from XModel failed for export!
warn:chart2.tools:77702:77702:chart2/source/tools/WrappedPropertySet.cxx:137: found no inner property set to map to
warn:xmloff:77702:77702:xmloff/source/text/XMLTextListAutoStylePool.cxx:161: getStyleFamilies() from XModel failed for export!
warn:xmloff:77702:77702:xmloff/source/text/XMLTextListAutoStylePool.cxx:161: getStyleFamilies() from XModel failed for export!
warn:xmloff:77702:77702:xmloff/source/text/XMLTextListAutoStylePool.cxx:161: getStyleFamilies() from XModel failed for export!
warn:chart2.tools:77702:77702:chart2/source/tools/WrappedPropertySet.cxx:137: found no inner property set to map to
warn:xmloff:77702:77702:xmloff/source/text/XMLTextListAutoStylePool.cxx:161: getStyleFamilies() from XModel failed for export!
warn:xmloff:77702:77702:xmloff/source/text/XMLTextListAutoStylePool.cxx:161: getStyleFamilies() from XModel failed for export!
warn:xmloff:77702:77702:xmloff/source/text/XMLTextListAutoStylePool.cxx:161: getStyleFamilies() from XModel failed for export!
warn:chart2.tools:77702:77702:chart2/source/tools/WrappedPropertySet.cxx:137: found no inner property set to map to
warn:xmloff:77702:77702:xmloff/source/text/XMLTextListAutoStylePool.cxx:161: getStyleFamilies() from XModel failed for export!
warn:xmloff:77702:77702:xmloff/source/text/XMLTextListAutoStylePool.cxx:161: getStyleFamilies() from XModel failed for export!
warn:xmloff:77702:77702:xmloff/source/text/XMLTextListAutoStylePool.cxx:161: getStyleFamilies() from XModel failed for export!
warn:chart2.tools:77702:77702:chart2/source/tools/WrappedPropertySet.cxx:137: found no inner property set to map to
warn:xmloff:77702:77702:xmloff/source/text/XMLTextListAutoStylePool.cxx:161: getStyleFamilies() from XModel failed for export!
warn:xmloff:77702:77702:xmloff/source/text/XMLTextListAutoStylePool.cxx:161: getStyleFamilies() from XModel failed for export!
warn:xmloff:77702:77702:xmloff/source/text/XMLTextListAutoStylePool.cxx:161: getStyleFamilies() from XModel failed for export!
warn:chart2.tools:77702:77702:chart2/source/tools/WrappedPropertySet.cxx:137: found no inner property set to map to
warn:xmloff:77702:77702:xmloff/source/text/XMLTextListAutoStylePool.cxx:161: getStyleFamilies() from XModel failed for export!
warn:xmloff:77702:77702:xmloff/source/text/XMLTextListAutoStylePool.cxx:161: getStyleFamilies() from XModel failed for export!
warn:xmloff:77702:77702:xmloff/source/text/XMLTextListAutoStylePool.cxx:161: getStyleFamilies() from XModel failed for export!
warn:chart2.tools:77702:77702:chart2/source/tools/WrappedPropertySet.cxx:137: found no inner property set to map to
warn:xmloff:77702:77702:xmloff/source/text/XMLTextListAutoStylePool.cxx:161: getStyleFamilies() from XModel failed for export!
warn:xmloff:77702:77702:xmloff/source/text/XMLTextListAutoStylePool.cxx:161: getStyleFamilies() from XModel failed for export!
warn:xmloff:77702:77702:xmloff/source/text/XMLTextListAutoStylePool.cxx:161: getStyleFamilies() from XModel failed for export!
warn:chart2.tools:77702:77702:chart2/source/tools/WrappedPropertySet.cxx:137: found no inner property set to map to
warn:xmloff:77702:77702:xmloff/source/text/XMLTextListAutoStylePool.cxx:161: getStyleFamilies() from XModel failed for export!
warn:xmloff:77702:77702:xmloff/source/text/XMLTextListAutoStylePool.cxx:161: getStyleFamilies() from XModel failed for export!
warn:xmloff:77702:77702:xmloff/source/text/XMLTextListAutoStylePool.cxx:161: getStyleFamilies() from XModel failed for export!
warn:chart2.tools:77702:77702:chart2/source/tools/WrappedPropertySet.cxx:137: found no inner property set to map to
warn:xmloff:77702:77702:xmloff/source/text/XMLTextListAutoStylePool.cxx:161: getStyleFamilies() from XModel failed for export!
warn:xmloff:77702:77702:xmloff/source/text/XMLTextListAutoStylePool.cxx:161: getStyleFamilies() from XModel failed for export!
warn:xmloff:77702:77702:xmloff/source/text/XMLTextListAutoStylePool.cxx:161: getStyleFamilies() from XModel failed for export!
warn:chart2.tools:77702:77702:chart2/source/tools/WrappedPropertySet.cxx:137: found no inner property set to map to
warn:xmloff:77702:77702:xmloff/source/text/XMLTextListAutoStylePool.cxx:161: getStyleFamilies() from XModel failed for export!
warn:xmloff:77702:77702:xmloff/source/text/XMLTextListAutoStylePool.cxx:161: getStyleFamilies() from XModel failed for export!
warn:xmloff:77702:77702:xmloff/source/text/XMLTextListAutoStylePool.cxx:161: getStyleFamilies() from XModel failed for export!
warn:chart2.tools:77702:77702:chart2/source/tools/WrappedPropertySet.cxx:137: found no inner property set to map to
warn:xmloff:77702:77702:xmloff/source/text/XMLTextListAutoStylePool.cxx:161: getStyleFamilies() from XModel failed for export!
warn:xmloff:77702:77702:xmloff/source/text/XMLTextListAutoStylePool.cxx:161: getStyleFamilies() from XModel failed for export!
warn:xmloff:77702:77702:xmloff/source/text/XMLTextListAutoStylePool.cxx:161: getStyleFamilies() from XModel failed for export!
warn:chart2.tools:77702:77702:chart2/source/tools/WrappedPropertySet.cxx:137: found no inner property set to map to
warn:xmloff:77702:77702:xmloff/source/text/XMLTextListAutoStylePool.cxx:161: getStyleFamilies() from XModel failed for export!
warn:xmloff:77702:77702:xmloff/source/text/XMLTextListAutoStylePool.cxx:161: getStyleFamilies() from XModel failed for export!
warn:xmloff:77702:77702:xmloff/source/text/XMLTextListAutoStylePool.cxx:161: getStyleFamilies() from XModel failed for export!
warn:chart2.tools:77702:77702:chart2/source/tools/WrappedPropertySet.cxx:137: found no inner property set to map to
warn:xmloff:77702:77702:xmloff/source/text/XMLTextListAutoStylePool.cxx:161: getStyleFamilies() from XModel failed for export!
warn:xmloff:77702:77702:xmloff/source/text/XMLTextListAutoStylePool.cxx:161: getStyleFamilies() from XModel failed for export!
warn:xmloff:77702:77702:xmloff/source/text/XMLTextListAutoStylePool.cxx:161: getStyleFamilies() from XModel failed for export!
warn:chart2.tools:77702:77702:chart2/source/tools/WrappedPropertySet.cxx:137: found no inner property set to map to
warn:xmloff:77702:77702:xmloff/source/text/XMLTextListAutoStylePool.cxx:161: getStyleFamilies() from XModel failed for export!
warn:xmloff:77702:77702:xmloff/source/text/XMLTextListAutoStylePool.cxx:161: getStyleFamilies() from XModel failed for export!
warn:xmloff:77702:77702:xmloff/source/text/XMLTextListAutoStylePool.cxx:161: getStyleFamilies() from XModel failed for export!
warn:chart2.tools:77702:77702:chart2/source/tools/WrappedPropertySet.cxx:137: found no inner property set to map to
warn:xmloff:77702:77702:xmloff/source/text/XMLTextListAutoStylePool.cxx:161: getStyleFamilies() from XModel failed for export!
warn:xmloff:77702:77702:xmloff/source/text/XMLTextListAutoStylePool.cxx:161: getStyleFamilies() from XModel failed for export!
warn:xmloff:77702:77702:xmloff/source/text/XMLTextListAutoStylePool.cxx:161: getStyleFamilies() from XModel failed for export!
warn:chart2.tools:77702:77702:chart2/source/tools/WrappedPropertySet.cxx:137: found no inner property set to map to
warn:xmloff:77702:77702:xmloff/source/text/XMLTextListAutoStylePool.cxx:161: getStyleFamilies() from XModel failed for export!
warn:xmloff:77702:77702:xmloff/source/text/XMLTextListAutoStylePool.cxx:161: getStyleFamilies() from XModel failed for export!
warn:xmloff:77702:77702:xmloff/source/text/XMLTextListAutoStylePool.cxx:161: getStyleFamilies() from XModel failed for export!
warn:chart2.tools:77702:77702:chart2/source/tools/WrappedPropertySet.cxx:137: found no inner property set to map to
warn:xmloff:77702:77702:xmloff/source/text/XMLTextListAutoStylePool.cxx:161: getStyleFamilies() from XModel failed for export!
warn:xmloff:77702:77702:xmloff/source/text/XMLTextListAutoStylePool.cxx:161: getStyleFamilies() from XModel failed for export!
warn:xmloff:77702:77702:xmloff/source/text/XMLTextListAutoStylePool.cxx:161: getStyleFamilies() from XModel failed for export!
warn:chart2.tools:77702:77702:chart2/source/tools/WrappedPropertySet.cxx:137: found no inner property set to map to
warn:xmloff:77702:77702:xmloff/source/text/XMLTextListAutoStylePool.cxx:161: getStyleFamilies() from XModel failed for export!
warn:xmloff:77702:77702:xmloff/source/text/XMLTextListAutoStylePool.cxx:161: getStyleFamilies() from XModel failed for export!
warn:xmloff:77702:77702:xmloff/source/text/XMLTextListAutoStylePool.cxx:161: getStyleFamilies() from XModel failed for export!
warn:chart2.tools:77702:77702:chart2/source/tools/WrappedPropertySet.cxx:137: found no inner property set to map to
warn:xmloff:77702:77702:xmloff/source/text/XMLTextListAutoStylePool.cxx:161: getStyleFamilies() from XModel failed for export!
warn:xmloff:77702:77702:xmloff/source/text/XMLTextListAutoStylePool.cxx:161: getStyleFamilies() from XModel failed for export!
warn:xmloff:77702:77702:xmloff/source/text/XMLTextListAutoStylePool.cxx:161: getStyleFamilies() from XModel failed for export!
warn:chart2.tools:77702:77702:chart2/source/tools/WrappedPropertySet.cxx:137: found no inner property set to map to
warn:xmloff:77702:77702:xmloff/source/text/XMLTextListAutoStylePool.cxx:161: getStyleFamilies() from XModel failed for export!
warn:xmloff:77702:77702:xmloff/source/text/XMLTextListAutoStylePool.cxx:161: getStyleFamilies() from XModel failed for export!
warn:xmloff:77702:77702:xmloff/source/text/XMLTextListAutoStylePool.cxx:161: getStyleFamilies() from XModel failed for export!
warn:chart2.tools:77702:77702:chart2/source/tools/WrappedPropertySet.cxx:137: found no inner property set to map to
warn:xmloff:77702:77702:xmloff/source/text/XMLTextListAutoStylePool.cxx:161: getStyleFamilies() from XModel failed for export!
warn:xmloff:77702:77702:xmloff/source/text/XMLTextListAutoStylePool.cxx:161: getStyleFamilies() from XModel failed for export!
warn:xmloff:77702:77702:xmloff/source/text/XMLTextListAutoStylePool.cxx:161: getStyleFamilies() from XModel failed for export!
warn:chart2.tools:77702:77702:chart2/source/tools/WrappedPropertySet.cxx:137: found no inner property set to map to
warn:xmloff:77702:77702:xmloff/source/text/XMLTextListAutoStylePool.cxx:161: getStyleFamilies() from XModel failed for export!
warn:xmloff:77702:77702:xmloff/source/text/XMLTextListAutoStylePool.cxx:161: getStyleFamilies() from XModel failed for export!
warn:xmloff:77702:77702:xmloff/source/text/XMLTextListAutoStylePool.cxx:161: getStyleFamilies() from XModel failed for export!
warn:chart2.tools:77702:77702:chart2/source/tools/WrappedPropertySet.cxx:137: found no inner property set to map to
warn:xmloff:77702:77702:xmloff/source/text/XMLTextListAutoStylePool.cxx:161: getStyleFamilies() from XModel failed for export!
warn:xmloff:77702:77702:xmloff/source/text/XMLTextListAutoStylePool.cxx:161: getStyleFamilies() from XModel failed for export!
warn:xmloff:77702:77702:xmloff/source/text/XMLTextListAutoStylePool.cxx:161: getStyleFamilies() from XModel failed for export!
warn:chart2.tools:77702:77702:chart2/source/tools/WrappedPropertySet.cxx:137: found no inner property set to map to
warn:xmloff:77702:77702:xmloff/source/text/XMLTextListAutoStylePool.cxx:161: getStyleFamilies() from XModel failed for export!
warn:xmloff:77702:77702:xmloff/source/text/XMLTextListAutoStylePool.cxx:161: getStyleFamilies() from XModel failed for export!
warn:xmloff:77702:77702:xmloff/source/text/XMLTextListAutoStylePool.cxx:161: getStyleFamilies() from XModel failed for export!
warn:chart2.tools:77702:77702:chart2/source/tools/WrappedPropertySet.cxx:137: found no inner property set to map to
warn:xmloff:77702:77702:xmloff/source/text/XMLTextListAutoStylePool.cxx:161: getStyleFamilies() from XModel failed for export!
warn:xmloff:77702:77702:xmloff/source/text/XMLTextListAutoStylePool.cxx:161: getStyleFamilies() from XModel failed for export!
warn:xmloff:77702:77702:xmloff/source/text/XMLTextListAutoStylePool.cxx:161: getStyleFamilies() from XModel failed for export!
warn:chart2.tools:77702:77702:chart2/source/tools/WrappedPropertySet.cxx:137: found no inner property set to map to
warn:xmloff:77702:77702:xmloff/source/text/XMLTextListAutoStylePool.cxx:161: getStyleFamilies() from XModel failed for export!
warn:xmloff:77702:77702:xmloff/source/text/XMLTextListAutoStylePool.cxx:161: getStyleFamilies() from XModel failed for export!
warn:xmloff:77702:77702:xmloff/source/text/XMLTextListAutoStylePool.cxx:161: getStyleFamilies() from XModel failed for export!
warn:chart2.tools:77702:77702:chart2/source/tools/WrappedPropertySet.cxx:137: found no inner property set to map to
warn:xmloff:77702:77702:xmloff/source/text/XMLTextListAutoStylePool.cxx:161: getStyleFamilies() from XModel failed for export!
warn:xmloff:77702:77702:xmloff/source/text/XMLTextListAutoStylePool.cxx:161: getStyleFamilies() from XModel failed for export!
warn:xmloff:77702:77702:xmloff/source/text/XMLTextListAutoStylePool.cxx:161: getStyleFamilies() from XModel failed for export!
warn:chart2.tools:77702:77702:chart2/source/tools/WrappedPropertySet.cxx:137: found no inner property set to map to
warn:xmloff:77702:77702:xmloff/source/text/XMLTextListAutoStylePool.cxx:161: getStyleFamilies() from XModel failed for export!
warn:xmloff:77702:77702:xmloff/source/text/XMLTextListAutoStylePool.cxx:161: getStyleFamilies() from XModel failed for export!
warn:xmloff:77702:77702:xmloff/source/text/XMLTextListAutoStylePool.cxx:161: getStyleFamilies() from XModel failed for export!
warn:chart2.tools:77702:77702:chart2/source/tools/WrappedPropertySet.cxx:137: found no inner property set to map to
warn:xmloff:77702:77702:xmloff/source/text/XMLTextListAutoStylePool.cxx:161: getStyleFamilies() from XModel failed for export!
warn:xmloff:77702:77702:xmloff/source/text/XMLTextListAutoStylePool.cxx:161: getStyleFamilies() from XModel failed for export!
warn:xmloff:77702:77702:xmloff/source/text/XMLTextListAutoStylePool.cxx:161: getStyleFamilies() from XModel failed for export!
warn:chart2.tools:77702:77702:chart2/source/tools/WrappedPropertySet.cxx:137: found no inner property set to map to
warn:lok:77702:77702:desktop/source/lib/init.cxx:285: lok exception 'Unsupported flavor text/plain;charset=utf-16 exception '
warn:chart2:77702:77702:chart2/source/tools/LifeTime.cxx:119: This component is already disposed 
warn:chart2:77702:77702:chart2/source/tools/LifeTime.cxx:119: This component is already disposed 
warn:chart2:77702:77702:chart2/source/tools/LifeTime.cxx:119: This component is already disposed 
warn:chart2:77702:77702:chart2/source/tools/LifeTime.cxx:119: This component is already disposed 
warn:chart2:77702:77702:chart2/source/tools/LifeTime.cxx:119: This component is already disposed 
warn:chart2:77702:77702:chart2/source/tools/LifeTime.cxx:119: This component is already disposed 
warn:chart2:77702:77702:chart2/source/tools/LifeTime.cxx:119: This component is already disposed 
warn:chart2:77702:77702:chart2/source/tools/LifeTime.cxx:119: This component is already disposed 
warn:chart2:77702:77702:chart2/source/tools/LifeTime.cxx:119: This component is already disposed 
warn:chart2:77702:77702:chart2/source/tools/LifeTime.cxx:119: This component is already disposed 
warn:chart2:77702:77702:chart2/source/tools/LifeTime.cxx:119: This component is already disposed 
warn:chart2:77702:77702:chart2/source/tools/LifeTime.cxx:119: This component is already disposed 
warn:chart2:77702:77702:chart2/source/tools/LifeTime.cxx:119: This component is already disposed 
warn:chart2:77702:77702:chart2/source/tools/LifeTime.cxx:119: This component is already disposed 
warn:chart2:77702:77702:chart2/source/tools/LifeTime.cxx:119: This component is already disposed 
warn:chart2:77702:77702:chart2/source/tools/LifeTime.cxx:119: This component is already disposed 
warn:chart2:77702:77702:chart2/source/tools/LifeTime.cxx:119: This component is already disposed 
warn:chart2:77702:77702:chart2/source/tools/LifeTime.cxx:119: This component is already disposed 
warn:chart2:77702:77702:chart2/source/tools/LifeTime.cxx:119: This component is already disposed 
warn:chart2:77702:77702:chart2/source/tools/LifeTime.cxx:119: This component is already disposed 
warn:chart2:77702:77702:chart2/source/tools/LifeTime.cxx:119: This component is already disposed 
warn:chart2:77702:77702:chart2/source/tools/LifeTime.cxx:119: This component is already disposed 
warn:chart2:77702:77702:chart2/source/tools/LifeTime.cxx:119: This component is already disposed 
warn:chart2:77702:77702:chart2/source/tools/LifeTime.cxx:119: This component is already disposed 
warn:chart2:77702:77702:chart2/source/tools/LifeTime.cxx:119: This component is already disposed 
warn:chart2:77702:77702:chart2/source/tools/LifeTime.cxx:119: This component is already disposed 
warn:chart2:77702:77702:chart2/source/tools/LifeTime.cxx:119: This component is already disposed 
warn:chart2:77702:77702:chart2/source/tools/LifeTime.cxx:119: This component is already disposed 
warn:chart2:77702:77702:chart2/source/tools/LifeTime.cxx:119: This component is already disposed 
warn:chart2:77702:77702:chart2/source/tools/LifeTime.cxx:119: This component is already disposed 
warn:chart2:77702:77702:chart2/source/tools/LifeTime.cxx:119: This component is already disposed 
warn:chart2:77702:77702:chart2/source/tools/LifeTime.cxx:119: This component is already disposed 
warn:chart2:77702:77702:chart2/source/tools/LifeTime.cxx:119: This component is already disposed 
warn:chart2:77702:77702:chart2/source/tools/LifeTime.cxx:119: This component is already disposed 
warn:chart2:77702:77702:chart2/source/tools/LifeTime.cxx:119: This component is already disposed 
warn:chart2:77702:77702:chart2/source/tools/LifeTime.cxx:119: This component is already disposed 
warn:chart2:77702:77702:chart2/source/tools/LifeTime.cxx:119: This component is already disposed 
warn:chart2:77702:77702:chart2/source/tools/LifeTime.cxx:119: This component is already disposed 
warn:chart2:77702:77702:chart2/source/tools/LifeTime.cxx:119: This component is already disposed 
warn:chart2:77702:77702:chart2/source/tools/LifeTime.cxx:119: This component is already disposed 
warn:lok:77702:77702:desktop/source/lib/init.cxx:285: lok exception 'Unsupported flavor text/plain;charset=utf-16 exception '
warn:lok:77702:77702:desktop/source/lib/init.cxx:285: lok exception 'Unsupported flavor text/plain;charset=utf-16 exception '
warn:svx:77702:77702:svx/source/form/fmvwimp.cxx:177: DBG_UNHANDLED_EXCEPTION in FormViewPageWindowAdapter exception: com.sun.star.uno.DeploymentException message: "component context fails to supply service com.sun.star.form.runtime.FormController of type com.sun.star.form.runtime.XFormController" context: cppu::(anonymous namespace)::ComponentContext
warn:svx:77702:77702:svx/source/form/fmvwimp.cxx:177: DBG_UNHANDLED_EXCEPTION in FormViewPageWindowAdapter exception: com.sun.star.uno.DeploymentException message: "component context fails to supply service com.sun.star.form.runtime.FormController of type com.sun.star.form.runtime.XFormController" context: cppu::(anonymous namespace)::ComponentContext
warn:lok:77702:77702:desktop/source/lib/init.cxx:285: lok exception 'Unsupported flavor text/plain;charset=utf-16 exception '
warn:sc.filter:77702:77702:sc/source/core/tool/compiler.cxx:5656: 'num1' is an invalid name, using '_num1' instead.
warn:sc.filter:77702:77702:sc/source/core/tool/compiler.cxx:5656: 'num2' is an invalid name, using '_num2' instead.
warn:sc.filter:77702:77702:sc/source/core/tool/compiler.cxx:5656: 'num1' is an invalid name, using '_num1' instead.
warn:sc.filter:77702:77702:sc/source/core/tool/compiler.cxx:5656: 'num1' is an invalid name, using '_num1' instead.
warn:sc.filter:77702:77702:sc/source/core/tool/compiler.cxx:5656: 'num1' is an invalid name, using '_num1' instead.
warn:sc.filter:77702:77702:sc/source/core/tool/compiler.cxx:5656: 'num1' is an invalid name, using '_num1' instead.
warn:lok:77702:77702:desktop/source/lib/init.cxx:285: lok exception 'Unsupported flavor text/plain;charset=utf-16 exception '
warn:lok:77702:77702:desktop/source/lib/init.cxx:285: lok exception 'Unsupported flavor text/plain;charset=utf-16 exception '
warn:lok:77702:77702:desktop/source/lib/init.cxx:285: lok exception 'Unsupported flavor text/plain;charset=utf-16 exception '
warn:lok:77702:77702:desktop/source/lib/init.cxx:285: lok exception 'Unsupported flavor text/plain;charset=utf-16 exception '
warn:lok:77702:77702:desktop/source/lib/init.cxx:285: lok exception 'Unsupported flavor text/plain;charset=utf-16 exception '
warn:lok:77702:77702:desktop/source/lib/init.cxx:285: lok exception 'Unsupported flavor text/plain;charset=utf-16 exception '
warn:legacy.osl:77702:77702:sfx2/source/doc/objstor.cxx:3525: The storage must exist already!
warn:legacy.osl:77702:77702:sfx2/source/doc/objstor.cxx:3525: The storage must exist already!
warn:legacy.osl:77702:77702:package/source/manifest/ManifestImport.cxx:291: Default derived key length differs from the expected one!
warn:legacy.osl:77702:77702:package/source/manifest/ManifestImport.cxx:291: Default derived key length differs from the expected one!
warn:legacy.osl:77702:77702:package/source/manifest/ManifestImport.cxx:291: Default derived key length differs from the expected one!
warn:legacy.osl:77702:77702:package/source/manifest/ManifestImport.cxx:291: Default derived key length differs from the expected one!
warn:legacy.osl:77702:77702:package/source/manifest/ManifestImport.cxx:291: Default derived key length differs from the expected one!
warn:legacy.osl:77702:77702:package/source/manifest/ManifestImport.cxx:291: Default derived key length differs from the expected one!
warn:legacy.osl:77702:77702:package/source/manifest/ManifestImport.cxx:291: Default derived key length differs from the expected one!
warn:legacy.osl:77702:77702:package/source/manifest/ManifestImport.cxx:291: Default derived key length differs from the expected one!
warn:legacy.osl:77702:77702:package/source/manifest/ManifestImport.cxx:291: Default derived key length differs from the expected one!
warn:legacy.osl:77702:77702:package/source/manifest/ManifestImport.cxx:291: Default derived key length differs from the expected one!
warn:legacy.osl:77702:77702:sfx2/source/doc/objstor.cxx:3525: The storage must exist already!
warn:lok:77702:77702:desktop/source/lib/init.cxx:285: lok exception 'Unsupported flavor text/plain;charset=utf-16 exception '
warn:lok:77702:77702:desktop/source/lib/init.cxx:285: lok exception 'Unsupported flavor text/plain;charset=utf-16 exception '
warn:lok:77702:77702:desktop/source/lib/init.cxx:285: lok exception 'Unsupported flavor text/plain;charset=utf-16 exception '
warn:lok:77702:77702:desktop/source/lib/init.cxx:285: lok exception 'Unsupported flavor text/plain;charset=utf-16 exception '
warn:lok:77702:77702:desktop/source/lib/init.cxx:285: lok exception 'Unsupported flavor text/plain;charset=utf-16 exception '
warn:lok:77702:77702:desktop/source/lib/init.cxx:285: lok exception 'Unsupported flavor text/plain;charset=utf-16 exception '
warn:lok:77702:77702:desktop/source/lib/init.cxx:285: lok exception 'Unsupported flavor text/plain;charset=utf-16 exception '
warn:lok:77702:77702:desktop/source/lib/init.cxx:285: lok exception 'Unsupported flavor text/plain;charset=utf-16 exception '
warn:lok:77702:77702:desktop/source/lib/init.cxx:285: lok exception 'Unsupported flavor text/plain;charset=utf-16 exception '
warn:lok:77702:77702:desktop/source/lib/init.cxx:285: lok exception 'Unsupported flavor text/plain;charset=utf-16 exception '
warn:svx:77702:77702:svx/source/form/fmvwimp.cxx:177: DBG_UNHANDLED_EXCEPTION in FormViewPageWindowAdapter exception: com.sun.star.uno.DeploymentException message: "component context fails to supply service com.sun.star.form.runtime.FormController of type com.sun.star.form.runtime.XFormController" context: cppu::(anonymous namespace)::ComponentContext
warn:svx:77702:77702:svx/source/form/fmvwimp.cxx:177: DBG_UNHANDLED_EXCEPTION in FormViewPageWindowAdapter exception: com.sun.star.uno.DeploymentException message: "component context fails to supply service com.sun.star.form.runtime.FormController of type com.sun.star.form.runtime.XFormController" context: cppu::(anonymous namespace)::ComponentContext
warn:lok:77702:77702:desktop/source/lib/init.cxx:285: lok exception 'Unsupported flavor text/plain;charset=utf-16 exception '
warn:lok:77702:77702:desktop/source/lib/init.cxx:285: lok exception 'Unsupported flavor text/plain;charset=utf-16 exception '
warn:lok:77702:77702:desktop/source/lib/init.cxx:285: lok exception 'Unsupported flavor text/plain;charset=utf-16 exception '
warn:lok:77702:77702:desktop/source/lib/init.cxx:285: lok exception 'Unsupported flavor text/plain;charset=utf-16 exception '
warn:lok:77702:77702:desktop/source/lib/init.cxx:285: lok exception 'Unsupported flavor text/plain;charset=utf-16 exception '
warn:lok:77702:77702:desktop/source/lib/init.cxx:285: lok exception 'Unsupported flavor text/plain;charset=utf-16 exception '
warn:lok:77702:77702:desktop/source/lib/init.cxx:285: lok exception 'Unsupported flavor text/plain;charset=utf-16 exception '
warn:xmloff.chart:77702:77702:xmloff/source/chart/SchXMLChartContext.cxx:938: Must not get here
warn:xmloff:77702:77702:xmloff/source/text/XMLTextListAutoStylePool.cxx:161: getStyleFamilies() from XModel failed for export!
warn:xmloff:77702:77702:xmloff/source/text/XMLTextListAutoStylePool.cxx:161: getStyleFamilies() from XModel failed for export!
warn:xmloff:77702:77702:xmloff/source/text/XMLTextListAutoStylePool.cxx:161: getStyleFamilies() from XModel failed for export!
warn:chart2.tools:77702:77702:chart2/source/tools/WrappedPropertySet.cxx:137: found no inner property set to map to
warn:chart2:77702:77702:chart2/source/tools/LifeTime.cxx:119: This component is already disposed 
warn:xmloff.chart:77702:77702:xmloff/source/chart/SchXMLChartContext.cxx:938: Must not get here
warn:legacy.osl:77702:77702:sc/source/core/data/drwlayer.cxx:1810: no page
warn:xmloff.chart:77702:77702:xmloff/source/chart/SchXMLChartContext.cxx:938: Must not get here
warn:legacy.osl:77702:77702:sc/source/core/data/drwlayer.cxx:1810: no page
warn:xmloff:77702:77702:xmloff/source/text/XMLTextListAutoStylePool.cxx:161: getStyleFamilies() from XModel failed for export!
warn:xmloff:77702:77702:xmloff/source/text/XMLTextListAutoStylePool.cxx:161: getStyleFamilies() from XModel failed for export!
warn:xmloff:77702:77702:xmloff/source/text/XMLTextListAutoStylePool.cxx:161: getStyleFamilies() from XModel failed for export!
warn:chart2.tools:77702:77702:chart2/source/tools/WrappedPropertySet.cxx:137: found no inner property set to map to
warn:xmloff:77702:77702:xmloff/source/text/XMLTextListAutoStylePool.cxx:161: getStyleFamilies() from XModel failed for export!
warn:xmloff:77702:77702:xmloff/source/text/XMLTextListAutoStylePool.cxx:161: getStyleFamilies() from XModel failed for export!
warn:xmloff:77702:77702:xmloff/source/text/XMLTextListAutoStylePool.cxx:161: getStyleFamilies() from XModel failed for export!
warn:chart2.tools:77702:77702:chart2/source/tools/WrappedPropertySet.cxx:137: found no inner property set to map to
warn:lok:77702:77702:desktop/source/lib/init.cxx:285: lok exception 'Unsupported flavor text/plain;charset=utf-16 exception '
warn:legacy.osl:77702:77702:svx/source/svdraw/svdoole2.cxx:1263: Disconnect() called on disconnected object!
warn:legacy.osl:77702:77702:svx/source/svdraw/svdoole2.cxx:1263: Disconnect() called on disconnected object!
warn:legacy.osl:77702:77702:svx/source/svdraw/svdoole2.cxx:1263: Disconnect() called on disconnected object!
warn:legacy.osl:77702:77702:svx/source/svdraw/svdoole2.cxx:1263: Disconnect() called on disconnected object!
warn:chart2:77702:77702:chart2/source/tools/LifeTime.cxx:119: This component is already disposed 
warn:chart2:77702:77702:chart2/source/tools/LifeTime.cxx:119: This component is already disposed 
warn:lok:77702:77702:desktop/source/lib/init.cxx:285: lok exception 'Unsupported flavor text/plain;charset=utf-16 exception '
warn:lok:77702:77702:desktop/source/lib/init.cxx:285: lok exception 'Unsupported flavor text/plain;charset=utf-16 exception '
warn:svx:77702:77702:svx/source/form/fmvwimp.cxx:177: DBG_UNHANDLED_EXCEPTION in FormViewPageWindowAdapter exception: com.sun.star.uno.DeploymentException message: "component context fails to supply service com.sun.star.form.runtime.FormController of type com.sun.star.form.runtime.XFormController" context: cppu::(anonymous namespace)::ComponentContext
warn:forms.component:77702:77702:forms/source/component/DatabaseForm.cxx:2876: DBG_UNHANDLED_EXCEPTION in implEnsureConnection exception: com.sun.star.container.NoSuchElementException message: "folha_ponto" context: dbaccess::ODatabaseContext
warn:forms.component:77702:77702:forms/source/component/DatabaseForm.cxx:2876: DBG_UNHANDLED_EXCEPTION in implEnsureConnection exception: com.sun.star.container.NoSuchElementException message: "folha_ponto" context: dbaccess::ODatabaseContext
warn:forms.component:77702:77702:forms/source/component/DatabaseForm.cxx:2876: DBG_UNHANDLED_EXCEPTION in implEnsureConnection exception: com.sun.star.container.NoSuchElementException message: "folha_ponto" context: dbaccess::ODatabaseContext
warn:forms.component:77702:77702:forms/source/component/DatabaseForm.cxx:2876: DBG_UNHANDLED_EXCEPTION in implEnsureConnection exception: com.sun.star.container.NoSuchElementException message: "folha_ponto" context: dbaccess::ODatabaseContext
warn:forms.component:77702:77702:forms/source/component/DatabaseForm.cxx:2876: DBG_UNHANDLED_EXCEPTION in implEnsureConnection exception: com.sun.star.container.NoSuchElementException message: "folha_ponto" context: dbaccess::ODatabaseContext
warn:forms.component:77702:77702:forms/source/component/DatabaseForm.cxx:2876: DBG_UNHANDLED_EXCEPTION in implEnsureConnection exception: com.sun.star.container.NoSuchElementException message: "folha_ponto" context: dbaccess::ODatabaseContext
warn:svx:77702:77702:svx/source/form/fmvwimp.cxx:177: DBG_UNHANDLED_EXCEPTION in FormViewPageWindowAdapter exception: com.sun.star.uno.DeploymentException message: "component context fails to supply service com.sun.star.form.runtime.FormController of type com.sun.star.form.runtime.XFormController" context: cppu::(anonymous namespace)::ComponentContext
warn:legacy.osl:77702:77702:sc/source/core/data/bcaslot.cxx:626: Row/Col invalid, using first slot!
warn:legacy.osl:77702:77702:sc/source/core/data/bcaslot.cxx:626: Row/Col invalid, using first slot!
warn:lok:77702:77702:desktop/source/lib/init.cxx:285: lok exception 'Unsupported flavor text/plain;charset=utf-16 exception '
warn:lok:77702:77702:desktop/source/lib/init.cxx:285: lok exception 'Unsupported flavor text/plain;charset=utf-16 exception '
warn:lok:77702:77702:desktop/source/lib/init.cxx:285: lok exception 'Unsupported flavor text/plain;charset=utf-16 exception '
warn:comphelper.container:77702:77702:comphelper/source/container/embeddedobjectcontainer.cxx:354: EmbeddedObjectContainer::Get_Impl: exception caught: N3com3sun4star3uno9ExceptionE
warn:legacy.tools:77702:77702:svx/source/svdraw/svdoole2.cxx:1170: No object in connect!
warn:comphelper.container:77702:77702:comphelper/source/container/embeddedobjectcontainer.cxx:354: EmbeddedObjectContainer::Get_Impl: exception caught: N3com3sun4star3uno9ExceptionE
warn:legacy.tools:77702:77702:svx/source/svdraw/svdoole2.cxx:1170: No object in connect!
warn:legacy.osl:77702:77702:svx/source/svdraw/svdoole2.cxx:1263: Disconnect() called on disconnected object!
warn:legacy.osl:77702:77702:svx/source/svdraw/svdoole2.cxx:1263: Disconnect() called on disconnected object!
warn:lok:77702:77702:desktop/source/lib/init.cxx:285: lok exception 'Unsupported flavor text/plain;charset=utf-16 exception '
warn:lok:77702:77702:desktop/source/lib/init.cxx:285: lok exception 'Unsupported flavor text/plain;charset=utf-16 exception '
warn:sc.core:77702:77702:sc/source/core/data/documen8.cxx:1166: ScDocument::CheckLinkFormulaNeedingCheck - called with empty ScTokenArray
warn:lok:77702:77702:desktop/source/lib/init.cxx:285: lok exception 'Unsupported flavor text/plain;charset=utf-16 exception '
warn:lok:77702:77702:desktop/source/lib/init.cxx:285: lok exception 'Unsupported flavor text/plain;charset=utf-16 exception '
warn:lok:77702:77702:desktop/source/lib/init.cxx:285: lok exception 'Unsupported flavor text/plain;charset=utf-16 exception '
warn:lok:77702:77702:desktop/source/lib/init.cxx:285: lok exception 'Unsupported flavor text/plain;charset=utf-16 exception '
warn:xmloff:77702:77702:xmloff/source/draw/ximpshap.cxx:1712: draw:control without a form:id attribute!
warn:xmloff:77702:77702:xmloff/source/draw/ximpshap.cxx:1712: draw:control without a form:id attribute!
warn:xmloff:77702:77702:xmloff/source/draw/ximpshap.cxx:1712: draw:control without a form:id attribute!
warn:xmloff:77702:77702:xmloff/source/draw/ximpshap.cxx:1712: draw:control without a form:id attribute!
warn:xmloff:77702:77702:xmloff/source/draw/ximpshap.cxx:1712: draw:control without a form:id attribute!
warn:xmloff:77702:77702:xmloff/source/draw/ximpshap.cxx:1712: draw:control without a form:id attribute!
warn:xmloff:77702:77702:xmloff/source/draw/ximpshap.cxx:1712: draw:control without a form:id attribute!
warn:xmloff:77702:77702:xmloff/source/draw/ximpshap.cxx:1712: draw:control without a form:id attribute!
warn:xmloff:77702:77702:xmloff/source/draw/ximpshap.cxx:1712: draw:control without a form:id attribute!
warn:xmloff:77702:77702:xmloff/source/draw/ximpshap.cxx:1712: draw:control without a form:id attribute!
warn:xmloff:77702:77702:xmloff/source/draw/ximpshap.cxx:1712: draw:control without a form:id attribute!
warn:xmloff:77702:77702:xmloff/source/draw/ximpshap.cxx:1712: draw:control without a form:id attribute!
warn:xmloff:77702:77702:xmloff/source/draw/ximpshap.cxx:1712: draw:control without a form:id attribute!
warn:xmloff:77702:77702:xmloff/source/draw/ximpshap.cxx:1712: draw:control without a form:id attribute!
warn:xmloff:77702:77702:xmloff/source/draw/ximpshap.cxx:1712: draw:control without a form:id attribute!
warn:xmloff:77702:77702:xmloff/source/draw/ximpshap.cxx:1712: draw:control without a form:id attribute!
warn:xmloff:77702:77702:xmloff/source/draw/ximpshap.cxx:1712: draw:control without a form:id attribute!
warn:xmloff:77702:77702:xmloff/source/draw/ximpshap.cxx:1712: draw:control without a form:id attribute!
warn:xmloff:77702:77702:xmloff/source/draw/ximpshap.cxx:1712: draw:control without a form:id attribute!
warn:xmloff:77702:77702:xmloff/source/draw/ximpshap.cxx:1712: draw:control without a form:id attribute!
warn:xmloff:77702:77702:xmloff/source/draw/ximpshap.cxx:1712: draw:control without a form:id attribute!
warn:xmloff:77702:77702:xmloff/source/draw/ximpshap.cxx:1712: draw:control without a form:id attribute!
warn:xmloff:77702:77702:xmloff/source/draw/ximpshap.cxx:1712: draw:control without a form:id attribute!
warn:xmloff:77702:77702:xmloff/source/draw/ximpshap.cxx:1712: draw:control without a form:id attribute!
warn:xmloff:77702:77702:xmloff/source/draw/ximpshap.cxx:1712: draw:control without a form:id attribute!
warn:xmloff:77702:77702:xmloff/source/draw/ximpshap.cxx:1712: draw:control without a form:id attribute!
warn:xmloff:77702:77702:xmloff/source/draw/ximpshap.cxx:1712: draw:control without a form:id attribute!
warn:xmloff:77702:77702:xmloff/source/draw/ximpshap.cxx:1712: draw:control without a form:id attribute!
warn:xmloff:77702:77702:xmloff/source/draw/ximpshap.cxx:1712: draw:control without a form:id attribute!
warn:xmloff:77702:77702:xmloff/source/draw/ximpshap.cxx:1712: draw:control without a form:id attribute!
warn:xmloff:77702:77702:xmloff/source/draw/ximpshap.cxx:1712: draw:control without a form:id attribute!
warn:xmloff:77702:77702:xmloff/source/draw/ximpshap.cxx:1712: draw:control without a form:id attribute!
warn:xmloff:77702:77702:xmloff/source/draw/ximpshap.cxx:1712: draw:control without a form:id attribute!
warn:xmloff:77702:77702:xmloff/source/draw/ximpshap.cxx:1712: draw:control without a form:id attribute!
warn:xmloff:77702:77702:xmloff/source/draw/ximpshap.cxx:1712: draw:control without a form:id attribute!
warn:xmloff:77702:77702:xmloff/source/draw/ximpshap.cxx:1712: draw:control without a form:id attribute!
warn:xmloff:77702:77702:xmloff/source/draw/ximpshap.cxx:1712: draw:control without a form:id attribute!
warn:xmloff:77702:77702:xmloff/source/draw/ximpshap.cxx:1712: draw:control without a form:id attribute!
warn:xmloff:77702:77702:xmloff/source/draw/ximpshap.cxx:1712: draw:control without a form:id attribute!
warn:xmloff:77702:77702:xmloff/source/draw/ximpshap.cxx:1712: draw:control without a form:id attribute!
warn:xmloff:77702:77702:xmloff/source/draw/ximpshap.cxx:1712: draw:control without a form:id attribute!
warn:xmloff:77702:77702:xmloff/source/draw/ximpshap.cxx:1712: draw:control without a form:id attribute!
warn:xmloff:77702:77702:xmloff/source/draw/ximpshap.cxx:1712: draw:control without a form:id attribute!
warn:xmloff:77702:77702:xmloff/source/draw/ximpshap.cxx:1712: draw:control without a form:id attribute!
warn:xmloff:77702:77702:xmloff/source/draw/ximpshap.cxx:1712: draw:control without a form:id attribute!
warn:xmloff:77702:77702:xmloff/source/draw/ximpshap.cxx:1712: draw:control without a form:id attribute!
warn:xmloff:77702:77702:xmloff/source/draw/ximpshap.cxx:1712: draw:control without a form:id attribute!
warn:xmloff:77702:77702:xmloff/source/draw/ximpshap.cxx:1712: draw:control without a form:id attribute!
warn:xmloff:77702:77702:xmloff/source/draw/ximpshap.cxx:1712: draw:control without a form:id attribute!
warn:xmloff:77702:77702:xmloff/source/draw/ximpshap.cxx:1712: draw:control without a form:id attribute!
warn:xmloff:77702:77702:xmloff/source/draw/ximpshap.cxx:1712: draw:control without a form:id attribute!
warn:xmloff:77702:77702:xmloff/source/draw/ximpshap.cxx:1712: draw:control without a form:id attribute!
warn:xmloff:77702:77702:xmloff/source/draw/ximpshap.cxx:1712: draw:control without a form:id attribute!
warn:xmloff:77702:77702:xmloff/source/draw/ximpshap.cxx:1712: draw:control without a form:id attribute!
warn:xmloff:77702:77702:xmloff/source/draw/ximpshap.cxx:1712: draw:control without a form:id attribute!
warn:xmloff:77702:77702:xmloff/source/draw/ximpshap.cxx:1712: draw:control without a form:id attribute!
warn:xmloff:77702:77702:xmloff/source/draw/ximpshap.cxx:1712: draw:control without a form:id attribute!
warn:xmloff:77702:77702:xmloff/source/draw/ximpshap.cxx:1712: draw:control without a form:id attribute!
warn:xmloff:77702:77702:xmloff/source/draw/ximpshap.cxx:1712: draw:control without a form:id attribute!
warn:xmloff:77702:77702:xmloff/source/draw/ximpshap.cxx:1712: draw:control without a form:id attribute!
warn:xmloff:77702:77702:xmloff/source/draw/ximpshap.cxx:1712: draw:control without a form:id attribute!
warn:xmloff:77702:77702:xmloff/source/draw/ximpshap.cxx:1712: draw:control without a form:id attribute!
warn:xmloff:77702:77702:xmloff/source/draw/ximpshap.cxx:1712: draw:control without a form:id attribute!
warn:xmloff:77702:77702:xmloff/source/draw/ximpshap.cxx:1712: draw:control without a form:id attribute!
warn:xmloff:77702:77702:xmloff/source/draw/ximpshap.cxx:1712: draw:control without a form:id attribute!
warn:xmloff:77702:77702:xmloff/source/draw/ximpshap.cxx:1712: draw:control without a form:id attribute!
warn:xmloff:77702:77702:xmloff/source/draw/ximpshap.cxx:1712: draw:control without a form:id attribute!
warn:xmloff:77702:77702:xmloff/source/draw/ximpshap.cxx:1712: draw:control without a form:id attribute!
warn:xmloff:77702:77702:xmloff/source/draw/ximpshap.cxx:1712: draw:control without a form:id attribute!
warn:xmloff:77702:77702:xmloff/source/draw/ximpshap.cxx:1712: draw:control without a form:id attribute!
warn:svx:77702:77702:svx/source/form/fmvwimp.cxx:177: DBG_UNHANDLED_EXCEPTION in FormViewPageWindowAdapter exception: com.sun.star.uno.DeploymentException message: "component context fails to supply service com.sun.star.form.runtime.FormController of type com.sun.star.form.runtime.XFormController" context: cppu::(anonymous namespace)::ComponentContext
warn:svx:77702:77702:svx/source/form/fmvwimp.cxx:177: DBG_UNHANDLED_EXCEPTION in FormViewPageWindowAdapter exception: com.sun.star.uno.DeploymentException message: "component context fails to supply service com.sun.star.form.runtime.FormController of type com.sun.star.form.runtime.XFormController" context: cppu::(anonymous namespace)::ComponentContext
warn:svx:77702:77702:svx/source/form/fmvwimp.cxx:177: DBG_UNHANDLED_EXCEPTION in FormViewPageWindowAdapter exception: com.sun.star.uno.DeploymentException message: "component context fails to supply service com.sun.star.form.runtime.FormController of type com.sun.star.form.runtime.XFormController" context: cppu::(anonymous namespace)::ComponentContext
warn:svx:77702:77702:svx/source/form/fmvwimp.cxx:177: DBG_UNHANDLED_EXCEPTION in FormViewPageWindowAdapter exception: com.sun.star.uno.DeploymentException message: "component context fails to supply service com.sun.star.form.runtime.FormController of type com.sun.star.form.runtime.XFormController" context: cppu::(anonymous namespace)::ComponentContext
warn:svx:77702:77702:svx/source/form/fmvwimp.cxx:177: DBG_UNHANDLED_EXCEPTION in FormViewPageWindowAdapter exception: com.sun.star.uno.DeploymentException message: "component context fails to supply service com.sun.star.form.runtime.FormController of type com.sun.star.form.runtime.XFormController" context: cppu::(anonymous namespace)::ComponentContext
warn:svx:77702:77702:svx/source/form/fmvwimp.cxx:177: DBG_UNHANDLED_EXCEPTION in FormViewPageWindowAdapter exception: com.sun.star.uno.DeploymentException message: "component context fails to supply service com.sun.star.form.runtime.FormController of type com.sun.star.form.runtime.XFormController" context: cppu::(anonymous namespace)::ComponentContext
warn:svx:77702:77702:svx/source/form/fmvwimp.cxx:177: DBG_UNHANDLED_EXCEPTION in FormViewPageWindowAdapter exception: com.sun.star.uno.DeploymentException message: "component context fails to supply service com.sun.star.form.runtime.FormController of type com.sun.star.form.runtime.XFormController" context: cppu::(anonymous namespace)::ComponentContext
warn:svx:77702:77702:svx/source/form/fmvwimp.cxx:177: DBG_UNHANDLED_EXCEPTION in FormViewPageWindowAdapter exception: com.sun.star.uno.DeploymentException message: "component context fails to supply service com.sun.star.form.runtime.FormController of type com.sun.star.form.runtime.XFormController" context: cppu::(anonymous namespace)::ComponentContext
warn:svx:77702:77702:svx/source/form/fmvwimp.cxx:177: DBG_UNHANDLED_EXCEPTION in FormViewPageWindowAdapter exception: com.sun.star.uno.DeploymentException message: "component context fails to supply service com.sun.star.form.runtime.FormController of type com.sun.star.form.runtime.XFormController" context: cppu::(anonymous namespace)::ComponentContext
warn:svx:77702:77702:svx/source/form/fmvwimp.cxx:177: DBG_UNHANDLED_EXCEPTION in FormViewPageWindowAdapter exception: com.sun.star.uno.DeploymentException message: "component context fails to supply service com.sun.star.form.runtime.FormController of type com.sun.star.form.runtime.XFormController" context: cppu::(anonymous namespace)::ComponentContext
warn:svx:77702:77702:svx/source/form/fmvwimp.cxx:177: DBG_UNHANDLED_EXCEPTION in FormViewPageWindowAdapter exception: com.sun.star.uno.DeploymentException message: "component context fails to supply service com.sun.star.form.runtime.FormController of type com.sun.star.form.runtime.XFormController" context: cppu::(anonymous namespace)::ComponentContext
warn:svx:77702:77702:svx/source/form/fmvwimp.cxx:177: DBG_UNHANDLED_EXCEPTION in FormViewPageWindowAdapter exception: com.sun.star.uno.DeploymentException message: "component context fails to supply service com.sun.star.form.runtime.FormController of type com.sun.star.form.runtime.XFormController" context: cppu::(anonymous namespace)::ComponentContext
warn:legacy.osl:77702:77702:sc/source/core/data/drwlayer.cxx:1810: no page
warn:legacy.osl:77702:77702:sc/source/core/data/drwlayer.cxx:1810: no page
warn:legacy.osl:77702:77702:sc/source/core/data/drwlayer.cxx:1810: no page
warn:legacy.osl:77702:77702:sc/source/core/data/drwlayer.cxx:1810: no page
warn:legacy.osl:77702:77702:sc/source/core/data/drwlayer.cxx:1810: no page
warn:legacy.osl:77702:77702:sc/source/core/data/drwlayer.cxx:1810: no page
warn:legacy.osl:77702:77702:sc/source/core/data/drwlayer.cxx:1810: no page
warn:legacy.osl:77702:77702:sc/source/core/data/drwlayer.cxx:1810: no page
warn:legacy.osl:77702:77702:sc/source/core/data/drwlayer.cxx:1810: no page
warn:legacy.osl:77702:77702:sc/source/core/data/drwlayer.cxx:1810: no page
warn:legacy.osl:77702:77702:sc/source/core/data/drwlayer.cxx:1810: no page
warn:legacy.osl:77702:77702:sc/source/core/data/drwlayer.cxx:1810: no page
warn:legacy.osl:77702:77702:sc/source/core/data/drwlayer.cxx:1810: no page
warn:legacy.osl:77702:77702:sc/source/core/data/drwlayer.cxx:1810: no page
warn:legacy.osl:77702:77702:sc/source/core/data/drwlayer.cxx:1810: no page
warn:legacy.osl:77702:77702:sc/source/core/data/drwlayer.cxx:1810: no page
warn:legacy.osl:77702:77702:sc/source/core/data/drwlayer.cxx:1810: no page
warn:legacy.osl:77702:77702:sc/source/core/data/drwlayer.cxx:1810: no page
warn:legacy.osl:77702:77702:sc/source/core/data/drwlayer.cxx:1810: no page
warn:legacy.osl:77702:77702:sc/source/core/data/drwlayer.cxx:1810: no page
warn:legacy.osl:77702:77702:sc/source/core/data/drwlayer.cxx:1810: no page
warn:legacy.osl:77702:77702:sc/source/core/data/drwlayer.cxx:1810: no page
warn:legacy.osl:77702:77702:sc/source/core/data/drwlayer.cxx:1810: no page
warn:legacy.osl:77702:77702:sc/source/core/data/drwlayer.cxx:1810: no page
warn:legacy.osl:77702:77702:sc/source/core/data/drwlayer.cxx:1810: no page
warn:legacy.osl:77702:77702:sc/source/core/data/drwlayer.cxx:1810: no page
warn:legacy.osl:77702:77702:sc/source/core/data/drwlayer.cxx:1810: no page
warn:legacy.osl:77702:77702:sc/source/core/data/drwlayer.cxx:1810: no page
warn:legacy.osl:77702:77702:sc/source/core/data/drwlayer.cxx:1810: no page
warn:legacy.osl:77702:77702:sc/source/core/data/drwlayer.cxx:1810: no page
warn:legacy.osl:77702:77702:sc/source/core/data/drwlayer.cxx:1810: no page
warn:legacy.osl:77702:77702:sc/source/core/data/drwlayer.cxx:1810: no page
warn:legacy.osl:77702:77702:sc/source/core/data/drwlayer.cxx:1810: no page
warn:legacy.osl:77702:77702:sc/source/core/data/drwlayer.cxx:1810: no page
warn:legacy.osl:77702:77702:sc/source/core/data/drwlayer.cxx:1810: no page
warn:legacy.osl:77702:77702:sc/source/core/data/drwlayer.cxx:1810: no page
warn:legacy.osl:77702:77702:sc/source/core/data/drwlayer.cxx:1810: no page
warn:legacy.osl:77702:77702:sc/source/core/data/drwlayer.cxx:1810: no page
warn:svx:77702:77702:svx/source/form/fmvwimp.cxx:177: DBG_UNHANDLED_EXCEPTION in FormViewPageWindowAdapter exception: com.sun.star.uno.DeploymentException message: "component context fails to supply service com.sun.star.form.runtime.FormController of type com.sun.star.form.runtime.XFormController" context: cppu::(anonymous namespace)::ComponentContext
warn:svx:77702:77702:svx/source/form/fmvwimp.cxx:177: DBG_UNHANDLED_EXCEPTION in FormViewPageWindowAdapter exception: com.sun.star.uno.DeploymentException message: "component context fails to supply service com.sun.star.form.runtime.FormController of type com.sun.star.form.runtime.XFormController" context: cppu::(anonymous namespace)::ComponentContext
warn:svx:77702:77702:svx/source/form/fmvwimp.cxx:177: DBG_UNHANDLED_EXCEPTION in FormViewPageWindowAdapter exception: com.sun.star.uno.DeploymentException message: "component context fails to supply service com.sun.star.form.runtime.FormController of type com.sun.star.form.runtime.XFormController" context: cppu::(anonymous namespace)::ComponentContext
warn:svx:77702:77702:svx/source/form/fmvwimp.cxx:177: DBG_UNHANDLED_EXCEPTION in FormViewPageWindowAdapter exception: com.sun.star.uno.DeploymentException message: "component context fails to supply service com.sun.star.form.runtime.FormController of type com.sun.star.form.runtime.XFormController" context: cppu::(anonymous namespace)::ComponentContext
warn:legacy.osl:77702:77702:sc/source/core/data/document.cxx:4271: wrong table number
warn:legacy.osl:77702:77702:sc/source/core/data/document.cxx:4271: wrong table number
warn:legacy.osl:77702:77702:sc/source/core/data/document.cxx:4271: wrong table number
warn:legacy.osl:77702:77702:sc/source/core/data/document.cxx:4271: wrong table number
warn:legacy.osl:77702:77702:sc/source/core/data/document.cxx:4271: wrong table number
warn:legacy.osl:77702:77702:sc/source/core/data/document.cxx:4271: wrong table number
warn:legacy.osl:77702:77702:sc/source/core/data/document.cxx:4271: wrong table number
warn:legacy.osl:77702:77702:sc/source/core/data/document.cxx:4271: wrong table number
warn:legacy.osl:77702:77702:sc/source/core/data/document.cxx:4271: wrong table number
warn:legacy.osl:77702:77702:sc/source/core/data/document.cxx:4271: wrong table number
warn:legacy.osl:77702:77702:sc/source/core/data/document.cxx:4271: wrong table number
warn:legacy.osl:77702:77702:sc/source/core/data/document.cxx:4271: wrong table number
warn:legacy.osl:77702:77702:sc/source/core/data/document.cxx:4271: wrong table number
warn:legacy.osl:77702:77702:sc/source/core/data/document.cxx:4271: wrong table number
warn:legacy.osl:77702:77702:sc/source/core/data/document.cxx:4271: wrong table number
warn:legacy.osl:77702:77702:sc/source/core/data/document.cxx:4271: wrong table number
warn:legacy.osl:77702:77702:sc/source/core/data/document.cxx:4271: wrong table number
warn:legacy.osl:77702:77702:sc/source/core/data/document.cxx:4310: Wrong sheet number
warn:legacy.osl:77702:77702:sc/source/core/data/document.cxx:4271: wrong table number
warn:legacy.osl:77702:77702:sc/source/core/data/document.cxx:4310: Wrong sheet number
warn:legacy.osl:77702:77702:sc/source/core/data/document.cxx:4271: wrong table number
warn:legacy.osl:77702:77702:sc/source/core/data/document.cxx:4271: wrong table number
warn:legacy.osl:77702:77702:sc/source/core/data/document.cxx:4271: wrong table number
warn:legacy.osl:77702:77702:sc/source/core/data/document.cxx:4271: wrong table number
warn:legacy.osl:77702:77702:sc/source/core/data/document.cxx:4271: wrong table number
warn:legacy.osl:77702:77702:sc/source/core/data/document.cxx:4271: wrong table number
warn:legacy.osl:77702:77702:sc/source/core/data/document.cxx:4271: wrong table number
warn:legacy.osl:77702:77702:sc/source/core/data/document.cxx:4271: wrong table number
warn:legacy.osl:77702:77702:sc/source/core/data/document.cxx:4271: wrong table number
warn:legacy.osl:77702:77702:sc/source/core/data/document.cxx:4271: wrong table number
warn:legacy.osl:77702:77702:sc/source/core/data/document.cxx:4271: wrong table number
warn:legacy.osl:77702:77702:sc/source/core/data/document.cxx:4271: wrong table number
warn:legacy.osl:77702:77702:sc/source/core/data/document.cxx:4271: wrong table number
warn:legacy.osl:77702:77702:sc/source/core/data/document.cxx:4271: wrong table number
warn:legacy.osl:77702:77702:sc/source/core/data/document.cxx:4271: wrong table number
warn:legacy.osl:77702:77702:sc/source/core/data/document.cxx:4271: wrong table number
warn:legacy.osl:77702:77702:sc/source/core/data/document.cxx:4271: wrong table number
warn:legacy.osl:77702:77702:sc/source/core/data/document.cxx:4271: wrong table number
warn:legacy.osl:77702:77702:sc/source/core/data/document.cxx:4271: wrong table number
warn:legacy.osl:77702:77702:sc/source/core/data/document.cxx:4310: Wrong sheet number
warn:legacy.osl:77702:77702:sc/source/core/data/document.cxx:4271: wrong table number
warn:legacy.osl:77702:77702:sc/source/core/data/document.cxx:4310: Wrong sheet number
warn:legacy.osl:77702:77702:sc/source/core/data/document.cxx:4271: wrong table number
warn:legacy.osl:77702:77702:sc/source/core/data/document.cxx:4271: wrong table number
warn:legacy.osl:77702:77702:sc/source/core/data/document.cxx:4271: wrong table number
warn:legacy.osl:77702:77702:sc/source/core/data/document.cxx:4271: wrong table number
warn:legacy.osl:77702:77702:sc/source/core/data/document.cxx:4271: wrong table number
warn:legacy.osl:77702:77702:sc/source/core/data/document.cxx:4271: wrong table number
warn:legacy.osl:77702:77702:sc/source/core/data/document.cxx:4271: wrong table number
warn:legacy.osl:77702:77702:sc/source/core/data/document.cxx:4271: wrong table number
warn:legacy.osl:77702:77702:sc/source/core/data/document.cxx:4271: wrong table number
warn:legacy.osl:77702:77702:sc/source/core/data/document.cxx:4271: wrong table number
warn:legacy.osl:77702:77702:sc/source/core/data/document.cxx:4271: wrong table number
warn:legacy.osl:77702:77702:sc/source/core/data/document.cxx:4271: wrong table number
warn:legacy.osl:77702:77702:sc/source/core/data/document.cxx:4271: wrong table number
warn:legacy.osl:77702:77702:sc/source/core/data/document.cxx:4271: wrong table number
warn:legacy.osl:77702:77702:sc/source/core/data/document.cxx:4271: wrong table number
warn:legacy.osl:77702:77702:sc/source/core/data/document.cxx:4271: wrong table number
warn:legacy.osl:77702:77702:sc/source/core/data/document.cxx:4271: wrong table number
warn:legacy.osl:77702:77702:sc/source/core/data/document.cxx:4310: Wrong sheet number
warn:legacy.osl:77702:77702:sc/source/core/data/document.cxx:4271: wrong table number
warn:legacy.osl:77702:77702:sc/source/core/data/document.cxx:4310: Wrong sheet number
warn:legacy.osl:77702:77702:sc/source/core/data/document.cxx:4271: wrong table number
warn:legacy.osl:77702:77702:sc/source/core/data/document.cxx:4271: wrong table number
warn:legacy.osl:77702:77702:sc/source/core/data/document.cxx:4271: wrong table number
warn:legacy.osl:77702:77702:sc/source/core/data/document.cxx:4271: wrong table number
warn:legacy.osl:77702:77702:sc/source/core/data/document.cxx:4271: wrong table number
warn:legacy.osl:77702:77702:sc/source/core/data/document.cxx:4271: wrong table number
warn:legacy.osl:77702:77702:sc/source/core/data/document.cxx:4271: wrong table number
warn:legacy.osl:77702:77702:sc/source/core/data/document.cxx:4271: wrong table number
warn:legacy.osl:77702:77702:sc/source/core/data/document.cxx:4271: wrong table number
warn:legacy.osl:77702:77702:sc/source/core/data/document.cxx:4271: wrong table number
warn:legacy.osl:77702:77702:sc/source/core/data/document.cxx:4271: wrong table number
warn:legacy.osl:77702:77702:sc/source/core/data/document.cxx:4271: wrong table number
warn:legacy.osl:77702:77702:sc/source/core/data/document.cxx:4271: wrong table number
warn:legacy.osl:77702:77702:sc/source/core/data/document.cxx:4271: wrong table number
warn:legacy.osl:77702:77702:sc/source/core/data/document.cxx:4271: wrong table number
warn:legacy.osl:77702:77702:sc/source/core/data/document.cxx:4271: wrong table number
warn:legacy.osl:77702:77702:sc/source/core/data/document.cxx:4271: wrong table number
warn:legacy.osl:77702:77702:sc/source/core/data/document.cxx:4271: wrong table number
warn:legacy.osl:77702:77702:sc/source/core/data/document.cxx:4271: wrong table number
warn:legacy.osl:77702:77702:sc/source/core/data/document.cxx:4310: Wrong sheet number
warn:legacy.osl:77702:77702:sc/source/core/data/document.cxx:4271: wrong table number
warn:legacy.osl:77702:77702:sc/source/core/data/document.cxx:4310: Wrong sheet number
warn:legacy.osl:77702:77702:sc/source/core/data/document.cxx:4271: wrong table number
warn:legacy.osl:77702:77702:sc/source/core/data/document.cxx:4271: wrong table number
warn:legacy.osl:77702:77702:sc/source/core/data/document.cxx:4271: wrong table number
warn:legacy.osl:77702:77702:sc/source/core/data/document.cxx:4271: wrong table number
warn:legacy.osl:77702:77702:sc/source/core/data/document.cxx:4271: wrong table number
warn:legacy.osl:77702:77702:sc/source/core/data/document.cxx:4271: wrong table number
warn:legacy.osl:77702:77702:sc/source/core/data/document.cxx:4271: wrong table number
warn:legacy.osl:77702:77702:sc/source/core/data/document.cxx:4271: wrong table number
warn:legacy.osl:77702:77702:sc/source/core/data/document.cxx:4271: wrong table number
warn:legacy.osl:77702:77702:sc/source/core/data/document.cxx:4271: wrong table number
warn:legacy.osl:77702:77702:sc/source/core/data/document.cxx:4271: wrong table number
warn:legacy.osl:77702:77702:sc/source/core/data/document.cxx:4271: wrong table number
warn:legacy.osl:77702:77702:sc/source/core/data/document.cxx:4271: wrong table number
warn:legacy.osl:77702:77702:sc/source/core/data/document.cxx:4271: wrong table number
warn:legacy.osl:77702:77702:sc/source/core/data/document.cxx:4271: wrong table number
warn:legacy.osl:77702:77702:sc/source/core/data/document.cxx:4271: wrong table number
warn:legacy.osl:77702:77702:sc/source/core/data/document.cxx:4271: wrong table number
warn:legacy.osl:77702:77702:sc/source/core/data/document.cxx:4310: Wrong sheet number
warn:legacy.osl:77702:77702:sc/source/core/data/document.cxx:4271: wrong table number
warn:legacy.osl:77702:77702:sc/source/core/data/document.cxx:4310: Wrong sheet number
warn:legacy.osl:77702:77702:sc/source/core/data/document.cxx:4271: wrong table number
warn:legacy.osl:77702:77702:sc/source/core/data/document.cxx:4271: wrong table number
warn:legacy.osl:77702:77702:sc/source/core/data/document.cxx:4271: wrong table number
warn:legacy.osl:77702:77702:sc/source/core/data/document.cxx:4271: wrong table number
warn:legacy.osl:77702:77702:sc/source/core/data/document.cxx:4271: wrong table number
warn:legacy.osl:77702:77702:sc/source/core/data/document.cxx:4271: wrong table number
warn:legacy.osl:77702:77702:sc/source/core/data/document.cxx:4334: wrong sheet number
warn:legacy.osl:77702:77702:sc/source/core/data/document.cxx:4271: wrong table number
warn:legacy.osl:77702:77702:sc/source/core/data/document.cxx:4310: Wrong sheet number
warn:lok:77702:77702:desktop/source/lib/init.cxx:285: lok exception 'Unsupported flavor text/plain;charset=utf-16 exception '
warn:lok:77702:77702:desktop/source/lib/init.cxx:285: lok exception 'Unsupported flavor text/plain;charset=utf-16 exception '
warn:lok:77702:77702:desktop/source/lib/init.cxx:285: lok exception 'Unsupported flavor text/plain;charset=utf-16 exception '
warn:lok:77702:77702:desktop/source/lib/init.cxx:285: lok exception 'Unsupported flavor text/plain;charset=utf-16 exception '
warn:lok:77702:77702:desktop/source/lib/init.cxx:285: lok exception 'Unsupported flavor text/plain;charset=utf-16 exception '
warn:lok:77702:77702:desktop/source/lib/init.cxx:285: lok exception 'Unsupported flavor text/plain;charset=utf-16 exception '
warn:lok:77702:77702:desktop/source/lib/init.cxx:285: lok exception 'Unsupported flavor text/plain;charset=utf-16 exception '
warn:lok:77702:77702:desktop/source/lib/init.cxx:285: lok exception 'Unsupported flavor text/plain;charset=utf-16 exception '
warn:lok:77702:77702:desktop/source/lib/init.cxx:285: lok exception 'Unsupported flavor text/plain;charset=utf-16 exception '
warn:svl.items:77702:77702:svl/source/items/cintitem.cxx:134: Passing sal_uInt16 in sal_Int32!
warn:lok:77702:77702:desktop/source/lib/init.cxx:285: lok exception 'Unsupported flavor text/plain;charset=utf-16 exception '
warn:xmloff:77702:77702:xmloff/source/style/xmlstyle.cxx:471: Unknown element urn:oasis:names:tc:opendocument:xmlns:style:1.0 style:default-style
warn:xmloff:77702:77702:xmloff/source/style/xmlstyle.cxx:471: Unknown element urn:oasis:names:tc:opendocument:xmlns:style:1.0 style:default-style
warn:legacy.osl:77702:77702:xmloff/source/style/xmlimppr.cxx:719: Exception caught; style may not be imported correctly.
warn:legacy.osl:77702:77702:xmloff/source/forms/elementimport.cxx:207: OElementImport::EndElement: did not find a name attribute!
warn:xmloff.core:77702:77702:xmloff/source/core/xmlimp.cxx:1053: No context for unknown-element http://www.gnumeric.org/odf-extension/1.0 gnm:selections
warn:xmloff.core:77702:77702:xmloff/source/core/xmlimp.cxx:1053: No context for unknown-element http://www.gnumeric.org/odf-extension/1.0 gnm:selection
warn:legacy.osl:77702:77702:xmloff/source/style/xmlimppr.cxx:719: Exception caught; style may not be imported correctly.
warn:legacy.osl:77702:77702:xmloff/source/style/xmlimppr.cxx:719: Exception caught; style may not be imported correctly.
warn:svx:77702:77702:svx/source/form/fmvwimp.cxx:177: DBG_UNHANDLED_EXCEPTION in FormViewPageWindowAdapter exception: com.sun.star.uno.DeploymentException message: "component context fails to supply service com.sun.star.form.runtime.FormController of type com.sun.star.form.runtime.XFormController" context: cppu::(anonymous namespace)::ComponentContext
warn:svx:77702:77702:svx/source/form/fmvwimp.cxx:177: DBG_UNHANDLED_EXCEPTION in FormViewPageWindowAdapter exception: com.sun.star.uno.DeploymentException message: "component context fails to supply service com.sun.star.form.runtime.FormController of type com.sun.star.form.runtime.XFormController" context: cppu::(anonymous namespace)::ComponentContext
warn:svx:77702:77702:svx/source/form/fmvwimp.cxx:177: DBG_UNHANDLED_EXCEPTION in FormViewPageWindowAdapter exception: com.sun.star.uno.DeploymentException message: "component context fails to supply service com.sun.star.form.runtime.FormController of type com.sun.star.form.runtime.XFormController" context: cppu::(anonymous namespace)::ComponentContext
warn:svx:77702:77702:svx/source/form/fmvwimp.cxx:177: DBG_UNHANDLED_EXCEPTION in FormViewPageWindowAdapter exception: com.sun.star.uno.DeploymentException message: "component context fails to supply service com.sun.star.form.runtime.FormController of type com.sun.star.form.runtime.XFormController" context: cppu::(anonymous namespace)::ComponentContext
warn:svx:77702:77702:svx/source/form/fmvwimp.cxx:177: DBG_UNHANDLED_EXCEPTION in FormViewPageWindowAdapter exception: com.sun.star.uno.DeploymentException message: "component context fails to supply service com.sun.star.form.runtime.FormController of type com.sun.star.form.runtime.XFormController" context: cppu::(anonymous namespace)::ComponentContext
warn:svx:77702:77702:svx/source/form/fmvwimp.cxx:177: DBG_UNHANDLED_EXCEPTION in FormViewPageWindowAdapter exception: com.sun.star.uno.DeploymentException message: "component context fails to supply service com.sun.star.form.runtime.FormController of type com.sun.star.form.runtime.XFormController" context: cppu::(anonymous namespace)::ComponentContext
warn:svx:77702:77702:svx/source/form/fmvwimp.cxx:177: DBG_UNHANDLED_EXCEPTION in FormViewPageWindowAdapter exception: com.sun.star.uno.DeploymentException message: "component context fails to supply service com.sun.star.form.runtime.FormController of type com.sun.star.form.runtime.XFormController" context: cppu::(anonymous namespace)::ComponentContext
warn:svx:77702:77702:svx/source/form/fmvwimp.cxx:177: DBG_UNHANDLED_EXCEPTION in FormViewPageWindowAdapter exception: com.sun.star.uno.DeploymentException message: "component context fails to supply service com.sun.star.form.runtime.FormController of type com.sun.star.form.runtime.XFormController" context: cppu::(anonymous namespace)::ComponentContext
warn:lok:77702:77702:desktop/source/lib/init.cxx:285: lok exception 'Unsupported flavor text/plain;charset=utf-16 exception '
warn:lok:77702:77702:desktop/source/lib/init.cxx:285: lok exception 'Unsupported flavor text/plain;charset=utf-16 exception '
warn:lok:77702:77702:desktop/source/lib/init.cxx:285: lok exception 'Unsupported flavor text/plain;charset=utf-16 exception '
warn:xmloff.chart:77702:77702:xmloff/source/chart/SchXMLChartContext.cxx:938: Must not get here
warn:legacy.osl:77702:77702:sc/source/core/data/drwlayer.cxx:1810: no page
warn:legacy.osl:77702:77702:sc/source/core/data/drwlayer.cxx:1810: no page
warn:xmloff:77702:77702:xmloff/source/text/XMLTextListAutoStylePool.cxx:161: getStyleFamilies() from XModel failed for export!
warn:xmloff:77702:77702:xmloff/source/text/XMLTextListAutoStylePool.cxx:161: getStyleFamilies() from XModel failed for export!
warn:xmloff.style:77702:77702:xmloff/source/style/HatchStyle.cxx:182: Check whether parameter isWrongOOo10thDegAngle can be false for newer LO version.
warn:xmloff:77702:77702:xmloff/source/text/XMLTextListAutoStylePool.cxx:161: getStyleFamilies() from XModel failed for export!
warn:chart2.tools:77702:77702:chart2/source/tools/WrappedPropertySet.cxx:137: found no inner property set to map to
warn:lok:77702:77702:desktop/source/lib/init.cxx:285: lok exception 'Unsupported flavor text/plain;charset=utf-16 exception '
warn:chart2:77702:77702:chart2/source/tools/LifeTime.cxx:119: This component is already disposed 
warn:lok:77702:77702:desktop/source/lib/init.cxx:285: lok exception 'Unsupported flavor text/plain;charset=utf-16 exception '
warn:lok:77702:77702:desktop/source/lib/init.cxx:285: lok exception 'Unsupported flavor text/plain;charset=utf-16 exception '
warn:sc.filter:77702:77702:sc/source/core/tool/compiler.cxx:5656: 'MIN1' is an invalid name, using '_MIN1' instead.
warn:svx:77702:77702:svx/source/form/fmvwimp.cxx:177: DBG_UNHANDLED_EXCEPTION in FormViewPageWindowAdapter exception: com.sun.star.uno.DeploymentException message: "component context fails to supply service com.sun.star.form.runtime.FormController of type com.sun.star.form.runtime.XFormController" context: cppu::(anonymous namespace)::ComponentContext
warn:svx:77702:77702:svx/source/form/fmvwimp.cxx:177: DBG_UNHANDLED_EXCEPTION in FormViewPageWindowAdapter exception: com.sun.star.uno.DeploymentException message: "component context fails to supply service com.sun.star.form.runtime.FormController of type com.sun.star.form.runtime.XFormController" context: cppu::(anonymous namespace)::ComponentContext
warn:lok:77702:77702:desktop/source/lib/init.cxx:285: lok exception 'Unsupported flavor text/plain;charset=utf-16 exception '
warn:xmloff.chart:77702:77702:xmloff/source/chart/SchXMLChartContext.cxx:938: Must not get here
warn:xmloff.chart:77702:77702:xmloff/source/chart/SchXMLChartContext.cxx:938: Must not get here
warn:chart2:77702:77702:chart2/source/tools/LifeTime.cxx:119: This component is already disposed 
warn:chart2:77702:77702:chart2/source/tools/LifeTime.cxx:119: This component is already disposed 
warn:lok:77702:77702:desktop/source/lib/init.cxx:285: lok exception 'Unsupported flavor text/plain;charset=utf-16 exception '
warn:lok:77702:77702:desktop/source/lib/init.cxx:285: lok exception 'Unsupported flavor text/plain;charset=utf-16 exception '
warn:lok:77702:77702:desktop/source/lib/init.cxx:285: lok exception 'Unsupported flavor text/plain;charset=utf-16 exception '
warn:sc.filter:77702:77702:sc/source/core/tool/compiler.cxx:5656: 'cat1' is an invalid name, using '_cat1' instead.
warn:lok:77702:77702:desktop/source/lib/init.cxx:285: lok exception 'Unsupported flavor text/plain;charset=utf-16 exception '
warn:lok:77702:77702:desktop/source/lib/init.cxx:285: lok exception 'Unsupported flavor text/plain;charset=utf-16 exception '
warn:xmloff.chart:77702:77702:xmloff/source/chart/SchXMLChartContext.cxx:938: Must not get here
warn:xmloff:77702:77702:xmloff/source/text/XMLTextListAutoStylePool.cxx:161: getStyleFamilies() from XModel failed for export!
warn:xmloff:77702:77702:xmloff/source/text/XMLTextListAutoStylePool.cxx:161: getStyleFamilies() from XModel failed for export!
warn:xmloff:77702:77702:xmloff/source/text/XMLTextListAutoStylePool.cxx:161: getStyleFamilies() from XModel failed for export!
warn:chart2.tools:77702:77702:chart2/source/tools/WrappedPropertySet.cxx:137: found no inner property set to map to
warn:chart2:77702:77702:chart2/source/tools/LifeTime.cxx:119: This component is already disposed 
warn:lok:77702:77702:desktop/source/lib/init.cxx:285: lok exception 'Unsupported flavor text/plain;charset=utf-16 exception '
warn:lok:77702:77702:desktop/source/lib/init.cxx:285: lok exception 'Unsupported flavor text/plain;charset=utf-16 exception '
warn:unotools.i18n:77702:77702:unotools/source/i18n/calendarwrapper.cxx:65: loadCalendar: dangi   Locale: en-US com.sun.star.uno.RuntimeException
warn:unotools.i18n:77702:77702:unotools/source/i18n/calendarwrapper.cxx:65: loadCalendar: dangi   Locale: en-US com.sun.star.uno.RuntimeException
warn:unotools.i18n:77702:77702:unotools/source/i18n/calendarwrapper.cxx:65: loadCalendar: dangi   Locale: en-US com.sun.star.uno.RuntimeException
warn:unotools.i18n:77702:77702:unotools/source/i18n/calendarwrapper.cxx:65: loadCalendar: dangi   Locale: en-US com.sun.star.uno.RuntimeException
warn:unotools.i18n:77702:77702:unotools/source/i18n/calendarwrapper.cxx:65: loadCalendar: dangi   Locale: en-US com.sun.star.uno.RuntimeException
warn:lok:77702:77702:desktop/source/lib/init.cxx:285: lok exception 'Unsupported flavor text/plain;charset=utf-16 exception '
warn:lok:77702:77702:desktop/source/lib/init.cxx:285: lok exception 'Unsupported flavor text/plain;charset=utf-16 exception '
warn:legacy.osl:77702:77702:sc/source/filter/xml/xmlstyli.cxx:612: not possible to get style
warn:legacy.osl:77702:77702:sc/source/filter/xml/xmlstyli.cxx:612: not possible to get style
warn:legacy.osl:77702:77702:sc/source/filter/xml/xmlstyli.cxx:612: not possible to get style
warn:legacy.osl:77702:77702:sc/source/filter/xml/xmlstyli.cxx:612: not possible to get style
warn:sc:77702:77702:sc/source/ui/view/hintwin.cxx:117: ridiculously long line, truncating, len=256
warn:sc:77702:77702:sc/source/ui/view/hintwin.cxx:117: ridiculously long line, truncating, len=256
warn:sc:77702:77702:sc/source/ui/view/hintwin.cxx:117: ridiculously long line, truncating, len=256
warn:sc:77702:77702:sc/source/ui/view/hintwin.cxx:117: ridiculously long line, truncating, len=256
warn:sc:77702:77702:sc/source/ui/view/hintwin.cxx:117: ridiculously long line, truncating, len=256
warn:sc:77702:77702:sc/source/ui/view/hintwin.cxx:117: ridiculously long line, truncating, len=256
warn:sc:77702:77704:sc/source/ui/view/hintwin.cxx:117: ridiculously long line, truncating, len=256
warn:sc:77702:77704:sc/source/ui/view/hintwin.cxx:117: ridiculously long line, truncating, len=256
warn:lok:77702:77702:desktop/source/lib/init.cxx:285: lok exception 'Unsupported flavor text/plain;charset=utf-16 exception '
warn:xmloff:77702:77702:xmloff/source/draw/ximplink.cxx:43: unknown attribute http://www.w3.org/1999/xlink xlink:type value=simple
warn:xmloff:77702:77702:xmloff/source/draw/ximpshap.cxx:399: DBG_UNHANDLED_EXCEPTION in endFastElement
    when: while setting hyperlink exception: com.sun.star.uno.RuntimeException message: "unsatisfied query for interface of type com.sun.star.beans.XPropertySet!"
warn:lok:77702:77702:desktop/source/lib/init.cxx:285: lok exception 'Unsupported flavor text/plain;charset=utf-16 exception '
warn:legacy.osl:77702:77702:sc/source/filter/xml/XMLStylesImportHelper.cxx:340: something went wrong
warn:lok:77702:77702:desktop/source/lib/init.cxx:285: lok exception 'Unsupported flavor text/plain;charset=utf-16 exception '
warn:lok:77702:77702:desktop/source/lib/init.cxx:285: lok exception 'Unsupported flavor text/plain;charset=utf-16 exception '
warn:lok:77702:77702:desktop/source/lib/init.cxx:285: lok exception 'Unsupported flavor text/plain;charset=utf-16 exception '
warn:legacy.osl:77702:77702:sc/source/filter/xml/XMLStylesImportHelper.cxx:340: something went wrong
warn:unotools.config:77702:77702:unotools/source/config/configmgr.cxx:147: ConfigManager not empty
