1786119734044	geckodriver	INFO	Listening on 127.0.0.1:46707
1786119734105	mozrunner::runner	INFO	Running command: MOZ_CRASHREPORTER="1" MOZ_CRASHREPORTER_NO_REPORT="1" MOZ_CRASHREPORTER_SHUTDOWN="1" "/snap/firefox/current/usr/lib/firefox/firefox" "--marionette" "-headless" "-no-remote" "-profile" "/tmp/rust_mozprofile2oy9Jr"
*** You are running in headless mode.
1786119734356	Marionette	INFO	Marionette enabled
1786119734415	Marionette	INFO	Listening on port 37397
Read port: 37397
[GFX1-]: RenderCompositorSWGL failed mapping default framebuffer, no dt
console.error: "Experiment desktop-release-rollout-show-relay-to-all-browsers-next-sign-up-modal-cta has unknown featureId: email-autocomplete-relay"
console.error: "Experiment visual-card-updates has unknown featureId: newtabRefinedCardsLayout"
console.error: "Experiment enable-nimbus-unenrollment-synchronization has unknown featureId: nimbusStore"
console.error: "Experiment private-window-visual-refresh-design-change-only has unknown featureId: feltPrivacy"
1786119766826	Marionette	INFO	Stopped listening on port 37397
console.error: RemoteSecuritySettings: 
  failed to download CRLite filter
Object
  - prototype Object
    - columnNumber = 11
    - data = null
    - filename = resource://gre/modules/ServiceRequest.sys.mjs
    - lineNumber = 126
    - location = {"name":"open","filename":"resource://gre/modules/ServiceRequest.sys.mjs","sourceId":25,"lineNumber":126,"columnNumber":11,"asyncCause":null,"asyncCaller":null,"caller":{"filename":"resource://services-settings/Utils.sys.mjs","name":"fetch/<","sourceId":24,"lineNumber":287,"columnNumber":15,"asyncCause":null,"asyncCaller":null,"caller":{"filename":"resource://services-settings/Utils.sys.mjs","name":"fetch","sourceId":24,"lineNumber":238,"columnNumber":12,"asyncCause":null,"asyncCaller":null,"caller":{"filename":"resource://services-settings/Attachments.sys.mjs","name":"_fetchAttachment","sourceId":23,"lineNumber":560,"columnNumber":35,"asyncCause":null,"asyncCaller":null,"caller":{"filename":"resource://services-settings/Attachments.sys.mjs","name":"downloadAsBytes","sourceId":23,"lineNumber":537,"columnNumber":35,"asyncCause":null,"asyncCaller":null,"caller":null,"formattedStack":"downloadAsBytes@resource://services-settings/Attachments.sys.mjs:537:35\n","nativeSavedFrame":{}},"formattedStack":"_fetchAttachment@resource://services-settings/Attachments.sys.mjs:560:35\ndownloadAsBytes@resource://services-settings/Attachments.sys.mjs:537:35\n","nativeSavedFrame":{}},"formattedStack":"fetch@resource://services-settings/Utils.sys.mjs:238:12\n_fetchAttachment@resource://services-settings/Attachments.sys.mjs:560:35\ndownloadAsBytes@resource://services-settings/Attachments.sys.mjs:537:35\n","nativeSavedFrame":{}},"formattedStack":"fetch/<@resource://services-settings/Utils.sys.mjs:287:15\nfetch@resource://services-settings/Utils.sys.mjs:238:12\n_fetchAttachment@resource://services-settings/Attachments.sys.mjs:560:35\ndownloadAsBytes@resource://services-settings/Attachments.sys.mjs:537:35\n","nativeSavedFrame":{}},"formattedStack":"open@resource://gre/modules/ServiceRequest.sys.mjs:126:11\nfetch/<@resource://services-settings/Utils.sys.mjs:287:15\nfetch@resource://services-settings/Utils.sys.mjs:238:12\n_fetchAttachment@resource://services-settings/Attachments.sys.mjs:560:35\ndownloadAsBytes@resource://services-settings/Attachments.sys.mjs:537:35\n","nativeSavedFrame":{}}
    - message = 
    - name = 
    - result = 2152071198
    - stack = open@resource://gre/modules/ServiceRequest.sys.mjs:126:11|fetch/<@resource://services-settings/Utils.sys.mjs:287:15|fetch@resource://services-settings/Utils.sys.mjs:238:12|_fetchAttachment@resource://services-settings/Attachments.sys.mjs:560:35|downloadAsBytes@resource://services-settings/Attachments.sys.mjs:537:35|
  - prototype Object
console.error: RemoteSecuritySettings: 
  failed to obtain bytes for CRLite delta 20260720-0-default.filter.delta
console.error: RemoteSecuritySettings: 
  failed to download CRLite filter
Object
  - prototype Object
    - columnNumber = 11
    - data = null
    - filename = resource://gre/modules/ServiceRequest.sys.mjs
    - lineNumber = 126
    - location = {"name":"open","filename":"resource://gre/modules/ServiceRequest.sys.mjs","sourceId":25,"lineNumber":126,"columnNumber":11,"asyncCause":null,"asyncCaller":null,"caller":{"filename":"resource://services-settings/Utils.sys.mjs","name":"fetch/<","sourceId":24,"lineNumber":287,"columnNumber":15,"asyncCause":null,"asyncCaller":null,"caller":{"filename":"resource://services-settings/Utils.sys.mjs","name":"fetch","sourceId":24,"lineNumber":238,"columnNumber":12,"asyncCause":null,"asyncCaller":null,"caller":{"filename":"resource://services-settings/Attachments.sys.mjs","name":"_fetchAttachment","sourceId":23,"lineNumber":560,"columnNumber":35,"asyncCause":null,"asyncCaller":null,"caller":{"filename":"resource://services-settings/Attachments.sys.mjs","name":"downloadAsBytes","sourceId":23,"lineNumber":537,"columnNumber":35,"asyncCause":null,"asyncCaller":null,"caller":null,"formattedStack":"downloadAsBytes@resource://services-settings/Attachments.sys.mjs:537:35\n","nativeSavedFrame":{}},"formattedStack":"_fetchAttachment@resource://services-settings/Attachments.sys.mjs:560:35\ndownloadAsBytes@resource://services-settings/Attachments.sys.mjs:537:35\n","nativeSavedFrame":{}},"formattedStack":"fetch@resource://services-settings/Utils.sys.mjs:238:12\n_fetchAttachment@resource://services-settings/Attachments.sys.mjs:560:35\ndownloadAsBytes@resource://services-settings/Attachments.sys.mjs:537:35\n","nativeSavedFrame":{}},"formattedStack":"fetch/<@resource://services-settings/Utils.sys.mjs:287:15\nfetch@resource://services-settings/Utils.sys.mjs:238:12\n_fetchAttachment@resource://services-settings/Attachments.sys.mjs:560:35\ndownloadAsBytes@resource://services-settings/Attachments.sys.mjs:537:35\n","nativeSavedFrame":{}},"formattedStack":"open@resource://gre/modules/ServiceRequest.sys.mjs:126:11\nfetch/<@resource://services-settings/Utils.sys.mjs:287:15\nfetch@resource://services-settings/Utils.sys.mjs:238:12\n_fetchAttachment@resource://services-settings/Attachments.sys.mjs:560:35\ndownloadAsBytes@resource://services-settings/Attachments.sys.mjs:537:35\n","nativeSavedFrame":{}}
    - message = 
    - name = 
    - result = 2152071198
    - stack = open@resource://gre/modules/ServiceRequest.sys.mjs:126:11|fetch/<@resource://services-settings/Utils.sys.mjs:287:15|fetch@resource://services-settings/Utils.sys.mjs:238:12|_fetchAttachment@resource://services-settings/Attachments.sys.mjs:560:35|downloadAsBytes@resource://services-settings/Attachments.sys.mjs:537:35|
  - prototype Object
console.error: RemoteSecuritySettings: 
  failed to obtain bytes for CRLite delta 20260724-1-default.filter.delta
console.error: RemoteSecuritySettings: 
  failed to download CRLite filter
Object
  - prototype Object
    - columnNumber = 11
    - data = null
    - filename = resource://gre/modules/ServiceRequest.sys.mjs
    - lineNumber = 126
    - location = {"name":"open","filename":"resource://gre/modules/ServiceRequest.sys.mjs","sourceId":25,"lineNumber":126,"columnNumber":11,"asyncCause":null,"asyncCaller":null,"caller":{"filename":"resource://services-settings/Utils.sys.mjs","name":"fetch/<","sourceId":24,"lineNumber":287,"columnNumber":15,"asyncCause":null,"asyncCaller":null,"caller":{"filename":"resource://services-settings/Utils.sys.mjs","name":"fetch","sourceId":24,"lineNumber":238,"columnNumber":12,"asyncCause":null,"asyncCaller":null,"caller":{"filename":"resource://services-settings/Attachments.sys.mjs","name":"_fetchAttachment","sourceId":23,"lineNumber":560,"columnNumber":35,"asyncCause":null,"asyncCaller":null,"caller":{"filename":"resource://services-settings/Attachments.sys.mjs","name":"downloadAsBytes","sourceId":23,"lineNumber":537,"columnNumber":35,"asyncCause":null,"asyncCaller":null,"caller":null,"formattedStack":"downloadAsBytes@resource://services-settings/Attachments.sys.mjs:537:35\n","nativeSavedFrame":{}},"formattedStack":"_fetchAttachment@resource://services-settings/Attachments.sys.mjs:560:35\ndownloadAsBytes@resource://services-settings/Attachments.sys.mjs:537:35\n","nativeSavedFrame":{}},"formattedStack":"fetch@resource://services-settings/Utils.sys.mjs:238:12\n_fetchAttachment@resource://services-settings/Attachments.sys.mjs:560:35\ndownloadAsBytes@resource://services-settings/Attachments.sys.mjs:537:35\n","nativeSavedFrame":{}},"formattedStack":"fetch/<@resource://services-settings/Utils.sys.mjs:287:15\nfetch@resource://services-settings/Utils.sys.mjs:238:12\n_fetchAttachment@resource://services-settings/Attachments.sys.mjs:560:35\ndownloadAsBytes@resource://services-settings/Attachments.sys.mjs:537:35\n","nativeSavedFrame":{}},"formattedStack":"open@resource://gre/modules/ServiceRequest.sys.mjs:126:11\nfetch/<@resource://services-settings/Utils.sys.mjs:287:15\nfetch@resource://services-settings/Utils.sys.mjs:238:12\n_fetchAttachment@resource://services-settings/Attachments.sys.mjs:560:35\ndownloadAsBytes@resource://services-settings/Attachments.sys.mjs:537:35\n","nativeSavedFrame":{}}
    - message = 
    - name = 
    - result = 2152071198
    - stack = open@resource://gre/modules/ServiceRequest.sys.mjs:126:11|fetch/<@resource://services-settings/Utils.sys.mjs:287:15|fetch@resource://services-settings/Utils.sys.mjs:238:12|_fetchAttachment@resource://services-settings/Attachments.sys.mjs:560:35|downloadAsBytes@resource://services-settings/Attachments.sys.mjs:537:35|
  - prototype Object
console.error: RemoteSecuritySettings: 
  failed to obtain bytes for CRLite delta 20260728-1-default.filter.delta
console.error: RemoteSecuritySettings: 
  failed to download CRLite filter
Object
  - prototype Object
    - columnNumber = 11
    - data = null
    - filename = resource://gre/modules/ServiceRequest.sys.mjs
    - lineNumber = 126
    - location = {"name":"open","filename":"resource://gre/modules/ServiceRequest.sys.mjs","sourceId":25,"lineNumber":126,"columnNumber":11,"asyncCause":null,"asyncCaller":null,"caller":{"filename":"resource://services-settings/Utils.sys.mjs","name":"fetch/<","sourceId":24,"lineNumber":287,"columnNumber":15,"asyncCause":null,"asyncCaller":null,"caller":{"filename":"resource://services-settings/Utils.sys.mjs","name":"fetch","sourceId":24,"lineNumber":238,"columnNumber":12,"asyncCause":null,"asyncCaller":null,"caller":{"filename":"resource://services-settings/Attachments.sys.mjs","name":"_fetchAttachment","sourceId":23,"lineNumber":560,"columnNumber":35,"asyncCause":null,"asyncCaller":null,"caller":{"filename":"resource://services-settings/Attachments.sys.mjs","name":"downloadAsBytes","sourceId":23,"lineNumber":537,"columnNumber":35,"asyncCause":null,"asyncCaller":null,"caller":null,"formattedStack":"downloadAsBytes@resource://services-settings/Attachments.sys.mjs:537:35\n","nativeSavedFrame":{}},"formattedStack":"_fetchAttachment@resource://services-settings/Attachments.sys.mjs:560:35\ndownloadAsBytes@resource://services-settings/Attachments.sys.mjs:537:35\n","nativeSavedFrame":{}},"formattedStack":"fetch@resource://services-settings/Utils.sys.mjs:238:12\n_fetchAttachment@resource://services-settings/Attachments.sys.mjs:560:35\ndownloadAsBytes@resource://services-settings/Attachments.sys.mjs:537:35\n","nativeSavedFrame":{}},"formattedStack":"fetch/<@resource://services-settings/Utils.sys.mjs:287:15\nfetch@resource://services-settings/Utils.sys.mjs:238:12\n_fetchAttachment@resource://services-settings/Attachments.sys.mjs:560:35\ndownloadAsBytes@resource://services-settings/Attachments.sys.mjs:537:35\n","nativeSavedFrame":{}},"formattedStack":"open@resource://gre/modules/ServiceRequest.sys.mjs:126:11\nfetch/<@resource://services-settings/Utils.sys.mjs:287:15\nfetch@resource://services-settings/Utils.sys.mjs:238:12\n_fetchAttachment@resource://services-settings/Attachments.sys.mjs:560:35\ndownloadAsBytes@resource://services-settings/Attachments.sys.mjs:537:35\n","nativeSavedFrame":{}}
    - message = 
    - name = 
    - result = 2152071198
    - stack = open@resource://gre/modules/ServiceRequest.sys.mjs:126:11|fetch/<@resource://services-settings/Utils.sys.mjs:287:15|fetch@resource://services-settings/Utils.sys.mjs:238:12|_fetchAttachment@resource://services-settings/Attachments.sys.mjs:560:35|downloadAsBytes@resource://services-settings/Attachments.sys.mjs:537:35|
  - prototype Object
console.error: RemoteSecuritySettings: 
  failed to obtain bytes for CRLite delta 20260731-0-default.filter.delta
console.error: RemoteSecuritySettings: 
  failed to download CRLite filter
Object
  - prototype Object
    - columnNumber = 11
    - data = null
    - filename = resource://gre/modules/ServiceRequest.sys.mjs
    - lineNumber = 126
    - location = {"name":"open","filename":"resource://gre/modules/ServiceRequest.sys.mjs","sourceId":25,"lineNumber":126,"columnNumber":11,"asyncCause":null,"asyncCaller":null,"caller":{"filename":"resource://services-settings/Utils.sys.mjs","name":"fetch/<","sourceId":24,"lineNumber":287,"columnNumber":15,"asyncCause":null,"asyncCaller":null,"caller":{"filename":"resource://services-settings/Utils.sys.mjs","name":"fetch","sourceId":24,"lineNumber":238,"columnNumber":12,"asyncCause":null,"asyncCaller":null,"caller":{"filename":"resource://services-settings/Attachments.sys.mjs","name":"_fetchAttachment","sourceId":23,"lineNumber":560,"columnNumber":35,"asyncCause":null,"asyncCaller":null,"caller":{"filename":"resource://services-settings/Attachments.sys.mjs","name":"downloadAsBytes","sourceId":23,"lineNumber":537,"columnNumber":35,"asyncCause":null,"asyncCaller":null,"caller":null,"formattedStack":"downloadAsBytes@resource://services-settings/Attachments.sys.mjs:537:35\n","nativeSavedFrame":{}},"formattedStack":"_fetchAttachment@resource://services-settings/Attachments.sys.mjs:560:35\ndownloadAsBytes@resource://services-settings/Attachments.sys.mjs:537:35\n","nativeSavedFrame":{}},"formattedStack":"fetch@resource://services-settings/Utils.sys.mjs:238:12\n_fetchAttachment@resource://services-settings/Attachments.sys.mjs:560:35\ndownloadAsBytes@resource://services-settings/Attachments.sys.mjs:537:35\n","nativeSavedFrame":{}},"formattedStack":"fetch/<@resource://services-settings/Utils.sys.mjs:287:15\nfetch@resource://services-settings/Utils.sys.mjs:238:12\n_fetchAttachment@resource://services-settings/Attachments.sys.mjs:560:35\ndownloadAsBytes@resource://services-settings/Attachments.sys.mjs:537:35\n","nativeSavedFrame":{}},"formattedStack":"open@resource://gre/modules/ServiceRequest.sys.mjs:126:11\nfetch/<@resource://services-settings/Utils.sys.mjs:287:15\nfetch@resource://services-settings/Utils.sys.mjs:238:12\n_fetchAttachment@resource://services-settings/Attachments.sys.mjs:560:35\ndownloadAsBytes@resource://services-settings/Attachments.sys.mjs:537:35\n","nativeSavedFrame":{}}
    - message = 
    - name = 
    - result = 2152071198
    - stack = open@resource://gre/modules/ServiceRequest.sys.mjs:126:11|fetch/<@resource://services-settings/Utils.sys.mjs:287:15|fetch@resource://services-settings/Utils.sys.mjs:238:12|_fetchAttachment@resource://services-settings/Attachments.sys.mjs:560:35|downloadAsBytes@resource://services-settings/Attachments.sys.mjs:537:35|
  - prototype Object
console.error: RemoteSecuritySettings: 
  failed to obtain bytes for CRLite delta 20260726-1-default.filter.delta
console.error: RemoteSecuritySettings: 
  failed to download CRLite filter
Object
  - prototype Object
    - columnNumber = 11
    - data = null
    - filename = resource://gre/modules/ServiceRequest.sys.mjs
    - lineNumber = 126
    - location = {"name":"open","filename":"resource://gre/modules/ServiceRequest.sys.mjs","sourceId":25,"lineNumber":126,"columnNumber":11,"asyncCause":null,"asyncCaller":null,"caller":{"filename":"resource://services-settings/Utils.sys.mjs","name":"fetch/<","sourceId":24,"lineNumber":287,"columnNumber":15,"asyncCause":null,"asyncCaller":null,"caller":{"filename":"resource://services-settings/Utils.sys.mjs","name":"fetch","sourceId":24,"lineNumber":238,"columnNumber":12,"asyncCause":null,"asyncCaller":null,"caller":{"filename":"resource://services-settings/Attachments.sys.mjs","name":"_fetchAttachment","sourceId":23,"lineNumber":560,"columnNumber":35,"asyncCause":null,"asyncCaller":null,"caller":{"filename":"resource://services-settings/Attachments.sys.mjs","name":"downloadAsBytes","sourceId":23,"lineNumber":537,"columnNumber":35,"asyncCause":null,"asyncCaller":null,"caller":null,"formattedStack":"downloadAsBytes@resource://services-settings/Attachments.sys.mjs:537:35\n","nativeSavedFrame":{}},"formattedStack":"_fetchAttachment@resource://services-settings/Attachments.sys.mjs:560:35\ndownloadAsBytes@resource://services-settings/Attachments.sys.mjs:537:35\n","nativeSavedFrame":{}},"formattedStack":"fetch@resource://services-settings/Utils.sys.mjs:238:12\n_fetchAttachment@resource://services-settings/Attachments.sys.mjs:560:35\ndownloadAsBytes@resource://services-settings/Attachments.sys.mjs:537:35\n","nativeSavedFrame":{}},"formattedStack":"fetch/<@resource://services-settings/Utils.sys.mjs:287:15\nfetch@resource://services-settings/Utils.sys.mjs:238:12\n_fetchAttachment@resource://services-settings/Attachments.sys.mjs:560:35\ndownloadAsBytes@resource://services-settings/Attachments.sys.mjs:537:35\n","nativeSavedFrame":{}},"formattedStack":"open@resource://gre/modules/ServiceRequest.sys.mjs:126:11\nfetch/<@resource://services-settings/Utils.sys.mjs:287:15\nfetch@resource://services-settings/Utils.sys.mjs:238:12\n_fetchAttachment@resource://services-settings/Attachments.sys.mjs:560:35\ndownloadAsBytes@resource://services-settings/Attachments.sys.mjs:537:35\n","nativeSavedFrame":{}}
    - message = 
    - name = 
    - result = 2152071198
    - stack = open@resource://gre/modules/ServiceRequest.sys.mjs:126:11|fetch/<@resource://services-settings/Utils.sys.mjs:287:15|fetch@resource://services-settings/Utils.sys.mjs:238:12|_fetchAttachment@resource://services-settings/Attachments.sys.mjs:560:35|downloadAsBytes@resource://services-settings/Attachments.sys.mjs:537:35|
  - prototype Object
console.error: RemoteSecuritySettings: 
  failed to obtain bytes for CRLite delta 20260807-1-default.filter.delta
console.error: RemoteSecuritySettings: 
  failed to download CRLite filter
Object
  - prototype Object
    - columnNumber = 11
    - data = null
    - filename = resource://gre/modules/ServiceRequest.sys.mjs
    - lineNumber = 126
    - location = {"name":"open","filename":"resource://gre/modules/ServiceRequest.sys.mjs","sourceId":25,"lineNumber":126,"columnNumber":11,"asyncCause":null,"asyncCaller":null,"caller":{"filename":"resource://services-settings/Utils.sys.mjs","name":"fetch/<","sourceId":24,"lineNumber":287,"columnNumber":15,"asyncCause":null,"asyncCaller":null,"caller":{"filename":"resource://services-settings/Utils.sys.mjs","name":"fetch","sourceId":24,"lineNumber":238,"columnNumber":12,"asyncCause":null,"asyncCaller":null,"caller":{"filename":"resource://services-settings/Attachments.sys.mjs","name":"_fetchAttachment","sourceId":23,"lineNumber":560,"columnNumber":35,"asyncCause":null,"asyncCaller":null,"caller":{"filename":"resource://services-settings/Attachments.sys.mjs","name":"downloadAsBytes","sourceId":23,"lineNumber":537,"columnNumber":35,"asyncCause":null,"asyncCaller":null,"caller":null,"formattedStack":"downloadAsBytes@resource://services-settings/Attachments.sys.mjs:537:35\n","nativeSavedFrame":{}},"formattedStack":"_fetchAttachment@resource://services-settings/Attachments.sys.mjs:560:35\ndownloadAsBytes@resource://services-settings/Attachments.sys.mjs:537:35\n","nativeSavedFrame":{}},"formattedStack":"fetch@resource://services-settings/Utils.sys.mjs:238:12\n_fetchAttachment@resource://services-settings/Attachments.sys.mjs:560:35\ndownloadAsBytes@resource://services-settings/Attachments.sys.mjs:537:35\n","nativeSavedFrame":{}},"formattedStack":"fetch/<@resource://services-settings/Utils.sys.mjs:287:15\nfetch@resource://services-settings/Utils.sys.mjs:238:12\n_fetchAttachment@resource://services-settings/Attachments.sys.mjs:560:35\ndownloadAsBytes@resource://services-settings/Attachments.sys.mjs:537:35\n","nativeSavedFrame":{}},"formattedStack":"open@resource://gre/modules/ServiceRequest.sys.mjs:126:11\nfetch/<@resource://services-settings/Utils.sys.mjs:287:15\nfetch@resource://services-settings/Utils.sys.mjs:238:12\n_fetchAttachment@resource://services-settings/Attachments.sys.mjs:560:35\ndownloadAsBytes@resource://services-settings/Attachments.sys.mjs:537:35\n","nativeSavedFrame":{}}
    - message = 
    - name = 
    - result = 2152071198
    - stack = open@resource://gre/modules/ServiceRequest.sys.mjs:126:11|fetch/<@resource://services-settings/Utils.sys.mjs:287:15|fetch@resource://services-settings/Utils.sys.mjs:238:12|_fetchAttachment@resource://services-settings/Attachments.sys.mjs:560:35|downloadAsBytes@resource://services-settings/Attachments.sys.mjs:537:35|
  - prototype Object
console.error: RemoteSecuritySettings: 
  failed to obtain bytes for CRLite delta 20260802-1-default.filter.delta
console.error: RemoteSecuritySettings: 
  failed to download CRLite filter
Object
  - prototype Object
    - columnNumber = 11
    - data = null
    - filename = resource://gre/modules/ServiceRequest.sys.mjs
    - lineNumber = 126
    - location = {"name":"open","filename":"resource://gre/modules/ServiceRequest.sys.mjs","sourceId":25,"lineNumber":126,"columnNumber":11,"asyncCause":null,"asyncCaller":null,"caller":{"filename":"resource://services-settings/Utils.sys.mjs","name":"fetch/<","sourceId":24,"lineNumber":287,"columnNumber":15,"asyncCause":null,"asyncCaller":null,"caller":{"filename":"resource://services-settings/Utils.sys.mjs","name":"fetch","sourceId":24,"lineNumber":238,"columnNumber":12,"asyncCause":null,"asyncCaller":null,"caller":{"filename":"resource://services-settings/Attachments.sys.mjs","name":"_fetchAttachment","sourceId":23,"lineNumber":560,"columnNumber":35,"asyncCause":null,"asyncCaller":null,"caller":{"filename":"resource://services-settings/Attachments.sys.mjs","name":"downloadAsBytes","sourceId":23,"lineNumber":537,"columnNumber":35,"asyncCause":null,"asyncCaller":null,"caller":null,"formattedStack":"downloadAsBytes@resource://services-settings/Attachments.sys.mjs:537:35\n","nativeSavedFrame":{}},"formattedStack":"_fetchAttachment@resource://services-settings/Attachments.sys.mjs:560:35\ndownloadAsBytes@resource://services-settings/Attachments.sys.mjs:537:35\n","nativeSavedFrame":{}},"formattedStack":"fetch@resource://services-settings/Utils.sys.mjs:238:12\n_fetchAttachment@resource://services-settings/Attachments.sys.mjs:560:35\ndownloadAsBytes@resource://services-settings/Attachments.sys.mjs:537:35\n","nativeSavedFrame":{}},"formattedStack":"fetch/<@resource://services-settings/Utils.sys.mjs:287:15\nfetch@resource://services-settings/Utils.sys.mjs:238:12\n_fetchAttachment@resource://services-settings/Attachments.sys.mjs:560:35\ndownloadAsBytes@resource://services-settings/Attachments.sys.mjs:537:35\n","nativeSavedFrame":{}},"formattedStack":"open@resource://gre/modules/ServiceRequest.sys.mjs:126:11\nfetch/<@resource://services-settings/Utils.sys.mjs:287:15\nfetch@resource://services-settings/Utils.sys.mjs:238:12\n_fetchAttachment@resource://services-settings/Attachments.sys.mjs:560:35\ndownloadAsBytes@resource://services-settings/Attachments.sys.mjs:537:35\n","nativeSavedFrame":{}}
    - message = 
    - name = 
    - result = 2152071198
    - stack = open@resource://gre/modules/ServiceRequest.sys.mjs:126:11|fetch/<@resource://services-settings/Utils.sys.mjs:287:15|fetch@resource://services-settings/Utils.sys.mjs:238:12|_fetchAttachment@resource://services-settings/Attachments.sys.mjs:560:35|downloadAsBytes@resource://services-settings/Attachments.sys.mjs:537:35|
  - prototype Object
console.error: RemoteSecuritySettings: 
  failed to obtain bytes for CRLite delta 20260722-1-default.filter.delta
console.error: RemoteSecuritySettings: 
  failed to download CRLite filter
Object
  - prototype Object
    - columnNumber = 11
    - data = null
    - filename = resource://gre/modules/ServiceRequest.sys.mjs
    - lineNumber = 126
    - location = {"name":"open","filename":"resource://gre/modules/ServiceRequest.sys.mjs","sourceId":25,"lineNumber":126,"columnNumber":11,"asyncCause":null,"asyncCaller":null,"caller":{"filename":"resource://services-settings/Utils.sys.mjs","name":"fetch/<","sourceId":24,"lineNumber":287,"columnNumber":15,"asyncCause":null,"asyncCaller":null,"caller":{"filename":"resource://services-settings/Utils.sys.mjs","name":"fetch","sourceId":24,"lineNumber":238,"columnNumber":12,"asyncCause":null,"asyncCaller":null,"caller":{"filename":"resource://services-settings/Attachments.sys.mjs","name":"_fetchAttachment","sourceId":23,"lineNumber":560,"columnNumber":35,"asyncCause":null,"asyncCaller":null,"caller":{"filename":"resource://services-settings/Attachments.sys.mjs","name":"downloadAsBytes","sourceId":23,"lineNumber":537,"columnNumber":35,"asyncCause":null,"asyncCaller":null,"caller":null,"formattedStack":"downloadAsBytes@resource://services-settings/Attachments.sys.mjs:537:35\n","nativeSavedFrame":{}},"formattedStack":"_fetchAttachment@resource://services-settings/Attachments.sys.mjs:560:35\ndownloadAsBytes@resource://services-settings/Attachments.sys.mjs:537:35\n","nativeSavedFrame":{}},"formattedStack":"fetch@resource://services-settings/Utils.sys.mjs:238:12\n_fetchAttachment@resource://services-settings/Attachments.sys.mjs:560:35\ndownloadAsBytes@resource://services-settings/Attachments.sys.mjs:537:35\n","nativeSavedFrame":{}},"formattedStack":"fetch/<@resource://services-settings/Utils.sys.mjs:287:15\nfetch@resource://services-settings/Utils.sys.mjs:238:12\n_fetchAttachment@resource://services-settings/Attachments.sys.mjs:560:35\ndownloadAsBytes@resource://services-settings/Attachments.sys.mjs:537:35\n","nativeSavedFrame":{}},"formattedStack":"open@resource://gre/modules/ServiceRequest.sys.mjs:126:11\nfetch/<@resource://services-settings/Utils.sys.mjs:287:15\nfetch@resource://services-settings/Utils.sys.mjs:238:12\n_fetchAttachment@resource://services-settings/Attachments.sys.mjs:560:35\ndownloadAsBytes@resource://services-settings/Attachments.sys.mjs:537:35\n","nativeSavedFrame":{}}
    - message = 
    - name = 
    - result = 2152071198
    - stack = open@resource://gre/modules/ServiceRequest.sys.mjs:126:11|fetch/<@resource://services-settings/Utils.sys.mjs:287:15|fetch@resource://services-settings/Utils.sys.mjs:238:12|_fetchAttachment@resource://services-settings/Attachments.sys.mjs:560:35|downloadAsBytes@resource://services-settings/Attachments.sys.mjs:537:35|
  - prototype Object
console.error: RemoteSecuritySettings: 
  failed to obtain bytes for CRLite delta 20260731-1-default.filter.delta
console.error: RemoteSecuritySettings: 
  failed to download CRLite filter
Object
  - prototype Object
    - columnNumber = 11
    - data = null
    - filename = resource://gre/modules/ServiceRequest.sys.mjs
    - lineNumber = 126
    - location = {"name":"open","filename":"resource://gre/modules/ServiceRequest.sys.mjs","sourceId":25,"lineNumber":126,"columnNumber":11,"asyncCause":null,"asyncCaller":null,"caller":{"filename":"resource://services-settings/Utils.sys.mjs","name":"fetch/<","sourceId":24,"lineNumber":287,"columnNumber":15,"asyncCause":null,"asyncCaller":null,"caller":{"filename":"resource://services-settings/Utils.sys.mjs","name":"fetch","sourceId":24,"lineNumber":238,"columnNumber":12,"asyncCause":null,"asyncCaller":null,"caller":{"filename":"resource://services-settings/Attachments.sys.mjs","name":"_fetchAttachment","sourceId":23,"lineNumber":560,"columnNumber":35,"asyncCause":null,"asyncCaller":null,"caller":{"filename":"resource://services-settings/Attachments.sys.mjs","name":"downloadAsBytes","sourceId":23,"lineNumber":537,"columnNumber":35,"asyncCause":null,"asyncCaller":null,"caller":null,"formattedStack":"downloadAsBytes@resource://services-settings/Attachments.sys.mjs:537:35\n","nativeSavedFrame":{}},"formattedStack":"_fetchAttachment@resource://services-settings/Attachments.sys.mjs:560:35\ndownloadAsBytes@resource://services-settings/Attachments.sys.mjs:537:35\n","nativeSavedFrame":{}},"formattedStack":"fetch@resource://services-settings/Utils.sys.mjs:238:12\n_fetchAttachment@resource://services-settings/Attachments.sys.mjs:560:35\ndownloadAsBytes@resource://services-settings/Attachments.sys.mjs:537:35\n","nativeSavedFrame":{}},"formattedStack":"fetch/<@resource://services-settings/Utils.sys.mjs:287:15\nfetch@resource://services-settings/Utils.sys.mjs:238:12\n_fetchAttachment@resource://services-settings/Attachments.sys.mjs:560:35\ndownloadAsBytes@resource://services-settings/Attachments.sys.mjs:537:35\n","nativeSavedFrame":{}},"formattedStack":"open@resource://gre/modules/ServiceRequest.sys.mjs:126:11\nfetch/<@resource://services-settings/Utils.sys.mjs:287:15\nfetch@resource://services-settings/Utils.sys.mjs:238:12\n_fetchAttachment@resource://services-settings/Attachments.sys.mjs:560:35\ndownloadAsBytes@resource://services-settings/Attachments.sys.mjs:537:35\n","nativeSavedFrame":{}}
    - message = 
    - name = 
    - result = 2152071198
    - stack = open@resource://gre/modules/ServiceRequest.sys.mjs:126:11|fetch/<@resource://services-settings/Utils.sys.mjs:287:15|fetch@resource://services-settings/Utils.sys.mjs:238:12|_fetchAttachment@resource://services-settings/Attachments.sys.mjs:560:35|downloadAsBytes@resource://services-settings/Attachments.sys.mjs:537:35|
  - prototype Object
console.error: RemoteSecuritySettings: 
  failed to obtain bytes for CRLite delta 20260806-0-default.filter.delta
console.error: RemoteSecuritySettings: 
  failed to download CRLite filter
Object
  - prototype Object
    - columnNumber = 11
    - data = null
    - filename = resource://gre/modules/ServiceRequest.sys.mjs
    - lineNumber = 126
    - location = {"name":"open","filename":"resource://gre/modules/ServiceRequest.sys.mjs","sourceId":25,"lineNumber":126,"columnNumber":11,"asyncCause":null,"asyncCaller":null,"caller":{"filename":"resource://services-settings/Utils.sys.mjs","name":"fetch/<","sourceId":24,"lineNumber":287,"columnNumber":15,"asyncCause":null,"asyncCaller":null,"caller":{"filename":"resource://services-settings/Utils.sys.mjs","name":"fetch","sourceId":24,"lineNumber":238,"columnNumber":12,"asyncCause":null,"asyncCaller":null,"caller":{"filename":"resource://services-settings/Attachments.sys.mjs","name":"_fetchAttachment","sourceId":23,"lineNumber":560,"columnNumber":35,"asyncCause":null,"asyncCaller":null,"caller":{"filename":"resource://services-settings/Attachments.sys.mjs","name":"downloadAsBytes","sourceId":23,"lineNumber":537,"columnNumber":35,"asyncCause":null,"asyncCaller":null,"caller":null,"formattedStack":"downloadAsBytes@resource://services-settings/Attachments.sys.mjs:537:35\n","nativeSavedFrame":{}},"formattedStack":"_fetchAttachment@resource://services-settings/Attachments.sys.mjs:560:35\ndownloadAsBytes@resource://services-settings/Attachments.sys.mjs:537:35\n","nativeSavedFrame":{}},"formattedStack":"fetch@resource://services-settings/Utils.sys.mjs:238:12\n_fetchAttachment@resource://services-settings/Attachments.sys.mjs:560:35\ndownloadAsBytes@resource://services-settings/Attachments.sys.mjs:537:35\n","nativeSavedFrame":{}},"formattedStack":"fetch/<@resource://services-settings/Utils.sys.mjs:287:15\nfetch@resource://services-settings/Utils.sys.mjs:238:12\n_fetchAttachment@resource://services-settings/Attachments.sys.mjs:560:35\ndownloadAsBytes@resource://services-settings/Attachments.sys.mjs:537:35\n","nativeSavedFrame":{}},"formattedStack":"open@resource://gre/modules/ServiceRequest.sys.mjs:126:11\nfetch/<@resource://services-settings/Utils.sys.mjs:287:15\nfetch@resource://services-settings/Utils.sys.mjs:238:12\n_fetchAttachment@resource://services-settings/Attachments.sys.mjs:560:35\ndownloadAsBytes@resource://services-settings/Attachments.sys.mjs:537:35\n","nativeSavedFrame":{}}
    - message = 
    - name = 
    - result = 2152071198
    - stack = open@resource://gre/modules/ServiceRequest.sys.mjs:126:11|fetch/<@resource://services-settings/Utils.sys.mjs:287:15|fetch@resource://services-settings/Utils.sys.mjs:238:12|_fetchAttachment@resource://services-settings/Attachments.sys.mjs:560:35|downloadAsBytes@resource://services-settings/Attachments.sys.mjs:537:35|
  - prototype Object
console.error: RemoteSecuritySettings: 
  failed to obtain bytes for CRLite delta 20260729-0-default.filter.delta
console.error: RemoteSecuritySettings: 
  failed to download CRLite filter
Object
  - prototype Object
    - columnNumber = 11
    - data = null
    - filename = resource://gre/modules/ServiceRequest.sys.mjs
    - lineNumber = 126
    - location = {"name":"open","filename":"resource://gre/modules/ServiceRequest.sys.mjs","sourceId":25,"lineNumber":126,"columnNumber":11,"asyncCause":null,"asyncCaller":null,"caller":{"filename":"resource://services-settings/Utils.sys.mjs","name":"fetch/<","sourceId":24,"lineNumber":287,"columnNumber":15,"asyncCause":null,"asyncCaller":null,"caller":{"filename":"resource://services-settings/Utils.sys.mjs","name":"fetch","sourceId":24,"lineNumber":238,"columnNumber":12,"asyncCause":null,"asyncCaller":null,"caller":{"filename":"resource://services-settings/Attachments.sys.mjs","name":"_fetchAttachment","sourceId":23,"lineNumber":560,"columnNumber":35,"asyncCause":null,"asyncCaller":null,"caller":{"filename":"resource://services-settings/Attachments.sys.mjs","name":"downloadAsBytes","sourceId":23,"lineNumber":537,"columnNumber":35,"asyncCause":null,"asyncCaller":null,"caller":null,"formattedStack":"downloadAsBytes@resource://services-settings/Attachments.sys.mjs:537:35\n","nativeSavedFrame":{}},"formattedStack":"_fetchAttachment@resource://services-settings/Attachments.sys.mjs:560:35\ndownloadAsBytes@resource://services-settings/Attachments.sys.mjs:537:35\n","nativeSavedFrame":{}},"formattedStack":"fetch@resource://services-settings/Utils.sys.mjs:238:12\n_fetchAttachment@resource://services-settings/Attachments.sys.mjs:560:35\ndownloadAsBytes@resource://services-settings/Attachments.sys.mjs:537:35\n","nativeSavedFrame":{}},"formattedStack":"fetch/<@resource://services-settings/Utils.sys.mjs:287:15\nfetch@resource://services-settings/Utils.sys.mjs:238:12\n_fetchAttachment@resource://services-settings/Attachments.sys.mjs:560:35\ndownloadAsBytes@resource://services-settings/Attachments.sys.mjs:537:35\n","nativeSavedFrame":{}},"formattedStack":"open@resource://gre/modules/ServiceRequest.sys.mjs:126:11\nfetch/<@resource://services-settings/Utils.sys.mjs:287:15\nfetch@resource://services-settings/Utils.sys.mjs:238:12\n_fetchAttachment@resource://services-settings/Attachments.sys.mjs:560:35\ndownloadAsBytes@resource://services-settings/Attachments.sys.mjs:537:35\n","nativeSavedFrame":{}}
    - message = 
    - name = 
    - result = 2152071198
    - stack = open@resource://gre/modules/ServiceRequest.sys.mjs:126:11|fetch/<@resource://services-settings/Utils.sys.mjs:287:15|fetch@resource://services-settings/Utils.sys.mjs:238:12|_fetchAttachment@resource://services-settings/Attachments.sys.mjs:560:35|downloadAsBytes@resource://services-settings/Attachments.sys.mjs:537:35|
  - prototype Object
console.error: RemoteSecuritySettings: 
  failed to obtain bytes for CRLite delta 20260721-1-default.filter.delta
console.error: RemoteSecuritySettings: 
  failed to download CRLite filter
Object
  - prototype Object
    - columnNumber = 11
    - data = null
    - filename = resource://gre/modules/ServiceRequest.sys.mjs
    - lineNumber = 126
    - location = {"name":"open","filename":"resource://gre/modules/ServiceRequest.sys.mjs","sourceId":25,"lineNumber":126,"columnNumber":11,"asyncCause":null,"asyncCaller":null,"caller":{"filename":"resource://services-settings/Utils.sys.mjs","name":"fetch/<","sourceId":24,"lineNumber":287,"columnNumber":15,"asyncCause":null,"asyncCaller":null,"caller":{"filename":"resource://services-settings/Utils.sys.mjs","name":"fetch","sourceId":24,"lineNumber":238,"columnNumber":12,"asyncCause":null,"asyncCaller":null,"caller":{"filename":"resource://services-settings/Attachments.sys.mjs","name":"_fetchAttachment","sourceId":23,"lineNumber":560,"columnNumber":35,"asyncCause":null,"asyncCaller":null,"caller":{"filename":"resource://services-settings/Attachments.sys.mjs","name":"downloadAsBytes","sourceId":23,"lineNumber":537,"columnNumber":35,"asyncCause":null,"asyncCaller":null,"caller":null,"formattedStack":"downloadAsBytes@resource://services-settings/Attachments.sys.mjs:537:35\n","nativeSavedFrame":{}},"formattedStack":"_fetchAttachment@resource://services-settings/Attachments.sys.mjs:560:35\ndownloadAsBytes@resource://services-settings/Attachments.sys.mjs:537:35\n","nativeSavedFrame":{}},"formattedStack":"fetch@resource://services-settings/Utils.sys.mjs:238:12\n_fetchAttachment@resource://services-settings/Attachments.sys.mjs:560:35\ndownloadAsBytes@resource://services-settings/Attachments.sys.mjs:537:35\n","nativeSavedFrame":{}},"formattedStack":"fetch/<@resource://services-settings/Utils.sys.mjs:287:15\nfetch@resource://services-settings/Utils.sys.mjs:238:12\n_fetchAttachment@resource://services-settings/Attachments.sys.mjs:560:35\ndownloadAsBytes@resource://services-settings/Attachments.sys.mjs:537:35\n","nativeSavedFrame":{}},"formattedStack":"open@resource://gre/modules/ServiceRequest.sys.mjs:126:11\nfetch/<@resource://services-settings/Utils.sys.mjs:287:15\nfetch@resource://services-settings/Utils.sys.mjs:238:12\n_fetchAttachment@resource://services-settings/Attachments.sys.mjs:560:35\ndownloadAsBytes@resource://services-settings/Attachments.sys.mjs:537:35\n","nativeSavedFrame":{}}
    - message = 
    - name = 
    - result = 2152071198
    - stack = open@resource://gre/modules/ServiceRequest.sys.mjs:126:11|fetch/<@resource://services-settings/Utils.sys.mjs:287:15|fetch@resource://services-settings/Utils.sys.mjs:238:12|_fetchAttachment@resource://services-settings/Attachments.sys.mjs:560:35|downloadAsBytes@resource://services-settings/Attachments.sys.mjs:537:35|
  - prototype Object
console.error: RemoteSecuritySettings: 
  failed to obtain bytes for CRLite delta 20260721-0-default.filter.delta
console.error: RemoteSecuritySettings: 
  failed to download CRLite filter
Object
  - prototype Object
    - columnNumber = 11
    - data = null
    - filename = resource://gre/modules/ServiceRequest.sys.mjs
    - lineNumber = 126
    - location = {"name":"open","filename":"resource://gre/modules/ServiceRequest.sys.mjs","sourceId":25,"lineNumber":126,"columnNumber":11,"asyncCause":null,"asyncCaller":null,"caller":{"filename":"resource://services-settings/Utils.sys.mjs","name":"fetch/<","sourceId":24,"lineNumber":287,"columnNumber":15,"asyncCause":null,"asyncCaller":null,"caller":{"filename":"resource://services-settings/Utils.sys.mjs","name":"fetch","sourceId":24,"lineNumber":238,"columnNumber":12,"asyncCause":null,"asyncCaller":null,"caller":{"filename":"resource://services-settings/Attachments.sys.mjs","name":"_fetchAttachment","sourceId":23,"lineNumber":560,"columnNumber":35,"asyncCause":null,"asyncCaller":null,"caller":{"filename":"resource://services-settings/Attachments.sys.mjs","name":"downloadAsBytes","sourceId":23,"lineNumber":537,"columnNumber":35,"asyncCause":null,"asyncCaller":null,"caller":null,"formattedStack":"downloadAsBytes@resource://services-settings/Attachments.sys.mjs:537:35\n","nativeSavedFrame":{}},"formattedStack":"_fetchAttachment@resource://services-settings/Attachments.sys.mjs:560:35\ndownloadAsBytes@resource://services-settings/Attachments.sys.mjs:537:35\n","nativeSavedFrame":{}},"formattedStack":"fetch@resource://services-settings/Utils.sys.mjs:238:12\n_fetchAttachment@resource://services-settings/Attachments.sys.mjs:560:35\ndownloadAsBytes@resource://services-settings/Attachments.sys.mjs:537:35\n","nativeSavedFrame":{}},"formattedStack":"fetch/<@resource://services-settings/Utils.sys.mjs:287:15\nfetch@resource://services-settings/Utils.sys.mjs:238:12\n_fetchAttachment@resource://services-settings/Attachments.sys.mjs:560:35\ndownloadAsBytes@resource://services-settings/Attachments.sys.mjs:537:35\n","nativeSavedFrame":{}},"formattedStack":"open@resource://gre/modules/ServiceRequest.sys.mjs:126:11\nfetch/<@resource://services-settings/Utils.sys.mjs:287:15\nfetch@resource://services-settings/Utils.sys.mjs:238:12\n_fetchAttachment@resource://services-settings/Attachments.sys.mjs:560:35\ndownloadAsBytes@resource://services-settings/Attachments.sys.mjs:537:35\n","nativeSavedFrame":{}}
    - message = 
    - name = 
    - result = 2152071198
    - stack = open@resource://gre/modules/ServiceRequest.sys.mjs:126:11|fetch/<@resource://services-settings/Utils.sys.mjs:287:15|fetch@resource://services-settings/Utils.sys.mjs:238:12|_fetchAttachment@resource://services-settings/Attachments.sys.mjs:560:35|downloadAsBytes@resource://services-settings/Attachments.sys.mjs:537:35|
  - prototype Object
console.error: RemoteSecuritySettings: 
  failed to obtain bytes for CRLite delta 20260804-0-default.filter.delta
console.error: RemoteSecuritySettings: 
  failed to download CRLite filter
Object
  - prototype Object
    - columnNumber = 11
    - data = null
    - filename = resource://gre/modules/ServiceRequest.sys.mjs
    - lineNumber = 126
    - location = {"name":"open","filename":"resource://gre/modules/ServiceRequest.sys.mjs","sourceId":25,"lineNumber":126,"columnNumber":11,"asyncCause":null,"asyncCaller":null,"caller":{"filename":"resource://services-settings/Utils.sys.mjs","name":"fetch/<","sourceId":24,"lineNumber":287,"columnNumber":15,"asyncCause":null,"asyncCaller":null,"caller":{"filename":"resource://services-settings/Utils.sys.mjs","name":"fetch","sourceId":24,"lineNumber":238,"columnNumber":12,"asyncCause":null,"asyncCaller":null,"caller":{"filename":"resource://services-settings/Attachments.sys.mjs","name":"_fetchAttachment","sourceId":23,"lineNumber":560,"columnNumber":35,"asyncCause":null,"asyncCaller":null,"caller":{"filename":"resource://services-settings/Attachments.sys.mjs","name":"downloadAsBytes","sourceId":23,"lineNumber":537,"columnNumber":35,"asyncCause":null,"asyncCaller":null,"caller":null,"formattedStack":"downloadAsBytes@resource://services-settings/Attachments.sys.mjs:537:35\n","nativeSavedFrame":{}},"formattedStack":"_fetchAttachment@resource://services-settings/Attachments.sys.mjs:560:35\ndownloadAsBytes@resource://services-settings/Attachments.sys.mjs:537:35\n","nativeSavedFrame":{}},"formattedStack":"fetch@resource://services-settings/Utils.sys.mjs:238:12\n_fetchAttachment@resource://services-settings/Attachments.sys.mjs:560:35\ndownloadAsBytes@resource://services-settings/Attachments.sys.mjs:537:35\n","nativeSavedFrame":{}},"formattedStack":"fetch/<@resource://services-settings/Utils.sys.mjs:287:15\nfetch@resource://services-settings/Utils.sys.mjs:238:12\n_fetchAttachment@resource://services-settings/Attachments.sys.mjs:560:35\ndownloadAsBytes@resource://services-settings/Attachments.sys.mjs:537:35\n","nativeSavedFrame":{}},"formattedStack":"open@resource://gre/modules/ServiceRequest.sys.mjs:126:11\nfetch/<@resource://services-settings/Utils.sys.mjs:287:15\nfetch@resource://services-settings/Utils.sys.mjs:238:12\n_fetchAttachment@resource://services-settings/Attachments.sys.mjs:560:35\ndownloadAsBytes@resource://services-settings/Attachments.sys.mjs:537:35\n","nativeSavedFrame":{}}
    - message = 
    - name = 
    - result = 2152071198
    - stack = open@resource://gre/modules/ServiceRequest.sys.mjs:126:11|fetch/<@resource://services-settings/Utils.sys.mjs:287:15|fetch@resource://services-settings/Utils.sys.mjs:238:12|_fetchAttachment@resource://services-settings/Attachments.sys.mjs:560:35|downloadAsBytes@resource://services-settings/Attachments.sys.mjs:537:35|
  - prototype Object
console.error: RemoteSecuritySettings: 
  failed to obtain bytes for CRLite delta 20260719-1-default.filter.delta
console.error: RemoteSecuritySettings: 
  failed to download CRLite filter
Object
  - prototype Object
    - columnNumber = 11
    - data = null
    - filename = resource://gre/modules/ServiceRequest.sys.mjs
    - lineNumber = 126
    - location = {"name":"open","filename":"resource://gre/modules/ServiceRequest.sys.mjs","sourceId":25,"lineNumber":126,"columnNumber":11,"asyncCause":null,"asyncCaller":null,"caller":{"filename":"resource://services-settings/Utils.sys.mjs","name":"fetch/<","sourceId":24,"lineNumber":287,"columnNumber":15,"asyncCause":null,"asyncCaller":null,"caller":{"filename":"resource://services-settings/Utils.sys.mjs","name":"fetch","sourceId":24,"lineNumber":238,"columnNumber":12,"asyncCause":null,"asyncCaller":null,"caller":{"filename":"resource://services-settings/Attachments.sys.mjs","name":"_fetchAttachment","sourceId":23,"lineNumber":560,"columnNumber":35,"asyncCause":null,"asyncCaller":null,"caller":{"filename":"resource://services-settings/Attachments.sys.mjs","name":"downloadAsBytes","sourceId":23,"lineNumber":537,"columnNumber":35,"asyncCause":null,"asyncCaller":null,"caller":null,"formattedStack":"downloadAsBytes@resource://services-settings/Attachments.sys.mjs:537:35\n","nativeSavedFrame":{}},"formattedStack":"_fetchAttachment@resource://services-settings/Attachments.sys.mjs:560:35\ndownloadAsBytes@resource://services-settings/Attachments.sys.mjs:537:35\n","nativeSavedFrame":{}},"formattedStack":"fetch@resource://services-settings/Utils.sys.mjs:238:12\n_fetchAttachment@resource://services-settings/Attachments.sys.mjs:560:35\ndownloadAsBytes@resource://services-settings/Attachments.sys.mjs:537:35\n","nativeSavedFrame":{}},"formattedStack":"fetch/<@resource://services-settings/Utils.sys.mjs:287:15\nfetch@resource://services-settings/Utils.sys.mjs:238:12\n_fetchAttachment@resource://services-settings/Attachments.sys.mjs:560:35\ndownloadAsBytes@resource://services-settings/Attachments.sys.mjs:537:35\n","nativeSavedFrame":{}},"formattedStack":"open@resource://gre/modules/ServiceRequest.sys.mjs:126:11\nfetch/<@resource://services-settings/Utils.sys.mjs:287:15\nfetch@resource://services-settings/Utils.sys.mjs:238:12\n_fetchAttachment@resource://services-settings/Attachments.sys.mjs:560:35\ndownloadAsBytes@resource://services-settings/Attachments.sys.mjs:537:35\n","nativeSavedFrame":{}}
    - message = 
    - name = 
    - result = 2152071198
    - stack = open@resource://gre/modules/ServiceRequest.sys.mjs:126:11|fetch/<@resource://services-settings/Utils.sys.mjs:287:15|fetch@resource://services-settings/Utils.sys.mjs:238:12|_fetchAttachment@resource://services-settings/Attachments.sys.mjs:560:35|downloadAsBytes@resource://services-settings/Attachments.sys.mjs:537:35|
  - prototype Object
console.error: RemoteSecuritySettings: 
  failed to obtain bytes for CRLite delta 20260801-1-default.filter.delta
console.error: RemoteSecuritySettings: 
  failed to download CRLite filter
Object
  - prototype Object
    - columnNumber = 11
    - data = null
    - filename = resource://gre/modules/ServiceRequest.sys.mjs
    - lineNumber = 126
    - location = {"name":"open","filename":"resource://gre/modules/ServiceRequest.sys.mjs","sourceId":25,"lineNumber":126,"columnNumber":11,"asyncCause":null,"asyncCaller":null,"caller":{"filename":"resource://services-settings/Utils.sys.mjs","name":"fetch/<","sourceId":24,"lineNumber":287,"columnNumber":15,"asyncCause":null,"asyncCaller":null,"caller":{"filename":"resource://services-settings/Utils.sys.mjs","name":"fetch","sourceId":24,"lineNumber":238,"columnNumber":12,"asyncCause":null,"asyncCaller":null,"caller":{"filename":"resource://services-settings/Attachments.sys.mjs","name":"_fetchAttachment","sourceId":23,"lineNumber":560,"columnNumber":35,"asyncCause":null,"asyncCaller":null,"caller":{"filename":"resource://services-settings/Attachments.sys.mjs","name":"downloadAsBytes","sourceId":23,"lineNumber":537,"columnNumber":35,"asyncCause":null,"asyncCaller":null,"caller":null,"formattedStack":"downloadAsBytes@resource://services-settings/Attachments.sys.mjs:537:35\n","nativeSavedFrame":{}},"formattedStack":"_fetchAttachment@resource://services-settings/Attachments.sys.mjs:560:35\ndownloadAsBytes@resource://services-settings/Attachments.sys.mjs:537:35\n","nativeSavedFrame":{}},"formattedStack":"fetch@resource://services-settings/Utils.sys.mjs:238:12\n_fetchAttachment@resource://services-settings/Attachments.sys.mjs:560:35\ndownloadAsBytes@resource://services-settings/Attachments.sys.mjs:537:35\n","nativeSavedFrame":{}},"formattedStack":"fetch/<@resource://services-settings/Utils.sys.mjs:287:15\nfetch@resource://services-settings/Utils.sys.mjs:238:12\n_fetchAttachment@resource://services-settings/Attachments.sys.mjs:560:35\ndownloadAsBytes@resource://services-settings/Attachments.sys.mjs:537:35\n","nativeSavedFrame":{}},"formattedStack":"open@resource://gre/modules/ServiceRequest.sys.mjs:126:11\nfetch/<@resource://services-settings/Utils.sys.mjs:287:15\nfetch@resource://services-settings/Utils.sys.mjs:238:12\n_fetchAttachment@resource://services-settings/Attachments.sys.mjs:560:35\ndownloadAsBytes@resource://services-settings/Attachments.sys.mjs:537:35\n","nativeSavedFrame":{}}
    - message = 
    - name = 
    - result = 2152071198
    - stack = open@resource://gre/modules/ServiceRequest.sys.mjs:126:11|fetch/<@resource://services-settings/Utils.sys.mjs:287:15|fetch@resource://services-settings/Utils.sys.mjs:238:12|_fetchAttachment@resource://services-settings/Attachments.sys.mjs:560:35|downloadAsBytes@resource://services-settings/Attachments.sys.mjs:537:35|
  - prototype Object
console.error: RemoteSecuritySettings: 
  failed to obtain bytes for CRLite delta 20260727-1-default.filter.delta
console.error: RemoteSecuritySettings: 
  failed to download CRLite filter
Object
  - prototype Object
    - columnNumber = 11
    - data = null
    - filename = resource://gre/modules/ServiceRequest.sys.mjs
    - lineNumber = 126
    - location = {"name":"open","filename":"resource://gre/modules/ServiceRequest.sys.mjs","sourceId":25,"lineNumber":126,"columnNumber":11,"asyncCause":null,"asyncCaller":null,"caller":{"filename":"resource://services-settings/Utils.sys.mjs","name":"fetch/<","sourceId":24,"lineNumber":287,"columnNumber":15,"asyncCause":null,"asyncCaller":null,"caller":{"filename":"resource://services-settings/Utils.sys.mjs","name":"fetch","sourceId":24,"lineNumber":238,"columnNumber":12,"asyncCause":null,"asyncCaller":null,"caller":{"filename":"resource://services-settings/Attachments.sys.mjs","name":"_fetchAttachment","sourceId":23,"lineNumber":560,"columnNumber":35,"asyncCause":null,"asyncCaller":null,"caller":{"filename":"resource://services-settings/Attachments.sys.mjs","name":"downloadAsBytes","sourceId":23,"lineNumber":537,"columnNumber":35,"asyncCause":null,"asyncCaller":null,"caller":null,"formattedStack":"downloadAsBytes@resource://services-settings/Attachments.sys.mjs:537:35\n","nativeSavedFrame":{}},"formattedStack":"_fetchAttachment@resource://services-settings/Attachments.sys.mjs:560:35\ndownloadAsBytes@resource://services-settings/Attachments.sys.mjs:537:35\n","nativeSavedFrame":{}},"formattedStack":"fetch@resource://services-settings/Utils.sys.mjs:238:12\n_fetchAttachment@resource://services-settings/Attachments.sys.mjs:560:35\ndownloadAsBytes@resource://services-settings/Attachments.sys.mjs:537:35\n","nativeSavedFrame":{}},"formattedStack":"fetch/<@resource://services-settings/Utils.sys.mjs:287:15\nfetch@resource://services-settings/Utils.sys.mjs:238:12\n_fetchAttachment@resource://services-settings/Attachments.sys.mjs:560:35\ndownloadAsBytes@resource://services-settings/Attachments.sys.mjs:537:35\n","nativeSavedFrame":{}},"formattedStack":"open@resource://gre/modules/ServiceRequest.sys.mjs:126:11\nfetch/<@resource://services-settings/Utils.sys.mjs:287:15\nfetch@resource://services-settings/Utils.sys.mjs:238:12\n_fetchAttachment@resource://services-settings/Attachments.sys.mjs:560:35\ndownloadAsBytes@resource://services-settings/Attachments.sys.mjs:537:35\n","nativeSavedFrame":{}}
    - message = 
    - name = 
    - result = 2152071198
    - stack = open@resource://gre/modules/ServiceRequest.sys.mjs:126:11|fetch/<@resource://services-settings/Utils.sys.mjs:287:15|fetch@resource://services-settings/Utils.sys.mjs:238:12|_fetchAttachment@resource://services-settings/Attachments.sys.mjs:560:35|downloadAsBytes@resource://services-settings/Attachments.sys.mjs:537:35|
  - prototype Object
console.error: RemoteSecuritySettings: 
  failed to obtain bytes for CRLite delta 20260730-0-default.filter.delta
console.error: RemoteSecuritySettings: 
  failed to download CRLite filter
Object
  - prototype Object
    - columnNumber = 11
    - data = null
    - filename = resource://gre/modules/ServiceRequest.sys.mjs
    - lineNumber = 126
    - location = {"name":"open","filename":"resource://gre/modules/ServiceRequest.sys.mjs","sourceId":25,"lineNumber":126,"columnNumber":11,"asyncCause":null,"asyncCaller":null,"caller":{"filename":"resource://services-settings/Utils.sys.mjs","name":"fetch/<","sourceId":24,"lineNumber":287,"columnNumber":15,"asyncCause":null,"asyncCaller":null,"caller":{"filename":"resource://services-settings/Utils.sys.mjs","name":"fetch","sourceId":24,"lineNumber":238,"columnNumber":12,"asyncCause":null,"asyncCaller":null,"caller":{"filename":"resource://services-settings/Attachments.sys.mjs","name":"_fetchAttachment","sourceId":23,"lineNumber":560,"columnNumber":35,"asyncCause":null,"asyncCaller":null,"caller":{"filename":"resource://services-settings/Attachments.sys.mjs","name":"downloadAsBytes","sourceId":23,"lineNumber":537,"columnNumber":35,"asyncCause":null,"asyncCaller":null,"caller":null,"formattedStack":"downloadAsBytes@resource://services-settings/Attachments.sys.mjs:537:35\n","nativeSavedFrame":{}},"formattedStack":"_fetchAttachment@resource://services-settings/Attachments.sys.mjs:560:35\ndownloadAsBytes@resource://services-settings/Attachments.sys.mjs:537:35\n","nativeSavedFrame":{}},"formattedStack":"fetch@resource://services-settings/Utils.sys.mjs:238:12\n_fetchAttachment@resource://services-settings/Attachments.sys.mjs:560:35\ndownloadAsBytes@resource://services-settings/Attachments.sys.mjs:537:35\n","nativeSavedFrame":{}},"formattedStack":"fetch/<@resource://services-settings/Utils.sys.mjs:287:15\nfetch@resource://services-settings/Utils.sys.mjs:238:12\n_fetchAttachment@resource://services-settings/Attachments.sys.mjs:560:35\ndownloadAsBytes@resource://services-settings/Attachments.sys.mjs:537:35\n","nativeSavedFrame":{}},"formattedStack":"open@resource://gre/modules/ServiceRequest.sys.mjs:126:11\nfetch/<@resource://services-settings/Utils.sys.mjs:287:15\nfetch@resource://services-settings/Utils.sys.mjs:238:12\n_fetchAttachment@resource://services-settings/Attachments.sys.mjs:560:35\ndownloadAsBytes@resource://services-settings/Attachments.sys.mjs:537:35\n","nativeSavedFrame":{}}
    - message = 
    - name = 
    - result = 2152071198
    - stack = open@resource://gre/modules/ServiceRequest.sys.mjs:126:11|fetch/<@resource://services-settings/Utils.sys.mjs:287:15|fetch@resource://services-settings/Utils.sys.mjs:238:12|_fetchAttachment@resource://services-settings/Attachments.sys.mjs:560:35|downloadAsBytes@resource://services-settings/Attachments.sys.mjs:537:35|
  - prototype Object
console.error: RemoteSecuritySettings: 
  failed to obtain bytes for CRLite delta 20260723-0-default.filter.delta
console.error: RemoteSecuritySettings: 
  failed to download CRLite filter
Object
  - prototype Object
    - columnNumber = 11
    - data = null
    - filename = resource://gre/modules/ServiceRequest.sys.mjs
    - lineNumber = 126
    - location = {"name":"open","filename":"resource://gre/modules/ServiceRequest.sys.mjs","sourceId":25,"lineNumber":126,"columnNumber":11,"asyncCause":null,"asyncCaller":null,"caller":{"filename":"resource://services-settings/Utils.sys.mjs","name":"fetch/<","sourceId":24,"lineNumber":287,"columnNumber":15,"asyncCause":null,"asyncCaller":null,"caller":{"filename":"resource://services-settings/Utils.sys.mjs","name":"fetch","sourceId":24,"lineNumber":238,"columnNumber":12,"asyncCause":null,"asyncCaller":null,"caller":{"filename":"resource://services-settings/Attachments.sys.mjs","name":"_fetchAttachment","sourceId":23,"lineNumber":560,"columnNumber":35,"asyncCause":null,"asyncCaller":null,"caller":{"filename":"resource://services-settings/Attachments.sys.mjs","name":"downloadAsBytes","sourceId":23,"lineNumber":537,"columnNumber":35,"asyncCause":null,"asyncCaller":null,"caller":null,"formattedStack":"downloadAsBytes@resource://services-settings/Attachments.sys.mjs:537:35\n","nativeSavedFrame":{}},"formattedStack":"_fetchAttachment@resource://services-settings/Attachments.sys.mjs:560:35\ndownloadAsBytes@resource://services-settings/Attachments.sys.mjs:537:35\n","nativeSavedFrame":{}},"formattedStack":"fetch@resource://services-settings/Utils.sys.mjs:238:12\n_fetchAttachment@resource://services-settings/Attachments.sys.mjs:560:35\ndownloadAsBytes@resource://services-settings/Attachments.sys.mjs:537:35\n","nativeSavedFrame":{}},"formattedStack":"fetch/<@resource://services-settings/Utils.sys.mjs:287:15\nfetch@resource://services-settings/Utils.sys.mjs:238:12\n_fetchAttachment@resource://services-settings/Attachments.sys.mjs:560:35\ndownloadAsBytes@resource://services-settings/Attachments.sys.mjs:537:35\n","nativeSavedFrame":{}},"formattedStack":"open@resource://gre/modules/ServiceRequest.sys.mjs:126:11\nfetch/<@resource://services-settings/Utils.sys.mjs:287:15\nfetch@resource://services-settings/Utils.sys.mjs:238:12\n_fetchAttachment@resource://services-settings/Attachments.sys.mjs:560:35\ndownloadAsBytes@resource://services-settings/Attachments.sys.mjs:537:35\n","nativeSavedFrame":{}}
    - message = 
    - name = 
    - result = 2152071198
    - stack = open@resource://gre/modules/ServiceRequest.sys.mjs:126:11|fetch/<@resource://services-settings/Utils.sys.mjs:287:15|fetch@resource://services-settings/Utils.sys.mjs:238:12|_fetchAttachment@resource://services-settings/Attachments.sys.mjs:560:35|downloadAsBytes@resource://services-settings/Attachments.sys.mjs:537:35|
  - prototype Object
console.error: RemoteSecuritySettings: 
  failed to obtain bytes for CRLite delta 20260802-0-default.filter.delta
console.error: RemoteSecuritySettings: 
  failed to download CRLite filter
Object
  - prototype Object
    - columnNumber = 11
    - data = null
    - filename = resource://gre/modules/ServiceRequest.sys.mjs
    - lineNumber = 126
    - location = {"name":"open","filename":"resource://gre/modules/ServiceRequest.sys.mjs","sourceId":25,"lineNumber":126,"columnNumber":11,"asyncCause":null,"asyncCaller":null,"caller":{"filename":"resource://services-settings/Utils.sys.mjs","name":"fetch/<","sourceId":24,"lineNumber":287,"columnNumber":15,"asyncCause":null,"asyncCaller":null,"caller":{"filename":"resource://services-settings/Utils.sys.mjs","name":"fetch","sourceId":24,"lineNumber":238,"columnNumber":12,"asyncCause":null,"asyncCaller":null,"caller":{"filename":"resource://services-settings/Attachments.sys.mjs","name":"_fetchAttachment","sourceId":23,"lineNumber":560,"columnNumber":35,"asyncCause":null,"asyncCaller":null,"caller":{"filename":"resource://services-settings/Attachments.sys.mjs","name":"downloadAsBytes","sourceId":23,"lineNumber":537,"columnNumber":35,"asyncCause":null,"asyncCaller":null,"caller":null,"formattedStack":"downloadAsBytes@resource://services-settings/Attachments.sys.mjs:537:35\n","nativeSavedFrame":{}},"formattedStack":"_fetchAttachment@resource://services-settings/Attachments.sys.mjs:560:35\ndownloadAsBytes@resource://services-settings/Attachments.sys.mjs:537:35\n","nativeSavedFrame":{}},"formattedStack":"fetch@resource://services-settings/Utils.sys.mjs:238:12\n_fetchAttachment@resource://services-settings/Attachments.sys.mjs:560:35\ndownloadAsBytes@resource://services-settings/Attachments.sys.mjs:537:35\n","nativeSavedFrame":{}},"formattedStack":"fetch/<@resource://services-settings/Utils.sys.mjs:287:15\nfetch@resource://services-settings/Utils.sys.mjs:238:12\n_fetchAttachment@resource://services-settings/Attachments.sys.mjs:560:35\ndownloadAsBytes@resource://services-settings/Attachments.sys.mjs:537:35\n","nativeSavedFrame":{}},"formattedStack":"open@resource://gre/modules/ServiceRequest.sys.mjs:126:11\nfetch/<@resource://services-settings/Utils.sys.mjs:287:15\nfetch@resource://services-settings/Utils.sys.mjs:238:12\n_fetchAttachment@resource://services-settings/Attachments.sys.mjs:560:35\ndownloadAsBytes@resource://services-settings/Attachments.sys.mjs:537:35\n","nativeSavedFrame":{}}
    - message = 
    - name = 
    - result = 2152071198
    - stack = open@resource://gre/modules/ServiceRequest.sys.mjs:126:11|fetch/<@resource://services-settings/Utils.sys.mjs:287:15|fetch@resource://services-settings/Utils.sys.mjs:238:12|_fetchAttachment@resource://services-settings/Attachments.sys.mjs:560:35|downloadAsBytes@resource://services-settings/Attachments.sys.mjs:537:35|
  - prototype Object
console.error: RemoteSecuritySettings: 
  failed to obtain bytes for CRLite delta 20260720-1-default.filter.delta
console.error: RemoteSecuritySettings: 
  failed to download CRLite filter
Object
  - prototype Object
    - columnNumber = 11
    - data = null
    - filename = resource://gre/modules/ServiceRequest.sys.mjs
    - lineNumber = 126
    - location = {"name":"open","filename":"resource://gre/modules/ServiceRequest.sys.mjs","sourceId":25,"lineNumber":126,"columnNumber":11,"asyncCause":null,"asyncCaller":null,"caller":{"filename":"resource://services-settings/Utils.sys.mjs","name":"fetch/<","sourceId":24,"lineNumber":287,"columnNumber":15,"asyncCause":null,"asyncCaller":null,"caller":{"filename":"resource://services-settings/Utils.sys.mjs","name":"fetch","sourceId":24,"lineNumber":238,"columnNumber":12,"asyncCause":null,"asyncCaller":null,"caller":{"filename":"resource://services-settings/Attachments.sys.mjs","name":"_fetchAttachment","sourceId":23,"lineNumber":560,"columnNumber":35,"asyncCause":null,"asyncCaller":null,"caller":{"filename":"resource://services-settings/Attachments.sys.mjs","name":"downloadAsBytes","sourceId":23,"lineNumber":537,"columnNumber":35,"asyncCause":null,"asyncCaller":null,"caller":null,"formattedStack":"downloadAsBytes@resource://services-settings/Attachments.sys.mjs:537:35\n","nativeSavedFrame":{}},"formattedStack":"_fetchAttachment@resource://services-settings/Attachments.sys.mjs:560:35\ndownloadAsBytes@resource://services-settings/Attachments.sys.mjs:537:35\n","nativeSavedFrame":{}},"formattedStack":"fetch@resource://services-settings/Utils.sys.mjs:238:12\n_fetchAttachment@resource://services-settings/Attachments.sys.mjs:560:35\ndownloadAsBytes@resource://services-settings/Attachments.sys.mjs:537:35\n","nativeSavedFrame":{}},"formattedStack":"fetch/<@resource://services-settings/Utils.sys.mjs:287:15\nfetch@resource://services-settings/Utils.sys.mjs:238:12\n_fetchAttachment@resource://services-settings/Attachments.sys.mjs:560:35\ndownloadAsBytes@resource://services-settings/Attachments.sys.mjs:537:35\n","nativeSavedFrame":{}},"formattedStack":"open@resource://gre/modules/ServiceRequest.sys.mjs:126:11\nfetch/<@resource://services-settings/Utils.sys.mjs:287:15\nfetch@resource://services-settings/Utils.sys.mjs:238:12\n_fetchAttachment@resource://services-settings/Attachments.sys.mjs:560:35\ndownloadAsBytes@resource://services-settings/Attachments.sys.mjs:537:35\n","nativeSavedFrame":{}}
    - message = 
    - name = 
    - result = 2152071198
    - stack = open@resource://gre/modules/ServiceRequest.sys.mjs:126:11|fetch/<@resource://services-settings/Utils.sys.mjs:287:15|fetch@resource://services-settings/Utils.sys.mjs:238:12|_fetchAttachment@resource://services-settings/Attachments.sys.mjs:560:35|downloadAsBytes@resource://services-settings/Attachments.sys.mjs:537:35|
  - prototype Object
console.error: RemoteSecuritySettings: 
  failed to obtain bytes for CRLite delta 20260727-0-default.filter.delta
console.error: RemoteSecuritySettings: 
  failed to download CRLite filter
Object
  - prototype Object
    - columnNumber = 11
    - data = null
    - filename = resource://gre/modules/ServiceRequest.sys.mjs
    - lineNumber = 126
    - location = {"name":"open","filename":"resource://gre/modules/ServiceRequest.sys.mjs","sourceId":25,"lineNumber":126,"columnNumber":11,"asyncCause":null,"asyncCaller":null,"caller":{"filename":"resource://services-settings/Utils.sys.mjs","name":"fetch/<","sourceId":24,"lineNumber":287,"columnNumber":15,"asyncCause":null,"asyncCaller":null,"caller":{"filename":"resource://services-settings/Utils.sys.mjs","name":"fetch","sourceId":24,"lineNumber":238,"columnNumber":12,"asyncCause":null,"asyncCaller":null,"caller":{"filename":"resource://services-settings/Attachments.sys.mjs","name":"_fetchAttachment","sourceId":23,"lineNumber":560,"columnNumber":35,"asyncCause":null,"asyncCaller":null,"caller":{"filename":"resource://services-settings/Attachments.sys.mjs","name":"downloadAsBytes","sourceId":23,"lineNumber":537,"columnNumber":35,"asyncCause":null,"asyncCaller":null,"caller":null,"formattedStack":"downloadAsBytes@resource://services-settings/Attachments.sys.mjs:537:35\n","nativeSavedFrame":{}},"formattedStack":"_fetchAttachment@resource://services-settings/Attachments.sys.mjs:560:35\ndownloadAsBytes@resource://services-settings/Attachments.sys.mjs:537:35\n","nativeSavedFrame":{}},"formattedStack":"fetch@resource://services-settings/Utils.sys.mjs:238:12\n_fetchAttachment@resource://services-settings/Attachments.sys.mjs:560:35\ndownloadAsBytes@resource://services-settings/Attachments.sys.mjs:537:35\n","nativeSavedFrame":{}},"formattedStack":"fetch/<@resource://services-settings/Utils.sys.mjs:287:15\nfetch@resource://services-settings/Utils.sys.mjs:238:12\n_fetchAttachment@resource://services-settings/Attachments.sys.mjs:560:35\ndownloadAsBytes@resource://services-settings/Attachments.sys.mjs:537:35\n","nativeSavedFrame":{}},"formattedStack":"open@resource://gre/modules/ServiceRequest.sys.mjs:126:11\nfetch/<@resource://services-settings/Utils.sys.mjs:287:15\nfetch@resource://services-settings/Utils.sys.mjs:238:12\n_fetchAttachment@resource://services-settings/Attachments.sys.mjs:560:35\ndownloadAsBytes@resource://services-settings/Attachments.sys.mjs:537:35\n","nativeSavedFrame":{}}
    - message = 
    - name = 
    - result = 2152071198
    - stack = open@resource://gre/modules/ServiceRequest.sys.mjs:126:11|fetch/<@resource://services-settings/Utils.sys.mjs:287:15|fetch@resource://services-settings/Utils.sys.mjs:238:12|_fetchAttachment@resource://services-settings/Attachments.sys.mjs:560:35|downloadAsBytes@resource://services-settings/Attachments.sys.mjs:537:35|
  - prototype Object
console.error: RemoteSecuritySettings: 
  failed to obtain bytes for CRLite delta 20260806-1-default.filter.delta
console.error: RemoteSecuritySettings: 
  failed to download CRLite filter
Object
  - prototype Object
    - columnNumber = 11
    - data = null
    - filename = resource://gre/modules/ServiceRequest.sys.mjs
    - lineNumber = 126
    - location = {"name":"open","filename":"resource://gre/modules/ServiceRequest.sys.mjs","sourceId":25,"lineNumber":126,"columnNumber":11,"asyncCause":null,"asyncCaller":null,"caller":{"filename":"resource://services-settings/Utils.sys.mjs","name":"fetch/<","sourceId":24,"lineNumber":287,"columnNumber":15,"asyncCause":null,"asyncCaller":null,"caller":{"filename":"resource://services-settings/Utils.sys.mjs","name":"fetch","sourceId":24,"lineNumber":238,"columnNumber":12,"asyncCause":null,"asyncCaller":null,"caller":{"filename":"resource://services-settings/Attachments.sys.mjs","name":"_fetchAttachment","sourceId":23,"lineNumber":560,"columnNumber":35,"asyncCause":null,"asyncCaller":null,"caller":{"filename":"resource://services-settings/Attachments.sys.mjs","name":"downloadAsBytes","sourceId":23,"lineNumber":537,"columnNumber":35,"asyncCause":null,"asyncCaller":null,"caller":null,"formattedStack":"downloadAsBytes@resource://services-settings/Attachments.sys.mjs:537:35\n","nativeSavedFrame":{}},"formattedStack":"_fetchAttachment@resource://services-settings/Attachments.sys.mjs:560:35\ndownloadAsBytes@resource://services-settings/Attachments.sys.mjs:537:35\n","nativeSavedFrame":{}},"formattedStack":"fetch@resource://services-settings/Utils.sys.mjs:238:12\n_fetchAttachment@resource://services-settings/Attachments.sys.mjs:560:35\ndownloadAsBytes@resource://services-settings/Attachments.sys.mjs:537:35\n","nativeSavedFrame":{}},"formattedStack":"fetch/<@resource://services-settings/Utils.sys.mjs:287:15\nfetch@resource://services-settings/Utils.sys.mjs:238:12\n_fetchAttachment@resource://services-settings/Attachments.sys.mjs:560:35\ndownloadAsBytes@resource://services-settings/Attachments.sys.mjs:537:35\n","nativeSavedFrame":{}},"formattedStack":"open@resource://gre/modules/ServiceRequest.sys.mjs:126:11\nfetch/<@resource://services-settings/Utils.sys.mjs:287:15\nfetch@resource://services-settings/Utils.sys.mjs:238:12\n_fetchAttachment@resource://services-settings/Attachments.sys.mjs:560:35\ndownloadAsBytes@resource://services-settings/Attachments.sys.mjs:537:35\n","nativeSavedFrame":{}}
    - message = 
    - name = 
    - result = 2152071198
    - stack = open@resource://gre/modules/ServiceRequest.sys.mjs:126:11|fetch/<@resource://services-settings/Utils.sys.mjs:287:15|fetch@resource://services-settings/Utils.sys.mjs:238:12|_fetchAttachment@resource://services-settings/Attachments.sys.mjs:560:35|downloadAsBytes@resource://services-settings/Attachments.sys.mjs:537:35|
  - prototype Object
console.error: RemoteSecuritySettings: 
  failed to obtain bytes for CRLite delta 20260724-0-default.filter.delta
console.error: RemoteSecuritySettings: 
  failed to download CRLite filter
Object
  - prototype Object
    - columnNumber = 11
    - data = null
    - filename = resource://gre/modules/ServiceRequest.sys.mjs
    - lineNumber = 126
    - location = {"name":"open","filename":"resource://gre/modules/ServiceRequest.sys.mjs","sourceId":25,"lineNumber":126,"columnNumber":11,"asyncCause":null,"asyncCaller":null,"caller":{"filename":"resource://services-settings/Utils.sys.mjs","name":"fetch/<","sourceId":24,"lineNumber":287,"columnNumber":15,"asyncCause":null,"asyncCaller":null,"caller":{"filename":"resource://services-settings/Utils.sys.mjs","name":"fetch","sourceId":24,"lineNumber":238,"columnNumber":12,"asyncCause":null,"asyncCaller":null,"caller":{"filename":"resource://services-settings/Attachments.sys.mjs","name":"_fetchAttachment","sourceId":23,"lineNumber":560,"columnNumber":35,"asyncCause":null,"asyncCaller":null,"caller":{"filename":"resource://services-settings/Attachments.sys.mjs","name":"downloadAsBytes","sourceId":23,"lineNumber":537,"columnNumber":35,"asyncCause":null,"asyncCaller":null,"caller":null,"formattedStack":"downloadAsBytes@resource://services-settings/Attachments.sys.mjs:537:35\n","nativeSavedFrame":{}},"formattedStack":"_fetchAttachment@resource://services-settings/Attachments.sys.mjs:560:35\ndownloadAsBytes@resource://services-settings/Attachments.sys.mjs:537:35\n","nativeSavedFrame":{}},"formattedStack":"fetch@resource://services-settings/Utils.sys.mjs:238:12\n_fetchAttachment@resource://services-settings/Attachments.sys.mjs:560:35\ndownloadAsBytes@resource://services-settings/Attachments.sys.mjs:537:35\n","nativeSavedFrame":{}},"formattedStack":"fetch/<@resource://services-settings/Utils.sys.mjs:287:15\nfetch@resource://services-settings/Utils.sys.mjs:238:12\n_fetchAttachment@resource://services-settings/Attachments.sys.mjs:560:35\ndownloadAsBytes@resource://services-settings/Attachments.sys.mjs:537:35\n","nativeSavedFrame":{}},"formattedStack":"open@resource://gre/modules/ServiceRequest.sys.mjs:126:11\nfetch/<@resource://services-settings/Utils.sys.mjs:287:15\nfetch@resource://services-settings/Utils.sys.mjs:238:12\n_fetchAttachment@resource://services-settings/Attachments.sys.mjs:560:35\ndownloadAsBytes@resource://services-settings/Attachments.sys.mjs:537:35\n","nativeSavedFrame":{}}
    - message = 
    - name = 
    - result = 2152071198
    - stack = open@resource://gre/modules/ServiceRequest.sys.mjs:126:11|fetch/<@resource://services-settings/Utils.sys.mjs:287:15|fetch@resource://services-settings/Utils.sys.mjs:238:12|_fetchAttachment@resource://services-settings/Attachments.sys.mjs:560:35|downloadAsBytes@resource://services-settings/Attachments.sys.mjs:537:35|
  - prototype Object
console.error: RemoteSecuritySettings: 
  failed to obtain bytes for CRLite delta 20260729-1-default.filter.delta
console.error: RemoteSecuritySettings: 
  failed to download CRLite filter
Object
  - prototype Object
    - columnNumber = 11
    - data = null
    - filename = resource://gre/modules/ServiceRequest.sys.mjs
    - lineNumber = 126
    - location = {"name":"open","filename":"resource://gre/modules/ServiceRequest.sys.mjs","sourceId":25,"lineNumber":126,"columnNumber":11,"asyncCause":null,"asyncCaller":null,"caller":{"filename":"resource://services-settings/Utils.sys.mjs","name":"fetch/<","sourceId":24,"lineNumber":287,"columnNumber":15,"asyncCause":null,"asyncCaller":null,"caller":{"filename":"resource://services-settings/Utils.sys.mjs","name":"fetch","sourceId":24,"lineNumber":238,"columnNumber":12,"asyncCause":null,"asyncCaller":null,"caller":{"filename":"resource://services-settings/Attachments.sys.mjs","name":"_fetchAttachment","sourceId":23,"lineNumber":560,"columnNumber":35,"asyncCause":null,"asyncCaller":null,"caller":{"filename":"resource://services-settings/Attachments.sys.mjs","name":"downloadAsBytes","sourceId":23,"lineNumber":537,"columnNumber":35,"asyncCause":null,"asyncCaller":null,"caller":null,"formattedStack":"downloadAsBytes@resource://services-settings/Attachments.sys.mjs:537:35\n","nativeSavedFrame":{}},"formattedStack":"_fetchAttachment@resource://services-settings/Attachments.sys.mjs:560:35\ndownloadAsBytes@resource://services-settings/Attachments.sys.mjs:537:35\n","nativeSavedFrame":{}},"formattedStack":"fetch@resource://services-settings/Utils.sys.mjs:238:12\n_fetchAttachment@resource://services-settings/Attachments.sys.mjs:560:35\ndownloadAsBytes@resource://services-settings/Attachments.sys.mjs:537:35\n","nativeSavedFrame":{}},"formattedStack":"fetch/<@resource://services-settings/Utils.sys.mjs:287:15\nfetch@resource://services-settings/Utils.sys.mjs:238:12\n_fetchAttachment@resource://services-settings/Attachments.sys.mjs:560:35\ndownloadAsBytes@resource://services-settings/Attachments.sys.mjs:537:35\n","nativeSavedFrame":{}},"formattedStack":"open@resource://gre/modules/ServiceRequest.sys.mjs:126:11\nfetch/<@resource://services-settings/Utils.sys.mjs:287:15\nfetch@resource://services-settings/Utils.sys.mjs:238:12\n_fetchAttachment@resource://services-settings/Attachments.sys.mjs:560:35\ndownloadAsBytes@resource://services-settings/Attachments.sys.mjs:537:35\n","nativeSavedFrame":{}}
    - message = 
    - name = 
    - result = 2152071198
    - stack = open@resource://gre/modules/ServiceRequest.sys.mjs:126:11|fetch/<@resource://services-settings/Utils.sys.mjs:287:15|fetch@resource://services-settings/Utils.sys.mjs:238:12|_fetchAttachment@resource://services-settings/Attachments.sys.mjs:560:35|downloadAsBytes@resource://services-settings/Attachments.sys.mjs:537:35|
  - prototype Object
console.error: RemoteSecuritySettings: 
  failed to obtain bytes for CRLite delta 20260728-0-default.filter.delta
console.error: RemoteSecuritySettings: 
  failed to download CRLite filter
Object
  - prototype Object
    - columnNumber = 11
    - data = null
    - filename = resource://gre/modules/ServiceRequest.sys.mjs
    - lineNumber = 126
    - location = {"name":"open","filename":"resource://gre/modules/ServiceRequest.sys.mjs","sourceId":25,"lineNumber":126,"columnNumber":11,"asyncCause":null,"asyncCaller":null,"caller":{"filename":"resource://services-settings/Utils.sys.mjs","name":"fetch/<","sourceId":24,"lineNumber":287,"columnNumber":15,"asyncCause":null,"asyncCaller":null,"caller":{"filename":"resource://services-settings/Utils.sys.mjs","name":"fetch","sourceId":24,"lineNumber":238,"columnNumber":12,"asyncCause":null,"asyncCaller":null,"caller":{"filename":"resource://services-settings/Attachments.sys.mjs","name":"_fetchAttachment","sourceId":23,"lineNumber":560,"columnNumber":35,"asyncCause":null,"asyncCaller":null,"caller":{"filename":"resource://services-settings/Attachments.sys.mjs","name":"downloadAsBytes","sourceId":23,"lineNumber":537,"columnNumber":35,"asyncCause":null,"asyncCaller":null,"caller":null,"formattedStack":"downloadAsBytes@resource://services-settings/Attachments.sys.mjs:537:35\n","nativeSavedFrame":{}},"formattedStack":"_fetchAttachment@resource://services-settings/Attachments.sys.mjs:560:35\ndownloadAsBytes@resource://services-settings/Attachments.sys.mjs:537:35\n","nativeSavedFrame":{}},"formattedStack":"fetch@resource://services-settings/Utils.sys.mjs:238:12\n_fetchAttachment@resource://services-settings/Attachments.sys.mjs:560:35\ndownloadAsBytes@resource://services-settings/Attachments.sys.mjs:537:35\n","nativeSavedFrame":{}},"formattedStack":"fetch/<@resource://services-settings/Utils.sys.mjs:287:15\nfetch@resource://services-settings/Utils.sys.mjs:238:12\n_fetchAttachment@resource://services-settings/Attachments.sys.mjs:560:35\ndownloadAsBytes@resource://services-settings/Attachments.sys.mjs:537:35\n","nativeSavedFrame":{}},"formattedStack":"open@resource://gre/modules/ServiceRequest.sys.mjs:126:11\nfetch/<@resource://services-settings/Utils.sys.mjs:287:15\nfetch@resource://services-settings/Utils.sys.mjs:238:12\n_fetchAttachment@resource://services-settings/Attachments.sys.mjs:560:35\ndownloadAsBytes@resource://services-settings/Attachments.sys.mjs:537:35\n","nativeSavedFrame":{}}
    - message = 
    - name = 
    - result = 2152071198
    - stack = open@resource://gre/modules/ServiceRequest.sys.mjs:126:11|fetch/<@resource://services-settings/Utils.sys.mjs:287:15|fetch@resource://services-settings/Utils.sys.mjs:238:12|_fetchAttachment@resource://services-settings/Attachments.sys.mjs:560:35|downloadAsBytes@resource://services-settings/Attachments.sys.mjs:537:35|
  - prototype Object
console.error: RemoteSecuritySettings: 
  failed to obtain bytes for CRLite delta 20260805-1-default.filter.delta
console.error: RemoteSecuritySettings: 
  failed to download CRLite filter
Object
  - prototype Object
    - columnNumber = 11
    - data = null
    - filename = resource://gre/modules/ServiceRequest.sys.mjs
    - lineNumber = 126
    - location = {"name":"open","filename":"resource://gre/modules/ServiceRequest.sys.mjs","sourceId":25,"lineNumber":126,"columnNumber":11,"asyncCause":null,"asyncCaller":null,"caller":{"filename":"resource://services-settings/Utils.sys.mjs","name":"fetch/<","sourceId":24,"lineNumber":287,"columnNumber":15,"asyncCause":null,"asyncCaller":null,"caller":{"filename":"resource://services-settings/Utils.sys.mjs","name":"fetch","sourceId":24,"lineNumber":238,"columnNumber":12,"asyncCause":null,"asyncCaller":null,"caller":{"filename":"resource://services-settings/Attachments.sys.mjs","name":"_fetchAttachment","sourceId":23,"lineNumber":560,"columnNumber":35,"asyncCause":null,"asyncCaller":null,"caller":{"filename":"resource://services-settings/Attachments.sys.mjs","name":"downloadAsBytes","sourceId":23,"lineNumber":537,"columnNumber":35,"asyncCause":null,"asyncCaller":null,"caller":null,"formattedStack":"downloadAsBytes@resource://services-settings/Attachments.sys.mjs:537:35\n","nativeSavedFrame":{}},"formattedStack":"_fetchAttachment@resource://services-settings/Attachments.sys.mjs:560:35\ndownloadAsBytes@resource://services-settings/Attachments.sys.mjs:537:35\n","nativeSavedFrame":{}},"formattedStack":"fetch@resource://services-settings/Utils.sys.mjs:238:12\n_fetchAttachment@resource://services-settings/Attachments.sys.mjs:560:35\ndownloadAsBytes@resource://services-settings/Attachments.sys.mjs:537:35\n","nativeSavedFrame":{}},"formattedStack":"fetch/<@resource://services-settings/Utils.sys.mjs:287:15\nfetch@resource://services-settings/Utils.sys.mjs:238:12\n_fetchAttachment@resource://services-settings/Attachments.sys.mjs:560:35\ndownloadAsBytes@resource://services-settings/Attachments.sys.mjs:537:35\n","nativeSavedFrame":{}},"formattedStack":"open@resource://gre/modules/ServiceRequest.sys.mjs:126:11\nfetch/<@resource://services-settings/Utils.sys.mjs:287:15\nfetch@resource://services-settings/Utils.sys.mjs:238:12\n_fetchAttachment@resource://services-settings/Attachments.sys.mjs:560:35\ndownloadAsBytes@resource://services-settings/Attachments.sys.mjs:537:35\n","nativeSavedFrame":{}}
    - message = 
    - name = 
    - result = 2152071198
    - stack = open@resource://gre/modules/ServiceRequest.sys.mjs:126:11|fetch/<@resource://services-settings/Utils.sys.mjs:287:15|fetch@resource://services-settings/Utils.sys.mjs:238:12|_fetchAttachment@resource://services-settings/Attachments.sys.mjs:560:35|downloadAsBytes@resource://services-settings/Attachments.sys.mjs:537:35|
  - prototype Object
console.error: RemoteSecuritySettings: 
  failed to obtain bytes for CRLite delta 20260803-1-default.filter.delta
console.error: RemoteSecuritySettings: 
  failed to download CRLite filter
Object
  - prototype Object
    - columnNumber = 11
    - data = null
    - filename = resource://gre/modules/ServiceRequest.sys.mjs
    - lineNumber = 126
    - location = {"name":"open","filename":"resource://gre/modules/ServiceRequest.sys.mjs","sourceId":25,"lineNumber":126,"columnNumber":11,"asyncCause":null,"asyncCaller":null,"caller":{"filename":"resource://services-settings/Utils.sys.mjs","name":"fetch/<","sourceId":24,"lineNumber":287,"columnNumber":15,"asyncCause":null,"asyncCaller":null,"caller":{"filename":"resource://services-settings/Utils.sys.mjs","name":"fetch","sourceId":24,"lineNumber":238,"columnNumber":12,"asyncCause":null,"asyncCaller":null,"caller":{"filename":"resource://services-settings/Attachments.sys.mjs","name":"_fetchAttachment","sourceId":23,"lineNumber":560,"columnNumber":35,"asyncCause":null,"asyncCaller":null,"caller":{"filename":"resource://services-settings/Attachments.sys.mjs","name":"downloadAsBytes","sourceId":23,"lineNumber":537,"columnNumber":35,"asyncCause":null,"asyncCaller":null,"caller":null,"formattedStack":"downloadAsBytes@resource://services-settings/Attachments.sys.mjs:537:35\n","nativeSavedFrame":{}},"formattedStack":"_fetchAttachment@resource://services-settings/Attachments.sys.mjs:560:35\ndownloadAsBytes@resource://services-settings/Attachments.sys.mjs:537:35\n","nativeSavedFrame":{}},"formattedStack":"fetch@resource://services-settings/Utils.sys.mjs:238:12\n_fetchAttachment@resource://services-settings/Attachments.sys.mjs:560:35\ndownloadAsBytes@resource://services-settings/Attachments.sys.mjs:537:35\n","nativeSavedFrame":{}},"formattedStack":"fetch/<@resource://services-settings/Utils.sys.mjs:287:15\nfetch@resource://services-settings/Utils.sys.mjs:238:12\n_fetchAttachment@resource://services-settings/Attachments.sys.mjs:560:35\ndownloadAsBytes@resource://services-settings/Attachments.sys.mjs:537:35\n","nativeSavedFrame":{}},"formattedStack":"open@resource://gre/modules/ServiceRequest.sys.mjs:126:11\nfetch/<@resource://services-settings/Utils.sys.mjs:287:15\nfetch@resource://services-settings/Utils.sys.mjs:238:12\n_fetchAttachment@resource://services-settings/Attachments.sys.mjs:560:35\ndownloadAsBytes@resource://services-settings/Attachments.sys.mjs:537:35\n","nativeSavedFrame":{}}
    - message = 
    - name = 
    - result = 2152071198
    - stack = open@resource://gre/modules/ServiceRequest.sys.mjs:126:11|fetch/<@resource://services-settings/Utils.sys.mjs:287:15|fetch@resource://services-settings/Utils.sys.mjs:238:12|_fetchAttachment@resource://services-settings/Attachments.sys.mjs:560:35|downloadAsBytes@resource://services-settings/Attachments.sys.mjs:537:35|
  - prototype Object
console.error: RemoteSecuritySettings: 
  failed to obtain bytes for CRLite delta 20260723-1-default.filter.delta
console.error: RemoteSecuritySettings: 
  failed to download CRLite filter
Object
  - prototype Object
    - columnNumber = 11
    - data = null
    - filename = resource://gre/modules/ServiceRequest.sys.mjs
    - lineNumber = 126
    - location = {"name":"open","filename":"resource://gre/modules/ServiceRequest.sys.mjs","sourceId":25,"lineNumber":126,"columnNumber":11,"asyncCause":null,"asyncCaller":null,"caller":{"filename":"resource://services-settings/Utils.sys.mjs","name":"fetch/<","sourceId":24,"lineNumber":287,"columnNumber":15,"asyncCause":null,"asyncCaller":null,"caller":{"filename":"resource://services-settings/Utils.sys.mjs","name":"fetch","sourceId":24,"lineNumber":238,"columnNumber":12,"asyncCause":null,"asyncCaller":null,"caller":{"filename":"resource://services-settings/Attachments.sys.mjs","name":"_fetchAttachment","sourceId":23,"lineNumber":560,"columnNumber":35,"asyncCause":null,"asyncCaller":null,"caller":{"filename":"resource://services-settings/Attachments.sys.mjs","name":"downloadAsBytes","sourceId":23,"lineNumber":537,"columnNumber":35,"asyncCause":null,"asyncCaller":null,"caller":null,"formattedStack":"downloadAsBytes@resource://services-settings/Attachments.sys.mjs:537:35\n","nativeSavedFrame":{}},"formattedStack":"_fetchAttachment@resource://services-settings/Attachments.sys.mjs:560:35\ndownloadAsBytes@resource://services-settings/Attachments.sys.mjs:537:35\n","nativeSavedFrame":{}},"formattedStack":"fetch@resource://services-settings/Utils.sys.mjs:238:12\n_fetchAttachment@resource://services-settings/Attachments.sys.mjs:560:35\ndownloadAsBytes@resource://services-settings/Attachments.sys.mjs:537:35\n","nativeSavedFrame":{}},"formattedStack":"fetch/<@resource://services-settings/Utils.sys.mjs:287:15\nfetch@resource://services-settings/Utils.sys.mjs:238:12\n_fetchAttachment@resource://services-settings/Attachments.sys.mjs:560:35\ndownloadAsBytes@resource://services-settings/Attachments.sys.mjs:537:35\n","nativeSavedFrame":{}},"formattedStack":"open@resource://gre/modules/ServiceRequest.sys.mjs:126:11\nfetch/<@resource://services-settings/Utils.sys.mjs:287:15\nfetch@resource://services-settings/Utils.sys.mjs:238:12\n_fetchAttachment@resource://services-settings/Attachments.sys.mjs:560:35\ndownloadAsBytes@resource://services-settings/Attachments.sys.mjs:537:35\n","nativeSavedFrame":{}}
    - message = 
    - name = 
    - result = 2152071198
    - stack = open@resource://gre/modules/ServiceRequest.sys.mjs:126:11|fetch/<@resource://services-settings/Utils.sys.mjs:287:15|fetch@resource://services-settings/Utils.sys.mjs:238:12|_fetchAttachment@resource://services-settings/Attachments.sys.mjs:560:35|downloadAsBytes@resource://services-settings/Attachments.sys.mjs:537:35|
  - prototype Object
console.error: RemoteSecuritySettings: 
  failed to obtain bytes for CRLite delta 20260722-0-default.filter.delta
console.error: RemoteSecuritySettings: 
  failed to download CRLite filter
Object
  - prototype Object
    - columnNumber = 11
    - data = null
    - filename = resource://gre/modules/ServiceRequest.sys.mjs
    - lineNumber = 126
    - location = {"name":"open","filename":"resource://gre/modules/ServiceRequest.sys.mjs","sourceId":25,"lineNumber":126,"columnNumber":11,"asyncCause":null,"asyncCaller":null,"caller":{"filename":"resource://services-settings/Utils.sys.mjs","name":"fetch/<","sourceId":24,"lineNumber":287,"columnNumber":15,"asyncCause":null,"asyncCaller":null,"caller":{"filename":"resource://services-settings/Utils.sys.mjs","name":"fetch","sourceId":24,"lineNumber":238,"columnNumber":12,"asyncCause":null,"asyncCaller":null,"caller":{"filename":"resource://services-settings/Attachments.sys.mjs","name":"_fetchAttachment","sourceId":23,"lineNumber":560,"columnNumber":35,"asyncCause":null,"asyncCaller":null,"caller":{"filename":"resource://services-settings/Attachments.sys.mjs","name":"downloadAsBytes","sourceId":23,"lineNumber":537,"columnNumber":35,"asyncCause":null,"asyncCaller":null,"caller":null,"formattedStack":"downloadAsBytes@resource://services-settings/Attachments.sys.mjs:537:35\n","nativeSavedFrame":{}},"formattedStack":"_fetchAttachment@resource://services-settings/Attachments.sys.mjs:560:35\ndownloadAsBytes@resource://services-settings/Attachments.sys.mjs:537:35\n","nativeSavedFrame":{}},"formattedStack":"fetch@resource://services-settings/Utils.sys.mjs:238:12\n_fetchAttachment@resource://services-settings/Attachments.sys.mjs:560:35\ndownloadAsBytes@resource://services-settings/Attachments.sys.mjs:537:35\n","nativeSavedFrame":{}},"formattedStack":"fetch/<@resource://services-settings/Utils.sys.mjs:287:15\nfetch@resource://services-settings/Utils.sys.mjs:238:12\n_fetchAttachment@resource://services-settings/Attachments.sys.mjs:560:35\ndownloadAsBytes@resource://services-settings/Attachments.sys.mjs:537:35\n","nativeSavedFrame":{}},"formattedStack":"open@resource://gre/modules/ServiceRequest.sys.mjs:126:11\nfetch/<@resource://services-settings/Utils.sys.mjs:287:15\nfetch@resource://services-settings/Utils.sys.mjs:238:12\n_fetchAttachment@resource://services-settings/Attachments.sys.mjs:560:35\ndownloadAsBytes@resource://services-settings/Attachments.sys.mjs:537:35\n","nativeSavedFrame":{}}
    - message = 
    - name = 
    - result = 2152071198
    - stack = open@resource://gre/modules/ServiceRequest.sys.mjs:126:11|fetch/<@resource://services-settings/Utils.sys.mjs:287:15|fetch@resource://services-settings/Utils.sys.mjs:238:12|_fetchAttachment@resource://services-settings/Attachments.sys.mjs:560:35|downloadAsBytes@resource://services-settings/Attachments.sys.mjs:537:35|
  - prototype Object
console.error: RemoteSecuritySettings: 
  failed to obtain bytes for CRLite delta 20260805-0-default.filter.delta
console.error: RemoteSecuritySettings: 
  failed to download CRLite filter
Object
  - prototype Object
    - columnNumber = 11
    - data = null
    - filename = resource://gre/modules/ServiceRequest.sys.mjs
    - lineNumber = 126
    - location = {"name":"open","filename":"resource://gre/modules/ServiceRequest.sys.mjs","sourceId":25,"lineNumber":126,"columnNumber":11,"asyncCause":null,"asyncCaller":null,"caller":{"filename":"resource://services-settings/Utils.sys.mjs","name":"fetch/<","sourceId":24,"lineNumber":287,"columnNumber":15,"asyncCause":null,"asyncCaller":null,"caller":{"filename":"resource://services-settings/Utils.sys.mjs","name":"fetch","sourceId":24,"lineNumber":238,"columnNumber":12,"asyncCause":null,"asyncCaller":null,"caller":{"filename":"resource://services-settings/Attachments.sys.mjs","name":"_fetchAttachment","sourceId":23,"lineNumber":560,"columnNumber":35,"asyncCause":null,"asyncCaller":null,"caller":{"filename":"resource://services-settings/Attachments.sys.mjs","name":"downloadAsBytes","sourceId":23,"lineNumber":537,"columnNumber":35,"asyncCause":null,"asyncCaller":null,"caller":null,"formattedStack":"downloadAsBytes@resource://services-settings/Attachments.sys.mjs:537:35\n","nativeSavedFrame":{}},"formattedStack":"_fetchAttachment@resource://services-settings/Attachments.sys.mjs:560:35\ndownloadAsBytes@resource://services-settings/Attachments.sys.mjs:537:35\n","nativeSavedFrame":{}},"formattedStack":"fetch@resource://services-settings/Utils.sys.mjs:238:12\n_fetchAttachment@resource://services-settings/Attachments.sys.mjs:560:35\ndownloadAsBytes@resource://services-settings/Attachments.sys.mjs:537:35\n","nativeSavedFrame":{}},"formattedStack":"fetch/<@resource://services-settings/Utils.sys.mjs:287:15\nfetch@resource://services-settings/Utils.sys.mjs:238:12\n_fetchAttachment@resource://services-settings/Attachments.sys.mjs:560:35\ndownloadAsBytes@resource://services-settings/Attachments.sys.mjs:537:35\n","nativeSavedFrame":{}},"formattedStack":"open@resource://gre/modules/ServiceRequest.sys.mjs:126:11\nfetch/<@resource://services-settings/Utils.sys.mjs:287:15\nfetch@resource://services-settings/Utils.sys.mjs:238:12\n_fetchAttachment@resource://services-settings/Attachments.sys.mjs:560:35\ndownloadAsBytes@resource://services-settings/Attachments.sys.mjs:537:35\n","nativeSavedFrame":{}}
    - message = 
    - name = 
    - result = 2152071198
    - stack = open@resource://gre/modules/ServiceRequest.sys.mjs:126:11|fetch/<@resource://services-settings/Utils.sys.mjs:287:15|fetch@resource://services-settings/Utils.sys.mjs:238:12|_fetchAttachment@resource://services-settings/Attachments.sys.mjs:560:35|downloadAsBytes@resource://services-settings/Attachments.sys.mjs:537:35|
  - prototype Object
console.error: RemoteSecuritySettings: 
  failed to obtain bytes for CRLite delta 20260725-1-default.filter.delta
console.error: RemoteSecuritySettings: 
  failed to download CRLite filter
Object
  - prototype Object
    - columnNumber = 11
    - data = null
    - filename = resource://gre/modules/ServiceRequest.sys.mjs
    - lineNumber = 126
    - location = {"name":"open","filename":"resource://gre/modules/ServiceRequest.sys.mjs","sourceId":25,"lineNumber":126,"columnNumber":11,"asyncCause":null,"asyncCaller":null,"caller":{"filename":"resource://services-settings/Utils.sys.mjs","name":"fetch/<","sourceId":24,"lineNumber":287,"columnNumber":15,"asyncCause":null,"asyncCaller":null,"caller":{"filename":"resource://services-settings/Utils.sys.mjs","name":"fetch","sourceId":24,"lineNumber":238,"columnNumber":12,"asyncCause":null,"asyncCaller":null,"caller":{"filename":"resource://services-settings/Attachments.sys.mjs","name":"_fetchAttachment","sourceId":23,"lineNumber":560,"columnNumber":35,"asyncCause":null,"asyncCaller":null,"caller":{"filename":"resource://services-settings/Attachments.sys.mjs","name":"downloadAsBytes","sourceId":23,"lineNumber":537,"columnNumber":35,"asyncCause":null,"asyncCaller":null,"caller":null,"formattedStack":"downloadAsBytes@resource://services-settings/Attachments.sys.mjs:537:35\n","nativeSavedFrame":{}},"formattedStack":"_fetchAttachment@resource://services-settings/Attachments.sys.mjs:560:35\ndownloadAsBytes@resource://services-settings/Attachments.sys.mjs:537:35\n","nativeSavedFrame":{}},"formattedStack":"fetch@resource://services-settings/Utils.sys.mjs:238:12\n_fetchAttachment@resource://services-settings/Attachments.sys.mjs:560:35\ndownloadAsBytes@resource://services-settings/Attachments.sys.mjs:537:35\n","nativeSavedFrame":{}},"formattedStack":"fetch/<@resource://services-settings/Utils.sys.mjs:287:15\nfetch@resource://services-settings/Utils.sys.mjs:238:12\n_fetchAttachment@resource://services-settings/Attachments.sys.mjs:560:35\ndownloadAsBytes@resource://services-settings/Attachments.sys.mjs:537:35\n","nativeSavedFrame":{}},"formattedStack":"open@resource://gre/modules/ServiceRequest.sys.mjs:126:11\nfetch/<@resource://services-settings/Utils.sys.mjs:287:15\nfetch@resource://services-settings/Utils.sys.mjs:238:12\n_fetchAttachment@resource://services-settings/Attachments.sys.mjs:560:35\ndownloadAsBytes@resource://services-settings/Attachments.sys.mjs:537:35\n","nativeSavedFrame":{}}
    - message = 
    - name = 
    - result = 2152071198
    - stack = open@resource://gre/modules/ServiceRequest.sys.mjs:126:11|fetch/<@resource://services-settings/Utils.sys.mjs:287:15|fetch@resource://services-settings/Utils.sys.mjs:238:12|_fetchAttachment@resource://services-settings/Attachments.sys.mjs:560:35|downloadAsBytes@resource://services-settings/Attachments.sys.mjs:537:35|
  - prototype Object
console.error: RemoteSecuritySettings: 
  failed to obtain bytes for CRLite delta 20260803-0-default.filter.delta
console.error: RemoteSecuritySettings: 
  failed to download CRLite filter
Object
  - prototype Object
    - columnNumber = 11
    - data = null
    - filename = resource://gre/modules/ServiceRequest.sys.mjs
    - lineNumber = 126
    - location = {"name":"open","filename":"resource://gre/modules/ServiceRequest.sys.mjs","sourceId":25,"lineNumber":126,"columnNumber":11,"asyncCause":null,"asyncCaller":null,"caller":{"filename":"resource://services-settings/Utils.sys.mjs","name":"fetch/<","sourceId":24,"lineNumber":287,"columnNumber":15,"asyncCause":null,"asyncCaller":null,"caller":{"filename":"resource://services-settings/Utils.sys.mjs","name":"fetch","sourceId":24,"lineNumber":238,"columnNumber":12,"asyncCause":null,"asyncCaller":null,"caller":{"filename":"resource://services-settings/Attachments.sys.mjs","name":"_fetchAttachment","sourceId":23,"lineNumber":560,"columnNumber":35,"asyncCause":null,"asyncCaller":null,"caller":{"filename":"resource://services-settings/Attachments.sys.mjs","name":"downloadAsBytes","sourceId":23,"lineNumber":537,"columnNumber":35,"asyncCause":null,"asyncCaller":null,"caller":null,"formattedStack":"downloadAsBytes@resource://services-settings/Attachments.sys.mjs:537:35\n","nativeSavedFrame":{}},"formattedStack":"_fetchAttachment@resource://services-settings/Attachments.sys.mjs:560:35\ndownloadAsBytes@resource://services-settings/Attachments.sys.mjs:537:35\n","nativeSavedFrame":{}},"formattedStack":"fetch@resource://services-settings/Utils.sys.mjs:238:12\n_fetchAttachment@resource://services-settings/Attachments.sys.mjs:560:35\ndownloadAsBytes@resource://services-settings/Attachments.sys.mjs:537:35\n","nativeSavedFrame":{}},"formattedStack":"fetch/<@resource://services-settings/Utils.sys.mjs:287:15\nfetch@resource://services-settings/Utils.sys.mjs:238:12\n_fetchAttachment@resource://services-settings/Attachments.sys.mjs:560:35\ndownloadAsBytes@resource://services-settings/Attachments.sys.mjs:537:35\n","nativeSavedFrame":{}},"formattedStack":"open@resource://gre/modules/ServiceRequest.sys.mjs:126:11\nfetch/<@resource://services-settings/Utils.sys.mjs:287:15\nfetch@resource://services-settings/Utils.sys.mjs:238:12\n_fetchAttachment@resource://services-settings/Attachments.sys.mjs:560:35\ndownloadAsBytes@resource://services-settings/Attachments.sys.mjs:537:35\n","nativeSavedFrame":{}}
    - message = 
    - name = 
    - result = 2152071198
    - stack = open@resource://gre/modules/ServiceRequest.sys.mjs:126:11|fetch/<@resource://services-settings/Utils.sys.mjs:287:15|fetch@resource://services-settings/Utils.sys.mjs:238:12|_fetchAttachment@resource://services-settings/Attachments.sys.mjs:560:35|downloadAsBytes@resource://services-settings/Attachments.sys.mjs:537:35|
  - prototype Object
console.error: RemoteSecuritySettings: 
  failed to obtain bytes for CRLite delta 20260807-0-default.filter.delta
console.error: RemoteSecuritySettings: 
  failed to download CRLite filter
Object
  - prototype Object
    - columnNumber = 11
    - data = null
    - filename = resource://gre/modules/ServiceRequest.sys.mjs
    - lineNumber = 126
    - location = {"name":"open","filename":"resource://gre/modules/ServiceRequest.sys.mjs","sourceId":25,"lineNumber":126,"columnNumber":11,"asyncCause":null,"asyncCaller":null,"caller":{"filename":"resource://services-settings/Utils.sys.mjs","name":"fetch/<","sourceId":24,"lineNumber":287,"columnNumber":15,"asyncCause":null,"asyncCaller":null,"caller":{"filename":"resource://services-settings/Utils.sys.mjs","name":"fetch","sourceId":24,"lineNumber":238,"columnNumber":12,"asyncCause":null,"asyncCaller":null,"caller":{"filename":"resource://services-settings/Attachments.sys.mjs","name":"_fetchAttachment","sourceId":23,"lineNumber":560,"columnNumber":35,"asyncCause":null,"asyncCaller":null,"caller":{"filename":"resource://services-settings/Attachments.sys.mjs","name":"downloadAsBytes","sourceId":23,"lineNumber":537,"columnNumber":35,"asyncCause":null,"asyncCaller":null,"caller":null,"formattedStack":"downloadAsBytes@resource://services-settings/Attachments.sys.mjs:537:35\n","nativeSavedFrame":{}},"formattedStack":"_fetchAttachment@resource://services-settings/Attachments.sys.mjs:560:35\ndownloadAsBytes@resource://services-settings/Attachments.sys.mjs:537:35\n","nativeSavedFrame":{}},"formattedStack":"fetch@resource://services-settings/Utils.sys.mjs:238:12\n_fetchAttachment@resource://services-settings/Attachments.sys.mjs:560:35\ndownloadAsBytes@resource://services-settings/Attachments.sys.mjs:537:35\n","nativeSavedFrame":{}},"formattedStack":"fetch/<@resource://services-settings/Utils.sys.mjs:287:15\nfetch@resource://services-settings/Utils.sys.mjs:238:12\n_fetchAttachment@resource://services-settings/Attachments.sys.mjs:560:35\ndownloadAsBytes@resource://services-settings/Attachments.sys.mjs:537:35\n","nativeSavedFrame":{}},"formattedStack":"open@resource://gre/modules/ServiceRequest.sys.mjs:126:11\nfetch/<@resource://services-settings/Utils.sys.mjs:287:15\nfetch@resource://services-settings/Utils.sys.mjs:238:12\n_fetchAttachment@resource://services-settings/Attachments.sys.mjs:560:35\ndownloadAsBytes@resource://services-settings/Attachments.sys.mjs:537:35\n","nativeSavedFrame":{}}
    - message = 
    - name = 
    - result = 2152071198
    - stack = open@resource://gre/modules/ServiceRequest.sys.mjs:126:11|fetch/<@resource://services-settings/Utils.sys.mjs:287:15|fetch@resource://services-settings/Utils.sys.mjs:238:12|_fetchAttachment@resource://services-settings/Attachments.sys.mjs:560:35|downloadAsBytes@resource://services-settings/Attachments.sys.mjs:537:35|
  - prototype Object
console.error: RemoteSecuritySettings: 
  failed to obtain bytes for CRLite delta 20260726-0-default.filter.delta
JavaScript error: resource://gre/modules/PrivateBrowsingUtils.sys.mjs, line 50: TypeError: can't access property "QueryInterface", aWindow.docShell is null
1786119777184	webdriver::server	INFO	Shutting down
