warn:i18nlangtag:1247974:1247974:i18nlangtag/source/isolang/mslangid.cxx:105: MsLangId::getConfiguredSystemLanguage() - not configured yet
warn:i18nlangtag:1247974:1247974:i18nlangtag/source/isolang/mslangid.cxx:115: MsLangId::getConfiguredSystemUILanguage() - not configured yet
warn:desktop.app:1247974:1247976:unotools/source/ucbhelper/localfilehelper.cxx:86: error removing directory file:///home/jiajun/LibreOffice/study_LiteCore/wasm_sdk_probe/build/finding-016-native/user-profile/user/extensions
warn:opencl:1247998:1247998:opencl/opencltest/main.cxx:159: OpenCL driver check failed: -54(line 159)
warn:lok:1247974:1247974:sfx2/source/view/lokhelper.cxx:1118: no explicit viewshell set
warn:lok:1247974:1247974:sfx2/source/view/lokhelper.cxx:1118: no explicit viewshell set
warn:lok:1247974:1247974:sfx2/source/view/lokhelper.cxx:1118: no explicit viewshell set
warn:lok:1247974:1247974:sfx2/source/view/lokhelper.cxx:1118: no explicit viewshell set
warn:svx.dialog:1247974:1247976:svx/source/dialog/rlrcitem.cxx:75: SvxTabStopItem expected
warn:unotools.config:1247974:1247974:unotools/source/config/configmgr.cxx:147: ConfigManager not empty
info:cppu.typelib:1247974:1247974:cppu/source/typelib/typelib.cxx:244: remaining type: com.sun.star.lang.XEventListener::disposing:@0,3:com.sun.star.util.XModifyListener; ref count = 1
info:cppu.typelib:1247974:1247974:cppu/source/typelib/typelib.cxx:244: remaining type: com.sun.star.uno.XInterface::queryInterface:@0,0:com.sun.star.lang.XEventListener:@0,0:com.sun.star.util.XModifyListener; ref count = 1
info:cppu.typelib:1247974:1247974:cppu/source/typelib/typelib.cxx:244: remaining type: com.sun.star.lang.XEventListener::disposing:@0,3:com.sun.star.beans.XPropertiesChangeListener; ref count = 1
info:cppu.typelib:1247974:1247974:cppu/source/typelib/typelib.cxx:244: remaining type: com.sun.star.uno.XInterface::queryInterface:@0,0:com.sun.star.lang.XEventListener:@0,0:com.sun.star.beans.XPropertiesChangeListener; ref count = 1
info:cppu.typelib:1247974:1247974:cppu/source/typelib/typelib.cxx:244: remaining type: com.sun.star.util.XModifyListener; ref count = 1
info:cppu.typelib:1247974:1247974:cppu/source/typelib/typelib.cxx:244: remaining type: com.sun.star.script.XPersistentLibraryContainer::storeLibraries:@0,24:com.sun.star.script.XStorageBasedLibraryContainer; ref count = 1
info:cppu.typelib:1247974:1247974:cppu/source/typelib/typelib.cxx:244: remaining type: com.sun.star.script.XPersistentLibraryContainer::ContainerLocationName:@0,23:com.sun.star.script.XStorageBasedLibraryContainer; ref count = 1
info:cppu.typelib:1247974:1247974:cppu/source/typelib/typelib.cxx:244: remaining type: com.sun.star.script.XPersistentLibraryContainer::RootLocation:@0,22:com.sun.star.script.XStorageBasedLibraryContainer; ref count = 1
info:cppu.typelib:1247974:1247974:cppu/source/typelib/typelib.cxx:244: remaining type: com.sun.star.script.XLibraryContainer2::setLibraryReadOnly:@1,20:com.sun.star.script.XPersistentLibraryContainer:@0,20:com.sun.star.script.XStorageBasedLibraryContainer; ref count = 1
info:cppu.typelib:1247974:1247974:cppu/source/typelib/typelib.cxx:244: remaining type: com.sun.star.script.XLibraryContainer2::isLibraryReadOnly:@1,19:com.sun.star.script.XPersistentLibraryContainer:@0,19:com.sun.star.script.XStorageBasedLibraryContainer; ref count = 1
info:cppu.typelib:1247974:1247974:cppu/source/typelib/typelib.cxx:244: remaining type: com.sun.star.script.XLibraryContainer2::getLibraryLinkURL:@1,18:com.sun.star.script.XPersistentLibraryContainer:@0,18:com.sun.star.script.XStorageBasedLibraryContainer; ref count = 1
info:cppu.typelib:1247974:1247974:cppu/source/typelib/typelib.cxx:244: remaining type: com.sun.star.script.XLibraryContainer2::isLibraryLink:@1,17:com.sun.star.script.XPersistentLibraryContainer:@0,17:com.sun.star.script.XStorageBasedLibraryContainer; ref count = 1
info:cppu.typelib:1247974:1247974:cppu/source/typelib/typelib.cxx:244: remaining type: com.sun.star.script.XLibraryContainer::removeLibrary:@0,10:com.sun.star.script.XLibraryContainer2:@1,14:com.sun.star.script.XPersistentLibraryContainer:@0,14:com.sun.star.script.XStorageBasedLibraryContainer; ref count = 1
info:cppu.typelib:1247974:1247974:cppu/source/typelib/typelib.cxx:244: remaining type: com.sun.star.container.XNameAccess::hasByName:@0,7:com.sun.star.script.XLibraryContainer:@0,7:com.sun.star.script.XLibraryContainer2:@1,11:com.sun.star.script.XPersistentLibraryContainer:@0,11:com.sun.star.script.XStorageBasedLibraryContainer; ref count = 1
info:cppu.typelib:1247974:1247974:cppu/source/typelib/typelib.cxx:244: remaining type: com.sun.star.container.XNameAccess::getElementNames:@0,6:com.sun.star.script.XLibraryContainer:@0,6:com.sun.star.script.XLibraryContainer2:@1,10:com.sun.star.script.XPersistentLibraryContainer:@0,10:com.sun.star.script.XStorageBasedLibraryContainer; ref count = 1
info:cppu.typelib:1247974:1247974:cppu/source/typelib/typelib.cxx:244: remaining type: com.sun.star.container.XElementAccess::hasElements:@0,4:com.sun.star.container.XNameAccess:@0,4:com.sun.star.script.XLibraryContainer:@0,4:com.sun.star.script.XLibraryContainer2:@1,8:com.sun.star.script.XPersistentLibraryContainer:@0,8:com.sun.star.script.XStorageBasedLibraryContainer; ref count = 1
info:cppu.typelib:1247974:1247974:cppu/source/typelib/typelib.cxx:244: remaining type: com.sun.star.util.XModifiable::isModified:@0,5:com.sun.star.script.XPersistentLibraryContainer:@0,5:com.sun.star.script.XStorageBasedLibraryContainer; ref count = 1
info:cppu.typelib:1247974:1247974:cppu/source/typelib/typelib.cxx:244: remaining type: com.sun.star.util.XModifyBroadcaster::addModifyListener:@0,3:com.sun.star.util.XModifiable:@0,3:com.sun.star.script.XPersistentLibraryContainer:@0,3:com.sun.star.script.XStorageBasedLibraryContainer; ref count = 1
info:cppu.typelib:1247974:1247974:cppu/source/typelib/typelib.cxx:244: remaining type: com.sun.star.uno.XInterface::release:@0,2:com.sun.star.util.XModifyBroadcaster:@0,2:com.sun.star.util.XModifiable:@0,2:com.sun.star.script.XPersistentLibraryContainer:@0,2:com.sun.star.script.XStorageBasedLibraryContainer; ref count = 1
info:cppu.typelib:1247974:1247974:cppu/source/typelib/typelib.cxx:244: remaining type: com.sun.star.uno.XInterface::acquire:@0,1:com.sun.star.util.XModifyBroadcaster:@0,1:com.sun.star.util.XModifiable:@0,1:com.sun.star.script.XPersistentLibraryContainer:@0,1:com.sun.star.script.XStorageBasedLibraryContainer; ref count = 1
info:cppu.typelib:1247974:1247974:cppu/source/typelib/typelib.cxx:244: remaining type: com.sun.star.script.XPersistentLibraryContainer; ref count = 1
info:cppu.typelib:1247974:1247974:cppu/source/typelib/typelib.cxx:244: remaining type: com.sun.star.script.XLibraryContainer2::setLibraryReadOnly:@1,20:com.sun.star.script.XPersistentLibraryContainer; ref count = 1
info:cppu.typelib:1247974:1247974:cppu/source/typelib/typelib.cxx:244: remaining type: com.sun.star.script.XLibraryContainer2::isLibraryReadOnly:@1,19:com.sun.star.script.XPersistentLibraryContainer; ref count = 1
info:cppu.typelib:1247974:1247974:cppu/source/typelib/typelib.cxx:244: remaining type: com.sun.star.script.XLibraryContainer2::getLibraryLinkURL:@1,18:com.sun.star.script.XPersistentLibraryContainer; ref count = 1
info:cppu.typelib:1247974:1247974:cppu/source/typelib/typelib.cxx:244: remaining type: com.sun.star.script.XLibraryContainer2::isLibraryLink:@1,17:com.sun.star.script.XPersistentLibraryContainer; ref count = 1
info:cppu.typelib:1247974:1247974:cppu/source/typelib/typelib.cxx:244: remaining type: com.sun.star.script.XLibraryContainer::removeLibrary:@0,10:com.sun.star.script.XLibraryContainer2:@1,14:com.sun.star.script.XPersistentLibraryContainer; ref count = 1
info:cppu.typelib:1247974:1247974:cppu/source/typelib/typelib.cxx:244: remaining type: com.sun.star.script.XLibraryContainer::createLibrary:@0,8:com.sun.star.script.XLibraryContainer2:@1,12:com.sun.star.script.XPersistentLibraryContainer; ref count = 1
info:cppu.typelib:1247974:1247974:cppu/source/typelib/typelib.cxx:244: remaining type: com.sun.star.container.XNameAccess::getElementNames:@0,6:com.sun.star.script.XLibraryContainer:@0,6:com.sun.star.script.XLibraryContainer2:@1,10:com.sun.star.script.XPersistentLibraryContainer; ref count = 1
info:cppu.typelib:1247974:1247974:cppu/source/typelib/typelib.cxx:244: remaining type: com.sun.star.container.XElementAccess::hasElements:@0,4:com.sun.star.container.XNameAccess:@0,4:com.sun.star.script.XLibraryContainer:@0,4:com.sun.star.script.XLibraryContainer2:@1,8:com.sun.star.script.XPersistentLibraryContainer; ref count = 1
info:cppu.typelib:1247974:1247974:cppu/source/typelib/typelib.cxx:244: remaining type: com.sun.star.util.XModifiable::setModified:@0,6:com.sun.star.script.XPersistentLibraryContainer; ref count = 1
info:cppu.typelib:1247974:1247974:cppu/source/typelib/typelib.cxx:244: remaining type: com.sun.star.util.XModifyBroadcaster::addModifyListener:@0,3:com.sun.star.util.XModifiable:@0,3:com.sun.star.script.XPersistentLibraryContainer; ref count = 1
info:cppu.typelib:1247974:1247974:cppu/source/typelib/typelib.cxx:244: remaining type: com.sun.star.uno.XInterface::release:@0,2:com.sun.star.util.XModifyBroadcaster:@0,2:com.sun.star.util.XModifiable:@0,2:com.sun.star.script.XPersistentLibraryContainer; ref count = 1
info:cppu.typelib:1247974:1247974:cppu/source/typelib/typelib.cxx:244: remaining type: com.sun.star.uno.XInterface::acquire:@0,1:com.sun.star.util.XModifyBroadcaster:@0,1:com.sun.star.util.XModifiable:@0,1:com.sun.star.script.XPersistentLibraryContainer; ref count = 1
info:cppu.typelib:1247974:1247974:cppu/source/typelib/typelib.cxx:244: remaining type: com.sun.star.uno.XInterface::queryInterface:@0,0:com.sun.star.util.XModifyBroadcaster:@0,0:com.sun.star.util.XModifiable:@0,0:com.sun.star.script.XPersistentLibraryContainer; ref count = 1
info:cppu.typelib:1247974:1247974:cppu/source/typelib/typelib.cxx:244: remaining type: com.sun.star.script.XPersistentLibraryContainer::RootLocation; ref count = 1
info:cppu.typelib:1247974:1247974:cppu/source/typelib/typelib.cxx:244: remaining type: com.sun.star.script.XPersistentLibraryContainer::storeLibraries; ref count = 1
info:cppu.typelib:1247974:1247974:cppu/source/typelib/typelib.cxx:244: remaining type: com.sun.star.script.XLibraryContainer2; ref count = 1
info:cppu.typelib:1247974:1247974:cppu/source/typelib/typelib.cxx:244: remaining type: com.sun.star.script.XLibraryContainer::loadLibrary:@0,12:com.sun.star.script.XLibraryContainer2; ref count = 1
info:cppu.typelib:1247974:1247974:cppu/source/typelib/typelib.cxx:244: remaining type: com.sun.star.script.XLibraryContainer::removeLibrary:@0,10:com.sun.star.script.XLibraryContainer2; ref count = 1
info:cppu.typelib:1247974:1247974:cppu/source/typelib/typelib.cxx:244: remaining type: com.sun.star.script.XLibraryContainer::createLibraryLink:@0,9:com.sun.star.script.XLibraryContainer2; ref count = 1
info:cppu.typelib:1247974:1247974:cppu/source/typelib/typelib.cxx:244: remaining type: com.sun.star.container.XNameAccess::getByName:@0,5:com.sun.star.script.XLibraryContainer:@0,5:com.sun.star.script.XLibraryContainer2; ref count = 1
info:cppu.typelib:1247974:1247974:cppu/source/typelib/typelib.cxx:244: remaining type: com.sun.star.script.XLibraryContainer2::getLibraryLinkURL; ref count = 1
info:cppu.typelib:1247974:1247974:cppu/source/typelib/typelib.cxx:244: remaining type: com.sun.star.script.XLibraryContainer2::isLibraryReadOnly; ref count = 1
info:cppu.typelib:1247974:1247974:cppu/source/typelib/typelib.cxx:244: remaining type: com.sun.star.script.XLibraryContainer2::setLibraryReadOnly; ref count = 1
info:cppu.typelib:1247974:1247974:cppu/source/typelib/typelib.cxx:244: remaining type: com.sun.star.container.XNameAccess::hasByName:@0,7:com.sun.star.script.XLibraryContainer; ref count = 1
info:cppu.typelib:1247974:1247974:cppu/source/typelib/typelib.cxx:244: remaining type: com.sun.star.container.XElementAccess::hasElements:@0,4:com.sun.star.container.XNameAccess:@0,4:com.sun.star.script.XLibraryContainer; ref count = 1
info:cppu.typelib:1247974:1247974:cppu/source/typelib/typelib.cxx:244: remaining type: com.sun.star.uno.XInterface::acquire:@0,1:com.sun.star.container.XElementAccess:@0,1:com.sun.star.container.XNameAccess:@0,1:com.sun.star.script.XLibraryContainer; ref count = 1
info:cppu.typelib:1247974:1247974:cppu/source/typelib/typelib.cxx:244: remaining type: com.sun.star.script.XLibraryContainer::createLibrary; ref count = 1
info:cppu.typelib:1247974:1247974:cppu/source/typelib/typelib.cxx:244: remaining type: com.sun.star.script.XLibraryContainer::isLibraryLoaded; ref count = 1
info:cppu.typelib:1247974:1247974:cppu/source/typelib/typelib.cxx:244: remaining type: com.sun.star.script.XStorageBasedLibraryContainer; ref count = 2
info:cppu.typelib:1247974:1247974:cppu/source/typelib/typelib.cxx:244: remaining type: com.sun.star.io.IOException; ref count = 1
info:cppu.typelib:1247974:1247974:cppu/source/typelib/typelib.cxx:244: remaining type: com.sun.star.uno.XInterface::release:@0,2:com.sun.star.lang.XEventListener:@0,2:com.sun.star.util.XModifyListener; ref count = 1
info:cppu.typelib:1247974:1247974:cppu/source/typelib/typelib.cxx:244: remaining type: com.sun.star.script.XLibraryContainer2::renameLibrary:@1,21:com.sun.star.script.XPersistentLibraryContainer; ref count = 1
info:cppu.typelib:1247974:1247974:cppu/source/typelib/typelib.cxx:244: remaining type: com.sun.star.script.XLibraryContainer::createLibraryLink:@0,9:com.sun.star.script.XLibraryContainer2:@1,13:com.sun.star.script.XPersistentLibraryContainer:@0,13:com.sun.star.script.XStorageBasedLibraryContainer; ref count = 1
info:cppu.typelib:1247974:1247974:cppu/source/typelib/typelib.cxx:244: remaining type: com.sun.star.uno.XInterface::queryInterface:@0,0:com.sun.star.container.XElementAccess:@0,0:com.sun.star.container.XNameAccess:@0,0:com.sun.star.script.XLibraryContainer; ref count = 1
info:cppu.typelib:1247974:1247974:cppu/source/typelib/typelib.cxx:244: remaining type: com.sun.star.script.XLibraryContainer::loadLibrary:@0,12:com.sun.star.script.XLibraryContainer2:@1,16:com.sun.star.script.XPersistentLibraryContainer:@0,16:com.sun.star.script.XStorageBasedLibraryContainer; ref count = 1
info:cppu.typelib:1247974:1247974:cppu/source/typelib/typelib.cxx:244: remaining type: com.sun.star.beans.XPropertiesChangeListener::propertiesChange; ref count = 1
info:cppu.typelib:1247974:1247974:cppu/source/typelib/typelib.cxx:244: remaining type: com.sun.star.script.XLibraryContainer::loadLibrary; ref count = 1
info:cppu.typelib:1247974:1247974:cppu/source/typelib/typelib.cxx:244: remaining type: com.sun.star.uno.XInterface::release:@0,2:com.sun.star.lang.XEventListener:@0,2:com.sun.star.beans.XPropertiesChangeListener; ref count = 1
info:cppu.typelib:1247974:1247974:cppu/source/typelib/typelib.cxx:244: remaining type: com.sun.star.uno.XInterface::acquire:@0,1:com.sun.star.uno.XAggregation; ref count = 1
info:cppu.typelib:1247974:1247974:cppu/source/typelib/typelib.cxx:244: remaining type: com.sun.star.uno.XAggregation::setDelegator; ref count = 1
info:cppu.typelib:1247974:1247974:cppu/source/typelib/typelib.cxx:244: remaining type: com.sun.star.script.XLibraryContainer2::renameLibrary; ref count = 1
info:cppu.typelib:1247974:1247974:cppu/source/typelib/typelib.cxx:244: remaining type: com.sun.star.reflection.XInterfaceTypeDescription::getUik; ref count = 1
info:cppu.typelib:1247974:1247974:cppu/source/typelib/typelib.cxx:244: remaining type: com.sun.star.uno.XInterface::release:@0,2:com.sun.star.lang.XLocalizable; ref count = 3
info:cppu.typelib:1247974:1247974:cppu/source/typelib/typelib.cxx:244: remaining type: com.sun.star.container.XElementAccess::getElementType:@0,3:com.sun.star.container.XNameAccess:@0,3:com.sun.star.script.XLibraryContainer; ref count = 1
info:cppu.typelib:1247974:1247974:cppu/source/typelib/typelib.cxx:244: remaining type: com.sun.star.reflection.XTypeDescription::getTypeClass; ref count = 1
info:cppu.typelib:1247974:1247974:cppu/source/typelib/typelib.cxx:244: remaining type: com.sun.star.beans.XMultiPropertySet; ref count = 10
info:cppu.typelib:1247974:1247974:cppu/source/typelib/typelib.cxx:244: remaining type: com.sun.star.util.XNumberFormatter2; ref count = 1
info:cppu.typelib:1247974:1247974:cppu/source/typelib/typelib.cxx:244: remaining type: com.sun.star.reflection.XIdlClass; ref count = 33
info:cppu.typelib:1247974:1247974:cppu/source/typelib/typelib.cxx:244: remaining type: com.sun.star.lang.XTypeProvider; ref count = 61
info:cppu.typelib:1247974:1247974:cppu/source/typelib/typelib.cxx:244: remaining type: com.sun.star.lang.XMultiComponentFactory::createInstanceWithContext; ref count = 1
info:cppu.typelib:1247974:1247974:cppu/source/typelib/typelib.cxx:244: remaining type: com.sun.star.sheet.addin.XAnalysis::getIntrate; ref count = 2
info:cppu.typelib:1247974:1247974:cppu/source/typelib/typelib.cxx:244: remaining type: com.sun.star.uno.XInterface::acquire:@0,1:com.sun.star.beans.XMultiPropertySet; ref count = 1
info:cppu.typelib:1247974:1247974:cppu/source/typelib/typelib.cxx:244: remaining type: com.sun.star.script.XLibraryContainer::createLibrary:@0,8:com.sun.star.script.XLibraryContainer2:@1,12:com.sun.star.script.XPersistentLibraryContainer:@0,12:com.sun.star.script.XStorageBasedLibraryContainer; ref count = 1
info:cppu.typelib:1247974:1247974:cppu/source/typelib/typelib.cxx:244: remaining type: com.sun.star.uno.XInterface::queryInterface:@0,0:com.sun.star.sheet.addin.XMiscFunctions; ref count = 2
info:cppu.typelib:1247974:1247974:cppu/source/typelib/typelib.cxx:244: remaining type: com.sun.star.sheet.addin.XAnalysis::getBin2Oct; ref count = 2
info:cppu.typelib:1247974:1247974:cppu/source/typelib/typelib.cxx:244: remaining type: com.sun.star.uno.XInterface::acquire:@0,1:com.sun.star.frame.XDispatchProvider; ref count = 1
info:cppu.typelib:1247974:1247974:cppu/source/typelib/typelib.cxx:244: remaining type: com.sun.star.uno.XInterface::acquire:@0,1:com.sun.star.lang.XLocalizable:@0,1:com.sun.star.sheet.XAddIn; ref count = 2
info:cppu.typelib:1247974:1247974:cppu/source/typelib/typelib.cxx:244: remaining type: []com.sun.star.reflection.XIdlField; ref count = 1
info:cppu.typelib:1247974:1247974:cppu/source/typelib/typelib.cxx:244: remaining type: com.sun.star.uno.XInterface::release:@0,2:com.sun.star.lang.XServiceName; ref count = 2
info:cppu.typelib:1247974:1247974:cppu/source/typelib/typelib.cxx:244: remaining type: com.sun.star.uno.XInterface::release:@0,2:com.sun.star.lang.XEventListener:@0,2:com.sun.star.frame.XTerminateListener; ref count = 1
info:cppu.typelib:1247974:1247974:cppu/source/typelib/typelib.cxx:244: remaining type: com.sun.star.io.XInputStream::readBytes; ref count = 1
info:cppu.typelib:1247974:1247974:cppu/source/typelib/typelib.cxx:244: remaining type: com.sun.star.frame.XTerminateListener::notifyTermination; ref count = 1
info:cppu.typelib:1247974:1247974:cppu/source/typelib/typelib.cxx:244: remaining type: com.sun.star.sheet.addin.XAnalysis::getEomonth; ref count = 2
info:cppu.typelib:1247974:1247974:cppu/source/typelib/typelib.cxx:244: remaining type: com.sun.star.sheet.addin.XAnalysis::getHex2Bin; ref count = 2
info:cppu.typelib:1247974:1247974:cppu/source/typelib/typelib.cxx:244: remaining type: com.sun.star.uno.XInterface::acquire:@0,1:com.sun.star.container.XElementAccess:@0,1:com.sun.star.container.XNameAccess:@0,1:com.sun.star.script.XLibraryContainer:@0,1:com.sun.star.script.XLibraryContainer2; ref count = 1
info:cppu.typelib:1247974:1247974:cppu/source/typelib/typelib.cxx:244: remaining type: com.sun.star.sheet.addin.XDateFunctions::getWeeksInYear; ref count = 2
info:cppu.typelib:1247974:1247974:cppu/source/typelib/typelib.cxx:244: remaining type: com.sun.star.container.ElementExistException; ref count = 1
info:cppu.typelib:1247974:1247974:cppu/source/typelib/typelib.cxx:244: remaining type: com.sun.star.script.XLibraryContainer::removeLibrary; ref count = 1
info:cppu.typelib:1247974:1247974:cppu/source/typelib/typelib.cxx:244: remaining type: com.sun.star.script.XLibraryContainer::isLibraryLoaded:@0,11:com.sun.star.script.XLibraryContainer2:@1,15:com.sun.star.script.XPersistentLibraryContainer:@0,15:com.sun.star.script.XStorageBasedLibraryContainer; ref count = 1
info:cppu.typelib:1247974:1247974:cppu/source/typelib/typelib.cxx:244: remaining type: com.sun.star.uno.XInterface::release:@0,2:com.sun.star.sheet.addin.XAnalysis; ref count = 2
info:cppu.typelib:1247974:1247974:cppu/source/typelib/typelib.cxx:244: remaining type: com.sun.star.uno.XInterface::release:@0,2:com.sun.star.util.XModifyBroadcaster; ref count = 1
info:cppu.typelib:1247974:1247974:cppu/source/typelib/typelib.cxx:244: remaining type: com.sun.star.uno.XInterface::acquire:@0,1:com.sun.star.util.XModifyBroadcaster; ref count = 1
info:cppu.typelib:1247974:1247974:cppu/source/typelib/typelib.cxx:244: remaining type: com.sun.star.uno.XInterface::acquire:@0,1:com.sun.star.beans.XFastPropertySet; ref count = 1
info:cppu.typelib:1247974:1247974:cppu/source/typelib/typelib.cxx:244: remaining type: com.sun.star.uno.XInterface::acquire:@0,1:com.sun.star.reflection.XTypeDescription:@0,1:com.sun.star.reflection.XCompoundTypeDescription:@0,1:com.sun.star.reflection.XStructTypeDescription; ref count = 1
info:cppu.typelib:1247974:1247974:cppu/source/typelib/typelib.cxx:244: remaining type: com.sun.star.beans.XMultiPropertySet::removePropertiesChangeListener; ref count = 1
info:cppu.typelib:1247974:1247974:cppu/source/typelib/typelib.cxx:244: remaining type: com.sun.star.reflection.XTypeDescription::getTypeClass:@0,3:com.sun.star.reflection.XIndirectTypeDescription; ref count = 1
info:cppu.typelib:1247974:1247974:cppu/source/typelib/typelib.cxx:244: remaining type: com.sun.star.uno.XInterface::queryInterface:@0,0:com.sun.star.uno.XAggregation; ref count = 1
info:cppu.typelib:1247974:1247974:cppu/source/typelib/typelib.cxx:244: remaining type: com.sun.star.sheet.addin.XAnalysis::getImcsch; ref count = 2
info:cppu.typelib:1247974:1247974:cppu/source/typelib/typelib.cxx:244: remaining type: com.sun.star.container.XElementAccess::getElementType:@0,3:com.sun.star.container.XNameAccess:@0,3:com.sun.star.script.XLibraryContainer:@0,3:com.sun.star.script.XLibraryContainer2:@1,7:com.sun.star.script.XPersistentLibraryContainer:@0,7:com.sun.star.script.XStorageBasedLibraryContainer; ref count = 1
info:cppu.typelib:1247974:1247974:cppu/source/typelib/typelib.cxx:244: remaining type: com.sun.star.uno.XInterface::queryInterface:@0,0:com.sun.star.frame.XDispatchProviderInterception; ref count = 1
info:cppu.typelib:1247974:1247974:cppu/source/typelib/typelib.cxx:244: remaining type: com.sun.star.sheet.addin.XAnalysis::getBesselj; ref count = 2
info:cppu.typelib:1247974:1247974:cppu/source/typelib/typelib.cxx:244: remaining type: com.sun.star.uno.XInterface::acquire:@0,1:com.sun.star.beans.XPropertySet; ref count = 1
info:cppu.typelib:1247974:1247974:cppu/source/typelib/typelib.cxx:244: remaining type: com.sun.star.lang.XServiceName; ref count = 11
info:cppu.typelib:1247974:1247974:cppu/source/typelib/typelib.cxx:244: remaining type: com.sun.star.lang.XSingleServiceFactory::createInstanceWithArguments; ref count = 1
info:cppu.typelib:1247974:1247974:cppu/source/typelib/typelib.cxx:244: remaining type: com.sun.star.container.XNameAccess::getByName:@0,5:com.sun.star.script.XLibraryContainer:@0,5:com.sun.star.script.XLibraryContainer2:@1,9:com.sun.star.script.XPersistentLibraryContainer; ref count = 1
info:cppu.typelib:1247974:1247974:cppu/source/typelib/typelib.cxx:244: remaining type: com.sun.star.sheet.XCompatibilityNames; ref count = 11
info:cppu.typelib:1247974:1247974:cppu/source/typelib/typelib.cxx:244: remaining type: com.sun.star.reflection.XIdlMethod::getParameterTypes; ref count = 1
info:cppu.typelib:1247974:1247974:cppu/source/typelib/typelib.cxx:244: remaining type: com.sun.star.uno.XInterface::acquire:@0,1:com.sun.star.reflection.XIdlClass; ref count = 1
info:cppu.typelib:1247974:1247974:cppu/source/typelib/typelib.cxx:244: remaining type: com.sun.star.reflection.XTypeDescriptionEnumerationAccess::createTypeDescriptionEnumeration; ref count = 1
info:cppu.typelib:1247974:1247974:cppu/source/typelib/typelib.cxx:244: remaining type: com.sun.star.uno.XInterface::acquire:@0,1:com.sun.star.io.XInputStream; ref count = 1
info:cppu.typelib:1247974:1247974:cppu/source/typelib/typelib.cxx:244: remaining type: com.sun.star.io.XInputStream::skipBytes; ref count = 1
info:cppu.typelib:1247974:1247974:cppu/source/typelib/typelib.cxx:244: remaining type: com.sun.star.sheet.addin.XAnalysis::getMultinomial; ref count = 2
info:cppu.typelib:1247974:1247974:cppu/source/typelib/typelib.cxx:244: remaining type: com.sun.star.io.XInputStream::closeInput; ref count = 1
info:cppu.typelib:1247974:1247974:cppu/source/typelib/typelib.cxx:244: remaining type: com.sun.star.uno.XInterface::acquire:@0,1:cppuhelper.detail.XExceptionThrower; ref count = 1
info:cppu.typelib:1247974:1247974:cppu/source/typelib/typelib.cxx:244: remaining type: com.sun.star.uno.XInterface::queryInterface:@0,0:com.sun.star.util.XNumberFormatter; ref count = 1
info:cppu.typelib:1247974:1247974:cppu/source/typelib/typelib.cxx:244: remaining type: cppuhelper.detail.XExceptionThrower::rethrowException; ref count = 1
info:cppu.typelib:1247974:1247974:cppu/source/typelib/typelib.cxx:244: remaining type: cppuhelper.detail.XExceptionThrower::throwException; ref count = 1
info:cppu.typelib:1247974:1247974:cppu/source/typelib/typelib.cxx:244: remaining type: com.sun.star.uno.XInterface::release:@0,2:com.sun.star.beans.XMultiPropertySet; ref count = 1
info:cppu.typelib:1247974:1247974:cppu/source/typelib/typelib.cxx:244: remaining type: com.sun.star.reflection.XEnumTypeDescription; ref count = 1
info:cppu.typelib:1247974:1247974:cppu/source/typelib/typelib.cxx:244: remaining type: com.sun.star.reflection.XTypeDescription::getName:@0,4:com.sun.star.reflection.XEnumTypeDescription; ref count = 1
info:cppu.typelib:1247974:1247974:cppu/source/typelib/typelib.cxx:244: remaining type: []com.sun.star.beans.PropertyValue; ref count = 1
info:cppu.typelib:1247974:1247974:cppu/source/typelib/typelib.cxx:244: remaining type: com.sun.star.uno.XInterface::release:@0,2:com.sun.star.reflection.XTypeDescription:@0,2:com.sun.star.reflection.XEnumTypeDescription; ref count = 1
info:cppu.typelib:1247974:1247974:cppu/source/typelib/typelib.cxx:244: remaining type: com.sun.star.uno.XInterface::queryInterface:@0,0:com.sun.star.reflection.XTypeDescription:@0,0:com.sun.star.reflection.XEnumTypeDescription; ref count = 1
info:cppu.typelib:1247974:1247974:cppu/source/typelib/typelib.cxx:244: remaining type: com.sun.star.reflection.XEnumTypeDescription::getEnumValues; ref count = 1
info:cppu.typelib:1247974:1247974:cppu/source/typelib/typelib.cxx:244: remaining type: com.sun.star.reflection.XEnumTypeDescription::getEnumNames; ref count = 1
info:cppu.typelib:1247974:1247974:cppu/source/typelib/typelib.cxx:244: remaining type: []com.sun.star.ucb.ContentInfo; ref count = 145
info:cppu.typelib:1247974:1247974:cppu/source/typelib/typelib.cxx:244: remaining type: com.sun.star.ucb.OpenCommandArgument; ref count = 1
info:cppu.typelib:1247974:1247974:cppu/source/typelib/typelib.cxx:244: remaining type: com.sun.star.container.XContentEnumerationAccess::getAvailableServiceNames; ref count = 1
info:cppu.typelib:1247974:1247974:cppu/source/typelib/typelib.cxx:244: remaining type: com.sun.star.container.XNameAccess::getElementNames:@0,6:com.sun.star.script.XLibraryContainer:@0,6:com.sun.star.script.XLibraryContainer2; ref count = 1
info:cppu.typelib:1247974:1247974:cppu/source/typelib/typelib.cxx:244: remaining type: com.sun.star.uno.XInterface::acquire:@0,1:com.sun.star.util.XNumberFormatPreviewer; ref count = 1
info:cppu.typelib:1247974:1247974:cppu/source/typelib/typelib.cxx:244: remaining type: com.sun.star.util.XModifiable::setModified:@0,6:com.sun.star.script.XPersistentLibraryContainer:@0,6:com.sun.star.script.XStorageBasedLibraryContainer; ref count = 1
info:cppu.typelib:1247974:1247974:cppu/source/typelib/typelib.cxx:244: remaining type: com.sun.star.sheet.addin.XAnalysis::getAmorlinc; ref count = 2
info:cppu.typelib:1247974:1247974:cppu/source/typelib/typelib.cxx:244: remaining type: com.sun.star.sheet.XAddIn::getDisplayArgumentName; ref count = 2
info:cppu.typelib:1247974:1247974:cppu/source/typelib/typelib.cxx:244: remaining type: com.sun.star.util.XModifyBroadcaster; ref count = 1
info:cppu.typelib:1247974:1247974:cppu/source/typelib/typelib.cxx:244: remaining type: com.sun.star.reflection.XIdlField::getAccessMode; ref count = 1
info:cppu.typelib:1247974:1247974:cppu/source/typelib/typelib.cxx:244: remaining type: com.sun.star.uno.XInterface::queryInterface:@0,0:com.sun.star.util.XNumberFormatPreviewer; ref count = 1
info:cppu.typelib:1247974:1247974:cppu/source/typelib/typelib.cxx:244: remaining type: com.sun.star.sheet.addin.XAnalysis::getErf; ref count = 2
info:cppu.typelib:1247974:1247974:cppu/source/typelib/typelib.cxx:244: remaining type: com.sun.star.reflection.XTypeDescription::getTypeClass:@0,3:com.sun.star.reflection.XEnumTypeDescription; ref count = 1
info:cppu.typelib:1247974:1247974:cppu/source/typelib/typelib.cxx:244: remaining type: com.sun.star.uno.XInterface::acquire:@0,1:com.sun.star.uno.XComponentContext; ref count = 1
info:cppu.typelib:1247974:1247974:cppu/source/typelib/typelib.cxx:244: remaining type: com.sun.star.uno.XInterface::queryInterface:@0,0:com.sun.star.util.XModifyBroadcaster; ref count = 1
info:cppu.typelib:1247974:1247974:cppu/source/typelib/typelib.cxx:244: remaining type: com.sun.star.uno.XInterface::queryInterface:@0,0:com.sun.star.lang.XTypeProvider; ref count = 2
info:cppu.typelib:1247974:1247974:cppu/source/typelib/typelib.cxx:244: remaining type: com.sun.star.uno.XInterface::queryInterface:@0,0:com.sun.star.container.XElementAccess:@0,0:com.sun.star.container.XEnumerationAccess; ref count = 1
info:cppu.typelib:1247974:1247974:cppu/source/typelib/typelib.cxx:244: remaining type: []com.sun.star.reflection.XIdlClass; ref count = 1
info:cppu.typelib:1247974:1247974:cppu/source/typelib/typelib.cxx:244: remaining type: com.sun.star.reflection.XCompoundTypeDescription::getMemberTypes:@0,6:com.sun.star.reflection.XStructTypeDescription; ref count = 1
info:cppu.typelib:1247974:1247974:cppu/source/typelib/typelib.cxx:244: remaining type: []com.sun.star.beans.Property; ref count = 4
info:cppu.typelib:1247974:1247974:cppu/source/typelib/typelib.cxx:244: remaining type: com.sun.star.uno.XInterface::queryInterface:@0,0:com.sun.star.lang.XServiceName; ref count = 2
info:cppu.typelib:1247974:1247974:cppu/source/typelib/typelib.cxx:244: remaining type: com.sun.star.uno.XInterface::queryInterface:@0,0:com.sun.star.beans.XPropertyAccess; ref count = 1
info:cppu.typelib:1247974:1247974:cppu/source/typelib/typelib.cxx:244: remaining type: com.sun.star.uno.XInterface::release:@0,2:com.sun.star.container.XElementAccess:@0,2:com.sun.star.container.XEnumerationAccess; ref count = 1
info:cppu.typelib:1247974:1247974:cppu/source/typelib/typelib.cxx:244: remaining type: com.sun.star.frame.XFrame::setName:@0,11:com.sun.star.frame.XFramesSupplier:@2,15:com.sun.star.frame.XDesktop2; ref count = 1
info:cppu.typelib:1247974:1247974:cppu/source/typelib/typelib.cxx:244: remaining type: com.sun.star.lang.XEventListener::disposing:@0,3:com.sun.star.frame.XTerminateListener; ref count = 1
info:cppu.typelib:1247974:1247974:cppu/source/typelib/typelib.cxx:244: remaining type: com.sun.star.ucb.ContentInfo; ref count = 2
info:cppu.typelib:1247974:1247974:cppu/source/typelib/typelib.cxx:244: remaining type: com.sun.star.uno.XInterface::queryInterface:@0,0:com.sun.star.uno.XComponentContext; ref count = 1
info:cppu.typelib:1247974:1247974:cppu/source/typelib/typelib.cxx:244: remaining type: com.sun.star.sheet.addin.XAnalysis::getImexp; ref count = 2
info:cppu.typelib:1247974:1247974:cppu/source/typelib/typelib.cxx:244: remaining type: com.sun.star.reflection.XIdlMethod; ref count = 3
info:cppu.typelib:1247974:1247974:cppu/source/typelib/typelib.cxx:244: remaining type: com.sun.star.ucb.TransferInfo; ref count = 1
info:cppu.typelib:1247974:1247974:cppu/source/typelib/typelib.cxx:244: remaining type: com.sun.star.sheet.addin.XDateFunctions; ref count = 19
info:cppu.typelib:1247974:1247974:cppu/source/typelib/typelib.cxx:244: remaining type: com.sun.star.script.XLibraryContainer::isLibraryLoaded:@0,11:com.sun.star.script.XLibraryContainer2:@1,15:com.sun.star.script.XPersistentLibraryContainer; ref count = 1
info:cppu.typelib:1247974:1247974:cppu/source/typelib/typelib.cxx:244: remaining type: com.sun.star.sheet.addin.XAnalysis::getImproduct; ref count = 2
info:cppu.typelib:1247974:1247974:cppu/source/typelib/typelib.cxx:244: remaining type: com.sun.star.uno.XInterface::acquire:@0,1:com.sun.star.reflection.XTypeDescription:@0,1:com.sun.star.reflection.XInterfaceMemberTypeDescription; ref count = 1
info:cppu.typelib:1247974:1247974:cppu/source/typelib/typelib.cxx:244: remaining type: com.sun.star.beans.XMultiPropertySet::setPropertyValues; ref count = 1
info:cppu.typelib:1247974:1247974:cppu/source/typelib/typelib.cxx:244: remaining type: com.sun.star.container.XElementAccess::getElementType:@0,3:com.sun.star.container.XNameAccess:@0,3:com.sun.star.container.XNameReplace:@0,3:com.sun.star.container.XNameContainer; ref count = 1
info:cppu.typelib:1247974:1247974:cppu/source/typelib/typelib.cxx:244: remaining type: com.sun.star.util.XNumberFormatter::getInputString:@0,11:com.sun.star.util.XNumberFormatter2; ref count = 1
info:cppu.typelib:1247974:1247974:cppu/source/typelib/typelib.cxx:244: remaining type: [][]long; ref count = 4
info:cppu.typelib:1247974:1247974:cppu/source/typelib/typelib.cxx:244: remaining type: com.sun.star.uno.XInterface::queryInterface:@0,0:com.sun.star.lang.XLocalizable:@0,0:com.sun.star.sheet.XAddIn; ref count = 2
info:cppu.typelib:1247974:1247974:cppu/source/typelib/typelib.cxx:244: remaining type: com.sun.star.uno.XInterface::release:@0,2:com.sun.star.container.XElementAccess:@0,2:com.sun.star.container.XNameAccess:@0,2:com.sun.star.script.XLibraryContainer:@0,2:com.sun.star.script.XLibraryContainer2; ref count = 1
info:cppu.typelib:1247974:1247974:cppu/source/typelib/typelib.cxx:244: remaining type: com.sun.star.frame.XComponentLoader::loadComponentFromURL:@4,36:com.sun.star.frame.XDesktop2; ref count = 1
info:cppu.typelib:1247974:1247974:cppu/source/typelib/typelib.cxx:244: remaining type: com.sun.star.frame.XDesktop::getCurrentFrame:@3,35:com.sun.star.frame.XDesktop2; ref count = 1
info:cppu.typelib:1247974:1247974:cppu/source/typelib/typelib.cxx:244: remaining type: com.sun.star.frame.XDesktop::getCurrentComponent:@3,34:com.sun.star.frame.XDesktop2; ref count = 1
info:cppu.typelib:1247974:1247974:cppu/source/typelib/typelib.cxx:244: remaining type: com.sun.star.frame.XDesktop::getComponents:@3,33:com.sun.star.frame.XDesktop2; ref count = 1
info:cppu.typelib:1247974:1247974:cppu/source/typelib/typelib.cxx:244: remaining type: com.sun.star.frame.XDesktop::removeTerminateListener:@3,32:com.sun.star.frame.XDesktop2; ref count = 1
info:cppu.typelib:1247974:1247974:cppu/source/typelib/typelib.cxx:244: remaining type: com.sun.star.frame.XDesktop::terminate:@3,30:com.sun.star.frame.XDesktop2; ref count = 1
info:cppu.typelib:1247974:1247974:cppu/source/typelib/typelib.cxx:244: remaining type: com.sun.star.frame.XFramesSupplier::getActiveFrame:@2,28:com.sun.star.frame.XDesktop2; ref count = 1
info:cppu.typelib:1247974:1247974:cppu/source/typelib/typelib.cxx:244: remaining type: com.sun.star.frame.XFramesSupplier::getFrames:@2,27:com.sun.star.frame.XDesktop2; ref count = 1
info:cppu.typelib:1247974:1247974:cppu/source/typelib/typelib.cxx:244: remaining type: com.sun.star.frame.XFrame::addFrameActionListener:@0,21:com.sun.star.frame.XFramesSupplier:@2,25:com.sun.star.frame.XDesktop2; ref count = 1
info:cppu.typelib:1247974:1247974:cppu/source/typelib/typelib.cxx:244: remaining type: com.sun.star.frame.XFrame::getComponentWindow:@0,18:com.sun.star.frame.XFramesSupplier:@2,22:com.sun.star.frame.XDesktop2; ref count = 1
info:cppu.typelib:1247974:1247974:cppu/source/typelib/typelib.cxx:244: remaining type: com.sun.star.uno.XUnloadingPreference::releaseOnNotification; ref count = 1
info:cppu.typelib:1247974:1247974:cppu/source/typelib/typelib.cxx:244: remaining type: com.sun.star.frame.XFrame::isActive:@0,16:com.sun.star.frame.XFramesSupplier:@2,20:com.sun.star.frame.XDesktop2; ref count = 1
info:cppu.typelib:1247974:1247974:cppu/source/typelib/typelib.cxx:244: remaining type: com.sun.star.frame.XFrame::deactivate:@0,15:com.sun.star.frame.XFramesSupplier:@2,19:com.sun.star.frame.XDesktop2; ref count = 1
info:cppu.typelib:1247974:1247974:cppu/source/typelib/typelib.cxx:244: remaining type: com.sun.star.reflection.XInterfaceTypeDescription::getBaseType; ref count = 1
info:cppu.typelib:1247974:1247974:cppu/source/typelib/typelib.cxx:244: remaining type: com.sun.star.frame.XFrame::isTop:@0,13:com.sun.star.frame.XFramesSupplier:@2,17:com.sun.star.frame.XDesktop2; ref count = 1
info:cppu.typelib:1247974:1247974:cppu/source/typelib/typelib.cxx:244: remaining type: com.sun.star.frame.XFrame::addFrameActionListener:@0,21:com.sun.star.frame.XFramesSupplier; ref count = 1
info:cppu.typelib:1247974:1247974:cppu/source/typelib/typelib.cxx:244: remaining type: com.sun.star.frame.XFrame::findFrame:@0,12:com.sun.star.frame.XFramesSupplier:@2,16:com.sun.star.frame.XDesktop2; ref count = 1
info:cppu.typelib:1247974:1247974:cppu/source/typelib/typelib.cxx:244: remaining type: com.sun.star.frame.XFrame::getCreator; ref count = 1
info:cppu.typelib:1247974:1247974:cppu/source/typelib/typelib.cxx:244: remaining type: com.sun.star.beans.XPropertiesChangeListener; ref count = 2
info:cppu.typelib:1247974:1247974:cppu/source/typelib/typelib.cxx:244: remaining type: com.sun.star.frame.XFrame::activate:@0,14:com.sun.star.frame.XFramesSupplier; ref count = 1
info:cppu.typelib:1247974:1247974:cppu/source/typelib/typelib.cxx:244: remaining type: com.sun.star.beans.XPropertySet; ref count = 83
info:cppu.typelib:1247974:1247974:cppu/source/typelib/typelib.cxx:244: remaining type: com.sun.star.reflection.XStructTypeDescription; ref count = 1
info:cppu.typelib:1247974:1247974:cppu/source/typelib/typelib.cxx:244: remaining type: com.sun.star.uno.XInterface::queryInterface:@0,0:com.sun.star.beans.XMultiPropertySet; ref count = 1
info:cppu.typelib:1247974:1247974:cppu/source/typelib/typelib.cxx:244: remaining type: com.sun.star.beans.XMultiPropertySet::firePropertiesChangeEvent; ref count = 1
info:cppu.typelib:1247974:1247974:cppu/source/typelib/typelib.cxx:244: remaining type: com.sun.star.beans.XPropertySetInfo; ref count = 6
info:cppu.typelib:1247974:1247974:cppu/source/typelib/typelib.cxx:244: remaining type: com.sun.star.uno.XInterface::queryInterface:@0,0:com.sun.star.reflection.XTypeDescription:@0,0:com.sun.star.reflection.XInterfaceTypeDescription; ref count = 1
info:cppu.typelib:1247974:1247974:cppu/source/typelib/typelib.cxx:244: remaining type: []com.sun.star.reflection.XTypeDescription; ref count = 1
info:cppu.typelib:1247974:1247974:cppu/source/typelib/typelib.cxx:244: remaining type: com.sun.star.sheet.addin.XAnalysis::getImsec; ref count = 2
info:cppu.typelib:1247974:1247974:cppu/source/typelib/typelib.cxx:244: remaining type: com.sun.star.reflection.XIdlMember::getDeclaringClass:@0,3:com.sun.star.reflection.XIdlField; ref count = 1
info:cppu.typelib:1247974:1247974:cppu/source/typelib/typelib.cxx:244: remaining type: com.sun.star.container.XNameAccess::getElementNames:@0,6:com.sun.star.container.XNameReplace:@0,6:com.sun.star.container.XNameContainer; ref count = 1
info:cppu.typelib:1247974:1247974:cppu/source/typelib/typelib.cxx:244: remaining type: com.sun.star.frame.XFramesSupplier; ref count = 1
info:cppu.typelib:1247974:1247974:cppu/source/typelib/typelib.cxx:244: remaining type: com.sun.star.frame.XTerminateListener::queryTermination; ref count = 1
info:cppu.typelib:1247974:1247974:cppu/source/typelib/typelib.cxx:244: remaining type: com.sun.star.uno.XInterface::acquire:@0,1:com.sun.star.container.XElementAccess:@0,1:com.sun.star.container.XNameAccess:@0,1:com.sun.star.container.XNameReplace:@0,1:com.sun.star.container.XNameContainer; ref count = 1
info:cppu.typelib:1247974:1247974:cppu/source/typelib/typelib.cxx:244: remaining type: com.sun.star.beans.XPropertySet::removePropertyChangeListener; ref count = 1
info:cppu.typelib:1247974:1247974:cppu/source/typelib/typelib.cxx:244: remaining type: com.sun.star.reflection.XInterfaceTypeDescription::getMembers; ref count = 1
info:cppu.typelib:1247974:1247974:cppu/source/typelib/typelib.cxx:244: remaining type: com.sun.star.uno.XInterface::queryInterface:@0,0:com.sun.star.lang.XComponent:@0,0:com.sun.star.frame.XFrame:@0,0:com.sun.star.frame.XFramesSupplier; ref count = 1
info:cppu.typelib:1247974:1247974:cppu/source/typelib/typelib.cxx:244: remaining type: com.sun.star.container.XNameContainer::insertByName; ref count = 1
info:cppu.typelib:1247974:1247974:cppu/source/typelib/typelib.cxx:244: remaining type: unsigned short; ref count = 5
info:cppu.typelib:1247974:1247974:cppu/source/typelib/typelib.cxx:244: remaining type: com.sun.star.container.XElementAccess::hasElements:@0,4:com.sun.star.container.XNameAccess:@0,4:com.sun.star.container.XNameReplace; ref count = 1
info:cppu.typelib:1247974:1247974:cppu/source/typelib/typelib.cxx:244: remaining type: com.sun.star.uno.XInterface::acquire:@0,1:com.sun.star.container.XElementAccess:@0,1:com.sun.star.container.XNameAccess; ref count = 1
info:cppu.typelib:1247974:1247974:cppu/source/typelib/typelib.cxx:244: remaining type: com.sun.star.container.XNameReplace::replaceByName; ref count = 1
info:cppu.typelib:1247974:1247974:cppu/source/typelib/typelib.cxx:244: remaining type: com.sun.star.io.XInputStream::available; ref count = 1
info:cppu.typelib:1247974:1247974:cppu/source/typelib/typelib.cxx:244: remaining type: com.sun.star.frame.XFrame::getContainerWindow:@0,7:com.sun.star.frame.XFramesSupplier:@2,11:com.sun.star.frame.XDesktop2; ref count = 1
info:cppu.typelib:1247974:1247974:cppu/source/typelib/typelib.cxx:244: remaining type: com.sun.star.uno.XInterface::queryInterface:@0,0:com.sun.star.lang.XMultiComponentFactory; ref count = 1
info:cppu.typelib:1247974:1247974:cppu/source/typelib/typelib.cxx:244: remaining type: com.sun.star.uno.XInterface::release:@0,2:com.sun.star.reflection.XTypeDescription:@0,2:com.sun.star.reflection.XIndirectTypeDescription; ref count = 1
info:cppu.typelib:1247974:1247974:cppu/source/typelib/typelib.cxx:244: remaining type: com.sun.star.frame.XFrame::activate:@0,14:com.sun.star.frame.XFramesSupplier:@2,18:com.sun.star.frame.XDesktop2; ref count = 1
info:cppu.typelib:1247974:1247974:cppu/source/typelib/typelib.cxx:244: remaining type: com.sun.star.frame.XFrame::setComponent:@0,17:com.sun.star.frame.XFramesSupplier; ref count = 1
info:cppu.typelib:1247974:1247974:cppu/source/typelib/typelib.cxx:244: remaining type: com.sun.star.beans.XPropertyAccess::getPropertyValues; ref count = 1
info:cppu.typelib:1247974:1247974:cppu/source/typelib/typelib.cxx:244: remaining type: com.sun.star.sheet.addin.XAnalysis::getImlog2; ref count = 2
info:cppu.typelib:1247974:1247974:cppu/source/typelib/typelib.cxx:244: remaining type: com.sun.star.reflection.XCompoundTypeDescription::getMemberNames:@0,7:com.sun.star.reflection.XStructTypeDescription; ref count = 1
info:cppu.typelib:1247974:1247974:cppu/source/typelib/typelib.cxx:244: remaining type: com.sun.star.reflection.XTypeDescription::getTypeClass:@0,3:com.sun.star.reflection.XCompoundTypeDescription:@0,3:com.sun.star.reflection.XStructTypeDescription; ref count = 1
info:cppu.typelib:1247974:1247974:cppu/source/typelib/typelib.cxx:244: remaining type: com.sun.star.container.XHierarchicalNameAccess::getByHierarchicalName; ref count = 1
info:cppu.typelib:1247974:1247974:cppu/source/typelib/typelib.cxx:244: remaining type: com.sun.star.frame.XDesktop::getCurrentFrame; ref count = 1
info:cppu.typelib:1247974:1247974:cppu/source/typelib/typelib.cxx:244: remaining type: com.sun.star.reflection.XCompoundTypeDescription::getBaseType:@0,5:com.sun.star.reflection.XStructTypeDescription; ref count = 1
info:cppu.typelib:1247974:1247974:cppu/source/typelib/typelib.cxx:244: remaining type: com.sun.star.reflection.XCompoundTypeDescription; ref count = 2
info:cppu.typelib:1247974:1247974:cppu/source/typelib/typelib.cxx:244: remaining type: com.sun.star.uno.XAggregation; ref count = 2
info:cppu.typelib:1247974:1247974:cppu/source/typelib/typelib.cxx:244: remaining type: com.sun.star.lang.XEventListener::disposing; ref count = 1
info:cppu.typelib:1247974:1247974:cppu/source/typelib/typelib.cxx:244: remaining type: com.sun.star.reflection.XTypeDescription::getTypeClass:@0,3:com.sun.star.reflection.XCompoundTypeDescription; ref count = 1
info:cppu.typelib:1247974:1247974:cppu/source/typelib/typelib.cxx:244: remaining type: com.sun.star.uno.XInterface::acquire:@0,1:com.sun.star.container.XElementAccess; ref count = 1
info:cppu.typelib:1247974:1247974:cppu/source/typelib/typelib.cxx:244: remaining type: com.sun.star.container.XElementAccess::getElementType:@0,3:com.sun.star.container.XNameAccess:@0,3:com.sun.star.script.XLibraryContainer:@0,3:com.sun.star.script.XLibraryContainer2; ref count = 1
info:cppu.typelib:1247974:1247974:cppu/source/typelib/typelib.cxx:244: remaining type: com.sun.star.reflection.XCompoundTypeDescription::getMemberTypes; ref count = 1
info:cppu.typelib:1247974:1247974:cppu/source/typelib/typelib.cxx:244: remaining type: com.sun.star.sheet.addin.XAnalysis::getHex2Dec; ref count = 2
info:cppu.typelib:1247974:1247974:cppu/source/typelib/typelib.cxx:244: remaining type: short; ref count = 58
info:cppu.typelib:1247974:1247974:cppu/source/typelib/typelib.cxx:244: remaining type: com.sun.star.frame.XDesktop::getComponents; ref count = 1
info:cppu.typelib:1247974:1247974:cppu/source/typelib/typelib.cxx:244: remaining type: com.sun.star.reflection.XCompoundTypeDescription::getBaseType; ref count = 1
info:cppu.typelib:1247974:1247974:cppu/source/typelib/typelib.cxx:244: remaining type: com.sun.star.lang.XComponent::dispose; ref count = 2
info:cppu.typelib:1247974:1247974:cppu/source/typelib/typelib.cxx:244: remaining type: com.sun.star.reflection.XTypeDescription::getName:@0,4:com.sun.star.reflection.XIndirectTypeDescription; ref count = 1
info:cppu.typelib:1247974:1247974:cppu/source/typelib/typelib.cxx:244: remaining type: com.sun.star.frame.XDesktop::addTerminateListener:@3,31:com.sun.star.frame.XDesktop2; ref count = 1
info:cppu.typelib:1247974:1247974:cppu/source/typelib/typelib.cxx:244: remaining type: []com.sun.star.reflection.XInterfaceMemberTypeDescription; ref count = 1
info:cppu.typelib:1247974:1247974:cppu/source/typelib/typelib.cxx:244: remaining type: com.sun.star.sheet.addin.XAnalysis::getCoupdaybs; ref count = 2
info:cppu.typelib:1247974:1247974:cppu/source/typelib/typelib.cxx:244: remaining type: com.sun.star.frame.XFrame::findFrame:@0,12:com.sun.star.frame.XFramesSupplier; ref count = 1
info:cppu.typelib:1247974:1247974:cppu/source/typelib/typelib.cxx:244: remaining type: com.sun.star.uno.RuntimeException; ref count = 201
info:cppu.typelib:1247974:1247974:cppu/source/typelib/typelib.cxx:244: remaining type: com.sun.star.uno.Exception; ref count = 12
info:cppu.typelib:1247974:1247974:cppu/source/typelib/typelib.cxx:244: remaining type: com.sun.star.sheet.addin.XAnalysis::getImtan; ref count = 2
info:cppu.typelib:1247974:1247974:cppu/source/typelib/typelib.cxx:244: remaining type: com.sun.star.uno.XInterface::release:@0,2:com.sun.star.io.XInputStream; ref count = 1
info:cppu.typelib:1247974:1247974:cppu/source/typelib/typelib.cxx:244: remaining type: com.sun.star.uno.XInterface::queryInterface:@0,0:com.sun.star.reflection.XTypeDescription:@0,0:com.sun.star.reflection.XCompoundTypeDescription:@0,0:com.sun.star.reflection.XStructTypeDescription; ref count = 1
info:cppu.typelib:1247974:1247974:cppu/source/typelib/typelib.cxx:244: remaining type: com.sun.star.lang.XComponent::dispose:@0,3:com.sun.star.frame.XFrame; ref count = 1
info:cppu.typelib:1247974:1247974:cppu/source/typelib/typelib.cxx:244: remaining type: com.sun.star.uno.XInterface::acquire:@0,1:com.sun.star.sheet.addin.XDateFunctions; ref count = 2
info:cppu.typelib:1247974:1247974:cppu/source/typelib/typelib.cxx:244: remaining type: com.sun.star.sheet.addin.XPricingFunctions; ref count = 13
info:cppu.typelib:1247974:1247974:cppu/source/typelib/typelib.cxx:244: remaining type: com.sun.star.uno.XInterface::acquire:@0,1:com.sun.star.reflection.XTypeDescription; ref count = 1
info:cppu.typelib:1247974:1247974:cppu/source/typelib/typelib.cxx:244: remaining type: com.sun.star.beans.NamedValue; ref count = 1
info:cppu.typelib:1247974:1247974:cppu/source/typelib/typelib.cxx:244: remaining type: com.sun.star.uno.XInterface::acquire:@0,1:com.sun.star.lang.XInitialization; ref count = 1
info:cppu.typelib:1247974:1247974:cppu/source/typelib/typelib.cxx:244: remaining type: com.sun.star.sheet.addin.XAnalysis::getTbillyield; ref count = 2
info:cppu.typelib:1247974:1247974:cppu/source/typelib/typelib.cxx:244: remaining type: com.sun.star.reflection.XStructTypeDescription::getTypeArguments; ref count = 1
info:cppu.typelib:1247974:1247974:cppu/source/typelib/typelib.cxx:244: remaining type: com.sun.star.uno.XInterface::release:@0,2:com.sun.star.frame.XComponentLoader; ref count = 1
info:cppu.typelib:1247974:1247974:cppu/source/typelib/typelib.cxx:244: remaining type: com.sun.star.container.XNameReplace; ref count = 16
info:cppu.typelib:1247974:1247974:cppu/source/typelib/typelib.cxx:244: remaining type: com.sun.star.container.XElementAccess; ref count = 21
info:cppu.typelib:1247974:1247974:cppu/source/typelib/typelib.cxx:244: remaining type: com.sun.star.container.XSet::insert; ref count = 1
info:cppu.typelib:1247974:1247974:cppu/source/typelib/typelib.cxx:244: remaining type: com.sun.star.container.XNameAccess::getByName:@0,5:com.sun.star.container.XNameReplace; ref count = 1
info:cppu.typelib:1247974:1247974:cppu/source/typelib/typelib.cxx:244: remaining type: com.sun.star.reflection.XTypeDescription::getTypeClass:@0,3:com.sun.star.reflection.XInterfaceTypeDescription; ref count = 1
info:cppu.typelib:1247974:1247974:cppu/source/typelib/typelib.cxx:244: remaining type: com.sun.star.uno.XInterface::release:@0,2:com.sun.star.reflection.XTypeDescription:@0,2:com.sun.star.reflection.XCompoundTypeDescription; ref count = 1
info:cppu.typelib:1247974:1247974:cppu/source/typelib/typelib.cxx:244: remaining type: com.sun.star.uno.XInterface::release:@0,2:com.sun.star.container.XHierarchicalNameAccess; ref count = 1
info:cppu.typelib:1247974:1247974:cppu/source/typelib/typelib.cxx:244: remaining type: com.sun.star.beans.XPropertySet::getPropertyValue; ref count = 1
info:cppu.typelib:1247974:1247974:cppu/source/typelib/typelib.cxx:244: remaining type: com.sun.star.reflection.XEnumTypeDescription::getDefaultEnumValue; ref count = 1
info:cppu.typelib:1247974:1247974:cppu/source/typelib/typelib.cxx:244: remaining type: com.sun.star.container.XNameContainer; ref count = 15
info:cppu.typelib:1247974:1247974:cppu/source/typelib/typelib.cxx:244: remaining type: com.sun.star.beans.XPropertySet::addVetoableChangeListener; ref count = 1
info:cppu.typelib:1247974:1247974:cppu/source/typelib/typelib.cxx:244: remaining type: com.sun.star.container.XNameAccess::getElementNames:@0,6:com.sun.star.script.XLibraryContainer; ref count = 1
info:cppu.typelib:1247974:1247974:cppu/source/typelib/typelib.cxx:244: remaining type: com.sun.star.uno.XInterface::acquire:@0,1:com.sun.star.container.XHierarchicalNameAccess; ref count = 1
info:cppu.typelib:1247974:1247974:cppu/source/typelib/typelib.cxx:244: remaining type: com.sun.star.uno.XInterface::acquire:@0,1:com.sun.star.lang.XMultiComponentFactory; ref count = 1
info:cppu.typelib:1247974:1247974:cppu/source/typelib/typelib.cxx:244: remaining type: com.sun.star.beans.XPropertySet::addPropertyChangeListener; ref count = 1
info:cppu.typelib:1247974:1247974:cppu/source/typelib/typelib.cxx:244: remaining type: com.sun.star.reflection.XTypeDescription::getName:@0,4:com.sun.star.reflection.XCompoundTypeDescription:@0,4:com.sun.star.reflection.XStructTypeDescription; ref count = 1
info:cppu.typelib:1247974:1247974:cppu/source/typelib/typelib.cxx:244: remaining type: com.sun.star.frame.XFrame::setCreator; ref count = 1
info:cppu.typelib:1247974:1247974:cppu/source/typelib/typelib.cxx:244: remaining type: com.sun.star.frame.XDispatchProviderInterception::releaseDispatchProviderInterceptor:@1,6:com.sun.star.frame.XDesktop2; ref count = 1
info:cppu.typelib:1247974:1247974:cppu/source/typelib/typelib.cxx:244: remaining type: com.sun.star.uno.XInterface::release:@0,2:com.sun.star.lang.XComponent; ref count = 2
info:cppu.typelib:1247974:1247974:cppu/source/typelib/typelib.cxx:244: remaining type: com.sun.star.uno.XInterface::release:@0,2:com.sun.star.lang.XInitialization; ref count = 1
info:cppu.typelib:1247974:1247974:cppu/source/typelib/typelib.cxx:244: remaining type: com.sun.star.frame.XFrame::setComponent; ref count = 1
info:cppu.typelib:1247974:1247974:cppu/source/typelib/typelib.cxx:244: remaining type: com.sun.star.container.XNameReplace::replaceByName:@0,8:com.sun.star.container.XNameContainer; ref count = 1
info:cppu.typelib:1247974:1247974:cppu/source/typelib/typelib.cxx:244: remaining type: com.sun.star.container.XElementAccess::hasElements; ref count = 1
info:cppu.typelib:1247974:1247974:cppu/source/typelib/typelib.cxx:244: remaining type: com.sun.star.reflection.ParamMode; ref count = 2
info:cppu.typelib:1247974:1247974:cppu/source/typelib/typelib.cxx:244: remaining type: com.sun.star.uno.XInterface::release:@0,2:com.sun.star.reflection.XPublished; ref count = 1
info:cppu.typelib:1247974:1247974:cppu/source/typelib/typelib.cxx:244: remaining type: com.sun.star.sheet.addin.XAnalysis::getCumprinc; ref count = 2
info:cppu.typelib:1247974:1247974:cppu/source/typelib/typelib.cxx:244: remaining type: com.sun.star.container.XHierarchicalNameAccess; ref count = 9
info:cppu.typelib:1247974:1247974:cppu/source/typelib/typelib.cxx:244: remaining type: com.sun.star.sheet.addin.XMiscFunctions::getRot13; ref count = 2
info:cppu.typelib:1247974:1247974:cppu/source/typelib/typelib.cxx:244: remaining type: com.sun.star.lang.XComponent::addEventListener; ref count = 2
info:cppu.typelib:1247974:1247974:cppu/source/typelib/typelib.cxx:244: remaining type: com.sun.star.sheet.addin.XAnalysis::getAccrintm; ref count = 2
info:cppu.typelib:1247974:1247974:cppu/source/typelib/typelib.cxx:244: remaining type: com.sun.star.uno.XInterface::release:@0,2:com.sun.star.container.XElementAccess:@0,2:com.sun.star.container.XNameAccess:@0,2:com.sun.star.container.XNameReplace; ref count = 1
info:cppu.typelib:1247974:1247974:cppu/source/typelib/typelib.cxx:244: remaining type: com.sun.star.container.XNameAccess::getElementNames:@0,6:com.sun.star.container.XNameReplace; ref count = 1
info:cppu.typelib:1247974:1247974:cppu/source/typelib/typelib.cxx:244: remaining type: double; ref count = 206
info:cppu.typelib:1247974:1247974:cppu/source/typelib/typelib.cxx:244: remaining type: com.sun.star.uno.XInterface::release:@0,2:com.sun.star.lang.XServiceInfo; ref count = 2
info:cppu.typelib:1247974:1247974:cppu/source/typelib/typelib.cxx:244: remaining type: com.sun.star.frame.XFrame::contextChanged:@0,20:com.sun.star.frame.XFramesSupplier:@2,24:com.sun.star.frame.XDesktop2; ref count = 1
info:cppu.typelib:1247974:1247974:cppu/source/typelib/typelib.cxx:244: remaining type: com.sun.star.sheet.addin.XAnalysis::getImsum; ref count = 2
info:cppu.typelib:1247974:1247974:cppu/source/typelib/typelib.cxx:244: remaining type: com.sun.star.util.XModifyBroadcaster::addModifyListener; ref count = 1
info:cppu.typelib:1247974:1247974:cppu/source/typelib/typelib.cxx:244: remaining type: com.sun.star.uno.XInterface::queryInterface:@0,0:com.sun.star.beans.XPropertySet; ref count = 1
info:cppu.typelib:1247974:1247974:cppu/source/typelib/typelib.cxx:244: remaining type: com.sun.star.uno.XInterface::queryInterface:@0,0:com.sun.star.uno.XWeak; ref count = 2
info:cppu.typelib:1247974:1247974:cppu/source/typelib/typelib.cxx:244: remaining type: com.sun.star.uno.XInterface::queryInterface:@0,0:com.sun.star.lang.XServiceInfo; ref count = 2
info:cppu.typelib:1247974:1247974:cppu/source/typelib/typelib.cxx:244: remaining type: com.sun.star.frame.XFrame::removeFrameActionListener:@0,22:com.sun.star.frame.XFramesSupplier; ref count = 1
info:cppu.typelib:1247974:1247974:cppu/source/typelib/typelib.cxx:244: remaining type: com.sun.star.container.XNameAccess::hasByName:@0,7:com.sun.star.container.XNameReplace:@0,7:com.sun.star.container.XNameContainer; ref count = 1
info:cppu.typelib:1247974:1247974:cppu/source/typelib/typelib.cxx:244: remaining type: com.sun.star.reflection.InvalidTypeNameException; ref count = 1
info:cppu.typelib:1247974:1247974:cppu/source/typelib/typelib.cxx:244: remaining type: com.sun.star.lang.XComponent::dispose:@0,3:com.sun.star.frame.XFrame:@0,3:com.sun.star.frame.XFramesSupplier:@2,7:com.sun.star.frame.XDesktop2; ref count = 1
info:cppu.typelib:1247974:1247974:cppu/source/typelib/typelib.cxx:244: remaining type: com.sun.star.frame.XDesktop::getCurrentComponent; ref count = 1
info:cppu.typelib:1247974:1247974:cppu/source/typelib/typelib.cxx:244: remaining type: com.sun.star.uno.XInterface::acquire:@0,1:com.sun.star.lang.XEventListener; ref count = 1
info:cppu.typelib:1247974:1247974:cppu/source/typelib/typelib.cxx:244: remaining type: []byte; ref count = 6
info:cppu.typelib:1247974:1247974:cppu/source/typelib/typelib.cxx:244: remaining type: com.sun.star.container.XContentEnumerationAccess::createContentEnumeration; ref count = 1
info:cppu.typelib:1247974:1247974:cppu/source/typelib/typelib.cxx:244: remaining type: com.sun.star.uno.XInterface::acquire:@0,1:com.sun.star.lang.XSingleComponentFactory; ref count = 1
info:cppu.typelib:1247974:1247974:cppu/source/typelib/typelib.cxx:244: remaining type: com.sun.star.container.XNameAccess; ref count = 53
info:cppu.typelib:1247974:1247974:cppu/source/typelib/typelib.cxx:244: remaining type: com.sun.star.uno.XInterface::acquire:@0,1:com.sun.star.lang.XTypeProvider; ref count = 2
info:cppu.typelib:1247974:1247974:cppu/source/typelib/typelib.cxx:244: remaining type: com.sun.star.reflection.XStructTypeDescription::getTypeParameters; ref count = 1
info:cppu.typelib:1247974:1247974:cppu/source/typelib/typelib.cxx:244: remaining type: com.sun.star.sheet.addin.XAnalysis::getCoupncd; ref count = 2
info:cppu.typelib:1247974:1247974:cppu/source/typelib/typelib.cxx:244: remaining type: com.sun.star.frame.XFrame::removeFrameActionListener; ref count = 1
info:cppu.typelib:1247974:1247974:cppu/source/typelib/typelib.cxx:244: remaining type: com.sun.star.uno.XInterface::release:@0,2:com.sun.star.lang.XMultiComponentFactory; ref count = 1
info:cppu.typelib:1247974:1247974:cppu/source/typelib/typelib.cxx:244: remaining type: com.sun.star.uno.XInterface::queryInterface:@0,0:com.sun.star.container.XElementAccess; ref count = 1
info:cppu.typelib:1247974:1247974:cppu/source/typelib/typelib.cxx:244: remaining type: com.sun.star.container.XEnumerationAccess::createEnumeration:@0,5:com.sun.star.container.XSet; ref count = 1
info:cppu.typelib:1247974:1247974:cppu/source/typelib/typelib.cxx:244: remaining type: com.sun.star.uno.XInterface::release:@0,2:com.sun.star.reflection.XTypeDescription:@0,2:com.sun.star.reflection.XInterfaceTypeDescription; ref count = 1
info:cppu.typelib:1247974:1247974:cppu/source/typelib/typelib.cxx:244: remaining type: com.sun.star.frame.XFrame::getName:@0,10:com.sun.star.frame.XFramesSupplier:@2,14:com.sun.star.frame.XDesktop2; ref count = 1
info:cppu.typelib:1247974:1247974:cppu/source/typelib/typelib.cxx:244: remaining type: com.sun.star.lang.XSingleServiceFactory::createInstance; ref count = 1
info:cppu.typelib:1247974:1247974:cppu/source/typelib/typelib.cxx:244: remaining type: com.sun.star.lang.XComponent; ref count = 35
info:cppu.typelib:1247974:1247974:cppu/source/typelib/typelib.cxx:244: remaining type: com.sun.star.uno.XInterface::release:@0,2:com.sun.star.reflection.XTypeDescription:@0,2:com.sun.star.reflection.XInterfaceTypeDescription:@0,2:com.sun.star.reflection.XInterfaceTypeDescription2; ref count = 1
info:cppu.typelib:1247974:1247974:cppu/source/typelib/typelib.cxx:244: remaining type: com.sun.star.reflection.NoSuchTypeNameException; ref count = 1
info:cppu.typelib:1247974:1247974:cppu/source/typelib/typelib.cxx:244: remaining type: com.sun.star.lang.XEventListener; ref count = 27
info:cppu.typelib:1247974:1247974:cppu/source/typelib/typelib.cxx:244: remaining type: com.sun.star.lang.XMultiServiceFactory; ref count = 16
info:cppu.typelib:1247974:1247974:cppu/source/typelib/typelib.cxx:244: remaining type: void; ref count = 1610
info:cppu.typelib:1247974:1247974:cppu/source/typelib/typelib.cxx:244: remaining type: com.sun.star.uno.XComponentContext::getValueByName; ref count = 1
info:cppu.typelib:1247974:1247974:cppu/source/typelib/typelib.cxx:244: remaining type: com.sun.star.beans.XMultiPropertySet::getPropertyValues; ref count = 1
info:cppu.typelib:1247974:1247974:cppu/source/typelib/typelib.cxx:244: remaining type: com.sun.star.lang.EventObject; ref count = 3
info:cppu.typelib:1247974:1247974:cppu/source/typelib/typelib.cxx:244: remaining type: com.sun.star.container.XElementAccess::hasElements:@0,4:com.sun.star.container.XNameAccess; ref count = 1
info:cppu.typelib:1247974:1247974:cppu/source/typelib/typelib.cxx:244: remaining type: com.sun.star.frame.XFrame::getController; ref count = 1
info:cppu.typelib:1247974:1247974:cppu/source/typelib/typelib.cxx:244: remaining type: com.sun.star.util.XModifiable::isModified:@0,5:com.sun.star.script.XPersistentLibraryContainer; ref count = 1
info:cppu.typelib:1247974:1247974:cppu/source/typelib/typelib.cxx:244: remaining type: com.sun.star.uno.XInterface::release:@0,2:com.sun.star.lang.XEventListener; ref count = 1
info:cppu.typelib:1247974:1247974:cppu/source/typelib/typelib.cxx:244: remaining type: com.sun.star.container.XSet::remove; ref count = 1
info:cppu.typelib:1247974:1247974:cppu/source/typelib/typelib.cxx:244: remaining type: com.sun.star.uno.XInterface::acquire:@0,1:com.sun.star.lang.XServiceInfo; ref count = 2
info:cppu.typelib:1247974:1247974:cppu/source/typelib/typelib.cxx:244: remaining type: com.sun.star.uno.XInterface::acquire:@0,1:com.sun.star.container.XContentEnumerationAccess; ref count = 1
info:cppu.typelib:1247974:1247974:cppu/source/typelib/typelib.cxx:244: remaining type: com.sun.star.lang.XTypeProvider::getImplementationId; ref count = 2
info:cppu.typelib:1247974:1247974:cppu/source/typelib/typelib.cxx:244: remaining type: com.sun.star.io.XInputStream::readSomeBytes; ref count = 1
info:cppu.typelib:1247974:1247974:cppu/source/typelib/typelib.cxx:244: remaining type: com.sun.star.uno.XInterface::queryInterface:@0,0:com.sun.star.beans.XPropertySetInfo; ref count = 1
info:cppu.typelib:1247974:1247974:cppu/source/typelib/typelib.cxx:244: remaining type: com.sun.star.uno.XInterface::release; ref count = 13
info:cppu.typelib:1247974:1247974:cppu/source/typelib/typelib.cxx:244: remaining type: com.sun.star.uno.XWeak; ref count = 11
info:cppu.typelib:1247974:1247974:cppu/source/typelib/typelib.cxx:244: remaining type: byte; ref count = 1
info:cppu.typelib:1247974:1247974:cppu/source/typelib/typelib.cxx:244: remaining type: com.sun.star.sheet.addin.XDateFunctions::getDiffYears; ref count = 2
info:cppu.typelib:1247974:1247974:cppu/source/typelib/typelib.cxx:244: remaining type: com.sun.star.uno.XInterface::acquire; ref count = 13
info:cppu.typelib:1247974:1247974:cppu/source/typelib/typelib.cxx:244: remaining type: com.sun.star.uno.XInterface::queryInterface:@0,0:com.sun.star.reflection.XTypeDescription; ref count = 1
info:cppu.typelib:1247974:1247974:cppu/source/typelib/typelib.cxx:244: remaining type: com.sun.star.uno.XInterface::release:@0,2:com.sun.star.container.XElementAccess:@0,2:com.sun.star.container.XEnumerationAccess:@0,2:com.sun.star.container.XSet; ref count = 1
info:cppu.typelib:1247974:1247974:cppu/source/typelib/typelib.cxx:244: remaining type: com.sun.star.uno.XInterface::release:@0,2:com.sun.star.frame.XDispatchProviderInterception; ref count = 1
info:cppu.typelib:1247974:1247974:cppu/source/typelib/typelib.cxx:244: remaining type: hyper; ref count = 157
info:cppu.typelib:1247974:1247974:cppu/source/typelib/typelib.cxx:244: remaining type: com.sun.star.script.XStorageBasedLibraryContainer::RootStorage; ref count = 1
info:cppu.typelib:1247974:1247974:cppu/source/typelib/typelib.cxx:244: remaining type: com.sun.star.uno.XInterface::queryInterface:@0,0:com.sun.star.util.XMacroExpander; ref count = 1
info:cppu.typelib:1247974:1247974:cppu/source/typelib/typelib.cxx:244: remaining type: com.sun.star.beans.XPropertySetInfo::hasPropertyByName; ref count = 1
info:cppu.typelib:1247974:1247974:cppu/source/typelib/typelib.cxx:244: remaining type: com.sun.star.sheet.addin.XAnalysis::getImreal; ref count = 2
info:cppu.typelib:1247974:1247974:cppu/source/typelib/typelib.cxx:244: remaining type: com.sun.star.uno.XInterface::acquire:@0,1:com.sun.star.reflection.XTypeDescription:@0,1:com.sun.star.reflection.XCompoundTypeDescription; ref count = 1
info:cppu.typelib:1247974:1247974:cppu/source/typelib/typelib.cxx:244: remaining type: com.sun.star.reflection.XInterfaceTypeDescription::getMembers:@0,7:com.sun.star.reflection.XInterfaceTypeDescription2; ref count = 1
info:cppu.typelib:1247974:1247974:cppu/source/typelib/typelib.cxx:244: remaining type: com.sun.star.uno.XInterface::acquire:@0,1:com.sun.star.reflection.XTypeDescription:@0,1:com.sun.star.reflection.XEnumTypeDescription; ref count = 1
info:cppu.typelib:1247974:1247974:cppu/source/typelib/typelib.cxx:244: remaining type: com.sun.star.sheet.addin.XAnalysis::getOct2Hex; ref count = 2
info:cppu.typelib:1247974:1247974:cppu/source/typelib/typelib.cxx:244: remaining type: com.sun.star.frame.XDesktop2; ref count = 1
info:cppu.typelib:1247974:1247974:cppu/source/typelib/typelib.cxx:244: remaining type: com.sun.star.sheet.addin.XAnalysis::getEffect; ref count = 2
info:cppu.typelib:1247974:1247974:cppu/source/typelib/typelib.cxx:244: remaining type: com.sun.star.beans.XPropertySet::setPropertyValue; ref count = 1
info:cppu.typelib:1247974:1247974:cppu/source/typelib/typelib.cxx:244: remaining type: com.sun.star.uno.XInterface::release:@0,2:com.sun.star.lang.XTypeProvider; ref count = 2
info:cppu.typelib:1247974:1247974:cppu/source/typelib/typelib.cxx:244: remaining type: com.sun.star.uno.XInterface::queryInterface:@0,0:com.sun.star.frame.XComponentLoader; ref count = 1
info:cppu.typelib:1247974:1247974:cppu/source/typelib/typelib.cxx:244: remaining type: com.sun.star.uno.XInterface::release:@0,2:com.sun.star.uno.XComponentContext; ref count = 1
info:cppu.typelib:1247974:1247974:cppu/source/typelib/typelib.cxx:244: remaining type: com.sun.star.lang.XSingleComponentFactory::createInstanceWithArgumentsAndContext; ref count = 1
info:cppu.typelib:1247974:1247974:cppu/source/typelib/typelib.cxx:244: remaining type: com.sun.star.uno.XInterface::release:@0,2:com.sun.star.lang.XMultiServiceFactory; ref count = 1
info:cppu.typelib:1247974:1247974:cppu/source/typelib/typelib.cxx:244: remaining type: com.sun.star.reflection.XInterfaceMemberTypeDescription; ref count = 2
info:cppu.typelib:1247974:1247974:cppu/source/typelib/typelib.cxx:244: remaining type: com.sun.star.frame.XFrame::isActive:@0,16:com.sun.star.frame.XFramesSupplier; ref count = 1
info:cppu.typelib:1247974:1247974:cppu/source/typelib/typelib.cxx:244: remaining type: com.sun.star.beans.PropertyVetoException; ref count = 1
info:cppu.typelib:1247974:1247974:cppu/source/typelib/typelib.cxx:244: remaining type: com.sun.star.lang.Locale; ref count = 9
info:cppu.typelib:1247974:1247974:cppu/source/typelib/typelib.cxx:244: remaining type: com.sun.star.sheet.addin.XDateFunctions::getDaysInMonth; ref count = 2
info:cppu.typelib:1247974:1247974:cppu/source/typelib/typelib.cxx:244: remaining type: com.sun.star.uno.XInterface::queryInterface:@0,0:com.sun.star.sheet.addin.XAnalysis; ref count = 2
info:cppu.typelib:1247974:1247974:cppu/source/typelib/typelib.cxx:244: remaining type: any; ref count = 68
info:cppu.typelib:1247974:1247974:cppu/source/typelib/typelib.cxx:244: remaining type: com.sun.star.lang.XServiceInfo; ref count = 65
info:cppu.typelib:1247974:1247974:cppu/source/typelib/typelib.cxx:244: remaining type: com.sun.star.script.XLibraryContainer::createLibraryLink; ref count = 1
info:cppu.typelib:1247974:1247974:cppu/source/typelib/typelib.cxx:244: remaining type: type; ref count = 15
info:cppu.typelib:1247974:1247974:cppu/source/typelib/typelib.cxx:244: remaining type: com.sun.star.reflection.XTypeDescription::getName:@0,4:com.sun.star.reflection.XCompoundTypeDescription; ref count = 1
info:cppu.typelib:1247974:1247974:cppu/source/typelib/typelib.cxx:244: remaining type: com.sun.star.frame.XFrame::isTop:@0,13:com.sun.star.frame.XFramesSupplier; ref count = 1
info:cppu.typelib:1247974:1247974:cppu/source/typelib/typelib.cxx:244: remaining type: com.sun.star.uno.XComponentContext::getServiceManager; ref count = 1
info:cppu.typelib:1247974:1247974:cppu/source/typelib/typelib.cxx:244: remaining type: com.sun.star.uno.XInterface::queryInterface:@0,0:com.sun.star.reflection.XTypeDescription:@0,0:com.sun.star.reflection.XCompoundTypeDescription; ref count = 1
info:cppu.typelib:1247974:1247974:cppu/source/typelib/typelib.cxx:244: remaining type: com.sun.star.util.XModifiable; ref count = 1
info:cppu.typelib:1247974:1247974:cppu/source/typelib/typelib.cxx:244: remaining type: com.sun.star.sheet.addin.XAnalysis::getImsub; ref count = 2
info:cppu.typelib:1247974:1247974:cppu/source/typelib/typelib.cxx:244: remaining type: com.sun.star.uno.XInterface::release:@0,2:com.sun.star.uno.XWeak; ref count = 2
info:cppu.typelib:1247974:1247974:cppu/source/typelib/typelib.cxx:244: remaining type: com.sun.star.sheet.addin.XAnalysis::getCoupdays; ref count = 2
info:cppu.typelib:1247974:1247974:cppu/source/typelib/typelib.cxx:244: remaining type: com.sun.star.lang.XServiceInfo::getSupportedServiceNames; ref count = 2
info:cppu.typelib:1247974:1247974:cppu/source/typelib/typelib.cxx:244: remaining type: com.sun.star.reflection.XTypeDescription; ref count = 7
info:cppu.typelib:1247974:1247974:cppu/source/typelib/typelib.cxx:244: remaining type: com.sun.star.io.XInputStream; ref count = 1
info:cppu.typelib:1247974:1247974:cppu/source/typelib/typelib.cxx:244: remaining type: com.sun.star.container.XElementAccess::getElementType:@0,3:com.sun.star.container.XNameAccess:@0,3:com.sun.star.container.XNameReplace; ref count = 1
info:cppu.typelib:1247974:1247974:cppu/source/typelib/typelib.cxx:244: remaining type: com.sun.star.frame.XDispatchProvider; ref count = 1
info:cppu.typelib:1247974:1247974:cppu/source/typelib/typelib.cxx:244: remaining type: com.sun.star.beans.XPropertySet::removeVetoableChangeListener; ref count = 1
info:cppu.typelib:1247974:1247974:cppu/source/typelib/typelib.cxx:244: remaining type: com.sun.star.container.XNameAccess::hasByName; ref count = 1
info:cppu.typelib:1247974:1247974:cppu/source/typelib/typelib.cxx:244: remaining type: com.sun.star.uno.XInterface::queryInterface:@0,0:com.sun.star.reflection.XTypeDescription:@0,0:com.sun.star.reflection.XIndirectTypeDescription; ref count = 1
info:cppu.typelib:1247974:1247974:cppu/source/typelib/typelib.cxx:244: remaining type: boolean; ref count = 2271
info:cppu.typelib:1247974:1247974:cppu/source/typelib/typelib.cxx:244: remaining type: com.sun.star.reflection.XIdlClass::getName; ref count = 1
info:cppu.typelib:1247974:1247974:cppu/source/typelib/typelib.cxx:244: remaining type: com.sun.star.lang.XMultiComponentFactory::getAvailableServiceNames; ref count = 1
info:cppu.typelib:1247974:1247974:cppu/source/typelib/typelib.cxx:244: remaining type: com.sun.star.sheet.addin.XAnalysis::getBesseli; ref count = 2
info:cppu.typelib:1247974:1247974:cppu/source/typelib/typelib.cxx:244: remaining type: []type; ref count = 6
info:cppu.typelib:1247974:1247974:cppu/source/typelib/typelib.cxx:244: remaining type: com.sun.star.container.XSet::has; ref count = 1
info:cppu.typelib:1247974:1247974:cppu/source/typelib/typelib.cxx:244: remaining type: long; ref count = 459
info:cppu.typelib:1247974:1247974:cppu/source/typelib/typelib.cxx:244: remaining type: com.sun.star.container.XHierarchicalNameAccess::hasByHierarchicalName; ref count = 1
info:cppu.typelib:1247974:1247974:cppu/source/typelib/typelib.cxx:244: remaining type: com.sun.star.lang.XComponent::removeEventListener; ref count = 2
info:cppu.typelib:1247974:1247974:cppu/source/typelib/typelib.cxx:244: remaining type: com.sun.star.uno.XInterface::acquire:@0,1:com.sun.star.beans.XPropertySetInfo; ref count = 1
info:cppu.typelib:1247974:1247974:cppu/source/typelib/typelib.cxx:244: remaining type: com.sun.star.uno.XInterface::acquire:@0,1:com.sun.star.lang.XComponent:@0,1:com.sun.star.frame.XFrame:@0,1:com.sun.star.frame.XFramesSupplier; ref count = 1
info:cppu.typelib:1247974:1247974:cppu/source/typelib/typelib.cxx:244: remaining type: []string; ref count = 162
info:cppu.typelib:1247974:1247974:cppu/source/typelib/typelib.cxx:244: remaining type: com.sun.star.sheet.addin.XAnalysis::getDec2Bin; ref count = 2
info:cppu.typelib:1247974:1247974:cppu/source/typelib/typelib.cxx:244: remaining type: com.sun.star.reflection.XInterfaceMemberTypeDescription::getPosition; ref count = 1
info:cppu.typelib:1247974:1247974:cppu/source/typelib/typelib.cxx:244: remaining type: com.sun.star.sheet.addin.XAnalysis::getIseven; ref count = 2
info:cppu.typelib:1247974:1247974:cppu/source/typelib/typelib.cxx:244: remaining type: com.sun.star.container.XElementAccess::getElementType:@0,3:com.sun.star.container.XEnumerationAccess:@0,3:com.sun.star.container.XSet; ref count = 1
info:cppu.typelib:1247974:1247974:cppu/source/typelib/typelib.cxx:244: remaining type: com.sun.star.uno.XInterface::queryInterface:@0,0:com.sun.star.lang.XEventListener; ref count = 1
info:cppu.typelib:1247974:1247974:cppu/source/typelib/typelib.cxx:244: remaining type: com.sun.star.util.XNumberFormatter::getNumberFormatsSupplier:@0,4:com.sun.star.util.XNumberFormatter2; ref count = 1
info:cppu.typelib:1247974:1247974:cppu/source/typelib/typelib.cxx:244: remaining type: com.sun.star.container.XSet; ref count = 3
info:cppu.typelib:1247974:1247974:cppu/source/typelib/typelib.cxx:244: remaining type: com.sun.star.sheet.addin.XAnalysis::getWorkday; ref count = 2
info:cppu.typelib:1247974:1247974:cppu/source/typelib/typelib.cxx:244: remaining type: com.sun.star.container.XNameAccess::hasByName:@0,7:com.sun.star.container.XNameReplace; ref count = 1
info:cppu.typelib:1247974:1247974:cppu/source/typelib/typelib.cxx:244: remaining type: com.sun.star.container.XEnumerationAccess::createEnumeration; ref count = 1
info:cppu.typelib:1247974:1247974:cppu/source/typelib/typelib.cxx:244: remaining type: com.sun.star.uno.XInterface::queryInterface:@0,0:com.sun.star.lang.XInitialization; ref count = 1
info:cppu.typelib:1247974:1247974:cppu/source/typelib/typelib.cxx:244: remaining type: com.sun.star.uno.XInterface::queryInterface:@0,0:com.sun.star.reflection.XPublished; ref count = 1
info:cppu.typelib:1247974:1247974:cppu/source/typelib/typelib.cxx:244: remaining type: com.sun.star.uno.XInterface::acquire:@0,1:com.sun.star.container.XElementAccess:@0,1:com.sun.star.container.XEnumerationAccess; ref count = 1
info:cppu.typelib:1247974:1247974:cppu/source/typelib/typelib.cxx:244: remaining type: com.sun.star.uno.XInterface::queryInterface:@0,0:com.sun.star.lang.XMultiServiceFactory; ref count = 1
info:cppu.typelib:1247974:1247974:cppu/source/typelib/typelib.cxx:244: remaining type: com.sun.star.beans.XPropertySetInfo::getPropertyByName; ref count = 1
info:cppu.typelib:1247974:1247974:cppu/source/typelib/typelib.cxx:244: remaining type: com.sun.star.frame.XFramesSupplier::getActiveFrame; ref count = 1
info:cppu.typelib:1247974:1247974:cppu/source/typelib/typelib.cxx:244: remaining type: com.sun.star.container.XElementAccess::getElementType; ref count = 1
info:cppu.typelib:1247974:1247974:cppu/source/typelib/typelib.cxx:244: remaining type: com.sun.star.reflection.XCompoundTypeDescription::getMemberNames; ref count = 1
info:cppu.typelib:1247974:1247974:cppu/source/typelib/typelib.cxx:244: remaining type: com.sun.star.uno.XInterface::acquire:@0,1:com.sun.star.frame.XDispatchProvider:@0,1:com.sun.star.frame.XDesktop2; ref count = 1
info:cppu.typelib:1247974:1247974:cppu/source/typelib/typelib.cxx:244: remaining type: com.sun.star.uno.XInterface::release:@0,2:com.sun.star.frame.XDispatchProvider:@0,2:com.sun.star.frame.XDesktop2; ref count = 1
info:cppu.typelib:1247974:1247974:cppu/source/typelib/typelib.cxx:244: remaining type: com.sun.star.uno.XInterface::acquire:@0,1:com.sun.star.reflection.XTypeDescriptionEnumerationAccess; ref count = 1
info:cppu.typelib:1247974:1247974:cppu/source/typelib/typelib.cxx:244: remaining type: com.sun.star.sheet.addin.XDateFunctions::getDiffWeeks; ref count = 2
info:cppu.typelib:1247974:1247974:cppu/source/typelib/typelib.cxx:244: remaining type: com.sun.star.lang.XServiceInfo::getImplementationName; ref count = 2
info:cppu.typelib:1247974:1247974:cppu/source/typelib/typelib.cxx:244: remaining type: []any; ref count = 7
info:cppu.typelib:1247974:1247974:cppu/source/typelib/typelib.cxx:244: remaining type: com.sun.star.uno.XInterface::release:@0,2:com.sun.star.beans.XPropertySet; ref count = 1
info:cppu.typelib:1247974:1247974:cppu/source/typelib/typelib.cxx:244: remaining type: com.sun.star.sheet.addin.XAnalysis::getPricemat; ref count = 2
info:cppu.typelib:1247974:1247974:cppu/source/typelib/typelib.cxx:244: remaining type: com.sun.star.frame.XFrame::getName; ref count = 1
info:cppu.typelib:1247974:1247974:cppu/source/typelib/typelib.cxx:244: remaining type: com.sun.star.lang.XMultiServiceFactory::createInstanceWithArguments; ref count = 1
info:cppu.typelib:1247974:1247974:cppu/source/typelib/typelib.cxx:244: remaining type: com.sun.star.uno.XInterface::acquire:@0,1:com.sun.star.container.XElementAccess:@0,1:com.sun.star.container.XEnumerationAccess:@0,1:com.sun.star.container.XSet; ref count = 1
info:cppu.typelib:1247974:1247974:cppu/source/typelib/typelib.cxx:244: remaining type: com.sun.star.frame.XDispatchProvider::queryDispatch:@0,3:com.sun.star.frame.XDesktop2; ref count = 1
info:cppu.typelib:1247974:1247974:cppu/source/typelib/typelib.cxx:244: remaining type: com.sun.star.uno.XInterface::release:@0,2:com.sun.star.container.XContentEnumerationAccess; ref count = 1
info:cppu.typelib:1247974:1247974:cppu/source/typelib/typelib.cxx:244: remaining type: com.sun.star.uno.XInterface::queryInterface:@0,0:com.sun.star.reflection.XTypeDescriptionEnumerationAccess; ref count = 1
info:cppu.typelib:1247974:1247974:cppu/source/typelib/typelib.cxx:244: remaining type: com.sun.star.frame.XComponentLoader::loadComponentFromURL; ref count = 1
info:cppu.typelib:1247974:1247974:cppu/source/typelib/typelib.cxx:244: remaining type: com.sun.star.uno.XInterface::queryInterface:@0,0:com.sun.star.container.XContentEnumerationAccess; ref count = 1
info:cppu.typelib:1247974:1247974:cppu/source/typelib/typelib.cxx:244: remaining type: com.sun.star.uno.XInterface::release:@0,2:com.sun.star.lang.XSingleComponentFactory; ref count = 1
info:cppu.typelib:1247974:1247974:cppu/source/typelib/typelib.cxx:244: remaining type: com.sun.star.lang.XTypeProvider::getTypes; ref count = 2
info:cppu.typelib:1247974:1247974:cppu/source/typelib/typelib.cxx:244: remaining type: com.sun.star.container.XContentEnumerationAccess; ref count = 1
info:cppu.typelib:1247974:1247974:cppu/source/typelib/typelib.cxx:244: remaining type: com.sun.star.container.XNameAccess::getElementNames; ref count = 1
info:cppu.typelib:1247974:1247974:cppu/source/typelib/typelib.cxx:244: remaining type: com.sun.star.reflection.XIdlClass::getInterfaces; ref count = 1
info:cppu.typelib:1247974:1247974:cppu/source/typelib/typelib.cxx:244: remaining type: com.sun.star.uno.XInterface::release:@0,2:com.sun.star.reflection.XTypeDescription:@0,2:com.sun.star.reflection.XCompoundTypeDescription:@0,2:com.sun.star.reflection.XStructTypeDescription; ref count = 1
info:cppu.typelib:1247974:1247974:cppu/source/typelib/typelib.cxx:244: remaining type: com.sun.star.container.XElementAccess::getElementType:@0,3:com.sun.star.container.XEnumerationAccess; ref count = 1
info:cppu.typelib:1247974:1247974:cppu/source/typelib/typelib.cxx:244: remaining type: com.sun.star.sheet.addin.XAnalysis::getImsech; ref count = 2
info:cppu.typelib:1247974:1247974:cppu/source/typelib/typelib.cxx:244: remaining type: com.sun.star.container.XNameAccess::getByName:@0,5:com.sun.star.script.XLibraryContainer:@0,5:com.sun.star.script.XLibraryContainer2:@1,9:com.sun.star.script.XPersistentLibraryContainer:@0,9:com.sun.star.script.XStorageBasedLibraryContainer; ref count = 1
info:cppu.typelib:1247974:1247974:cppu/source/typelib/typelib.cxx:244: remaining type: com.sun.star.reflection.XIdlClass::getTypeClass; ref count = 1
info:cppu.typelib:1247974:1247974:cppu/source/typelib/typelib.cxx:244: remaining type: com.sun.star.frame.XFrame::removeFrameActionListener:@0,22:com.sun.star.frame.XFramesSupplier:@2,26:com.sun.star.frame.XDesktop2; ref count = 1
info:cppu.typelib:1247974:1247974:cppu/source/typelib/typelib.cxx:244: remaining type: com.sun.star.container.XElementAccess::hasElements:@0,4:com.sun.star.container.XEnumerationAccess:@0,4:com.sun.star.container.XSet; ref count = 1
info:cppu.typelib:1247974:1247974:cppu/source/typelib/typelib.cxx:244: remaining type: com.sun.star.container.XElementAccess::hasElements:@0,4:com.sun.star.container.XNameAccess:@0,4:com.sun.star.script.XLibraryContainer:@0,4:com.sun.star.script.XLibraryContainer2; ref count = 1
info:cppu.typelib:1247974:1247974:cppu/source/typelib/typelib.cxx:244: remaining type: com.sun.star.lang.XInitialization::initialize; ref count = 1
info:cppu.typelib:1247974:1247974:cppu/source/typelib/typelib.cxx:244: remaining type: com.sun.star.uno.XInterface::acquire:@0,1:com.sun.star.reflection.XTypeDescription:@0,1:com.sun.star.reflection.XInterfaceTypeDescription; ref count = 1
info:cppu.typelib:1247974:1247974:cppu/source/typelib/typelib.cxx:244: remaining type: com.sun.star.uno.XInterface::queryInterface:@0,0:com.sun.star.beans.XFastPropertySet; ref count = 1
info:cppu.typelib:1247974:1247974:cppu/source/typelib/typelib.cxx:244: remaining type: com.sun.star.frame.XFrame::setName:@0,11:com.sun.star.frame.XFramesSupplier; ref count = 1
info:cppu.typelib:1247974:1247974:cppu/source/typelib/typelib.cxx:244: remaining type: com.sun.star.frame.XFrame; ref count = 1
info:cppu.typelib:1247974:1247974:cppu/source/typelib/typelib.cxx:244: remaining type: com.sun.star.io.XInputStreamProvider; ref count = 32
info:cppu.typelib:1247974:1247974:cppu/source/typelib/typelib.cxx:244: remaining type: com.sun.star.container.XElementAccess::hasElements:@0,4:com.sun.star.container.XEnumerationAccess; ref count = 1
info:cppu.typelib:1247974:1247974:cppu/source/typelib/typelib.cxx:244: remaining type: com.sun.star.reflection.XInterfaceTypeDescription2::getOptionalBaseTypes; ref count = 1
info:cppu.typelib:1247974:1247974:cppu/source/typelib/typelib.cxx:244: remaining type: com.sun.star.reflection.XInterfaceTypeDescription::getBaseType:@0,5:com.sun.star.reflection.XInterfaceTypeDescription2; ref count = 1
info:cppu.typelib:1247974:1247974:cppu/source/typelib/typelib.cxx:244: remaining type: com.sun.star.lang.IllegalArgumentException; ref count = 117
info:cppu.typelib:1247974:1247974:cppu/source/typelib/typelib.cxx:244: remaining type: com.sun.star.container.XNameAccess::getByName:@0,5:com.sun.star.script.XLibraryContainer; ref count = 1
info:cppu.typelib:1247974:1247974:cppu/source/typelib/typelib.cxx:244: remaining type: com.sun.star.reflection.XInterfaceTypeDescription2; ref count = 1
info:cppu.typelib:1247974:1247974:cppu/source/typelib/typelib.cxx:244: remaining type: com.sun.star.uno.XInterface::queryInterface:@0,0:com.sun.star.reflection.XTypeDescription:@0,0:com.sun.star.reflection.XInterfaceTypeDescription:@0,0:com.sun.star.reflection.XInterfaceTypeDescription2; ref count = 1
info:cppu.typelib:1247974:1247974:cppu/source/typelib/typelib.cxx:244: remaining type: com.sun.star.frame.XFrame::setCreator:@0,8:com.sun.star.frame.XFramesSupplier; ref count = 1
info:cppu.typelib:1247974:1247974:cppu/source/typelib/typelib.cxx:244: remaining type: com.sun.star.uno.XInterface::acquire:@0,1:com.sun.star.container.XElementAccess:@0,1:com.sun.star.container.XNameAccess:@0,1:com.sun.star.container.XNameReplace; ref count = 1
info:cppu.typelib:1247974:1247974:cppu/source/typelib/typelib.cxx:244: remaining type: com.sun.star.reflection.XInterfaceTypeDescription::getUik:@0,6:com.sun.star.reflection.XInterfaceTypeDescription2; ref count = 1
info:cppu.typelib:1247974:1247974:cppu/source/typelib/typelib.cxx:244: remaining type: com.sun.star.uno.XInterface::acquire:@0,1:com.sun.star.frame.XComponentLoader; ref count = 1
info:cppu.typelib:1247974:1247974:cppu/source/typelib/typelib.cxx:244: remaining type: com.sun.star.reflection.XInterfaceMemberTypeDescription::getMemberName; ref count = 1
info:cppu.typelib:1247974:1247974:cppu/source/typelib/typelib.cxx:244: remaining type: com.sun.star.uno.XInterface::queryInterface:@0,0:com.sun.star.reflection.XTypeDescription:@0,0:com.sun.star.reflection.XInterfaceMemberTypeDescription; ref count = 1
info:cppu.typelib:1247974:1247974:cppu/source/typelib/typelib.cxx:244: remaining type: com.sun.star.uno.XInterface::release:@0,2:com.sun.star.reflection.XTypeDescription:@0,2:com.sun.star.reflection.XInterfaceMemberTypeDescription; ref count = 1
info:cppu.typelib:1247974:1247974:cppu/source/typelib/typelib.cxx:244: remaining type: com.sun.star.container.XNameAccess::hasByName:@0,7:com.sun.star.script.XLibraryContainer:@0,7:com.sun.star.script.XLibraryContainer2:@1,11:com.sun.star.script.XPersistentLibraryContainer; ref count = 1
info:cppu.typelib:1247974:1247974:cppu/source/typelib/typelib.cxx:244: remaining type: com.sun.star.reflection.XPublished::isPublished; ref count = 1
info:cppu.typelib:1247974:1247974:cppu/source/typelib/typelib.cxx:244: remaining type: com.sun.star.reflection.XTypeDescription::getTypeClass:@0,3:com.sun.star.reflection.XInterfaceMemberTypeDescription; ref count = 1
info:cppu.typelib:1247974:1247974:cppu/source/typelib/typelib.cxx:244: remaining type: com.sun.star.reflection.XTypeDescription::getName:@0,4:com.sun.star.reflection.XInterfaceTypeDescription:@0,4:com.sun.star.reflection.XInterfaceTypeDescription2; ref count = 1
info:cppu.typelib:1247974:1247974:cppu/source/typelib/typelib.cxx:244: remaining type: com.sun.star.reflection.XIdlClass::getArray; ref count = 1
info:cppu.typelib:1247974:1247974:cppu/source/typelib/typelib.cxx:244: remaining type: com.sun.star.reflection.XTypeDescription::getName:@0,4:com.sun.star.reflection.XInterfaceMemberTypeDescription; ref count = 1
info:cppu.typelib:1247974:1247974:cppu/source/typelib/typelib.cxx:244: remaining type: com.sun.star.beans.XFastPropertySet; ref count = 6
info:cppu.typelib:1247974:1247974:cppu/source/typelib/typelib.cxx:244: remaining type: com.sun.star.uno.XInterface::acquire:@0,1:com.sun.star.frame.XDesktop; ref count = 1
info:cppu.typelib:1247974:1247974:cppu/source/typelib/typelib.cxx:244: remaining type: com.sun.star.lang.XMultiServiceFactory::createInstance; ref count = 1
info:cppu.typelib:1247974:1247974:cppu/source/typelib/typelib.cxx:244: remaining type: com.sun.star.sheet.addin.XAnalysis::getYielddisc; ref count = 2
info:cppu.typelib:1247974:1247974:cppu/source/typelib/typelib.cxx:244: remaining type: com.sun.star.uno.XInterface::acquire:@0,1:com.sun.star.reflection.XTypeDescription:@0,1:com.sun.star.reflection.XIndirectTypeDescription; ref count = 1
info:cppu.typelib:1247974:1247974:cppu/source/typelib/typelib.cxx:244: remaining type: com.sun.star.uno.XInterface::queryInterface:@0,0:com.sun.star.lang.XLocalizable; ref count = 3
info:cppu.typelib:1247974:1247974:cppu/source/typelib/typelib.cxx:244: remaining type: com.sun.star.container.XElementAccess::hasElements:@0,4:com.sun.star.container.XNameAccess:@0,4:com.sun.star.container.XNameReplace:@0,4:com.sun.star.container.XNameContainer; ref count = 1
info:cppu.typelib:1247974:1247974:cppu/source/typelib/typelib.cxx:244: remaining type: com.sun.star.sheet.addin.XAnalysis::getImlog10; ref count = 2
info:cppu.typelib:1247974:1247974:cppu/source/typelib/typelib.cxx:244: remaining type: com.sun.star.uno.XInterface::acquire:@0,1:com.sun.star.reflection.XPublished; ref count = 1
info:cppu.typelib:1247974:1247974:cppu/source/typelib/typelib.cxx:244: remaining type: com.sun.star.util.XModifyBroadcaster::removeModifyListener:@0,4:com.sun.star.util.XModifiable; ref count = 1
info:cppu.typelib:1247974:1247974:cppu/source/typelib/typelib.cxx:244: remaining type: unsigned long; ref count = 1
info:cppu.typelib:1247974:1247974:cppu/source/typelib/typelib.cxx:244: remaining type: com.sun.star.reflection.XIdlField; ref count = 3
info:cppu.typelib:1247974:1247974:cppu/source/typelib/typelib.cxx:244: remaining type: com.sun.star.lang.XLocalizable::getLocale; ref count = 3
info:cppu.typelib:1247974:1247974:cppu/source/typelib/typelib.cxx:244: remaining type: com.sun.star.lang.XLocalizable::setLocale; ref count = 3
info:cppu.typelib:1247974:1247974:cppu/source/typelib/typelib.cxx:244: remaining type: com.sun.star.beans.XFastPropertySet::getFastPropertyValue; ref count = 1
info:cppu.typelib:1247974:1247974:cppu/source/typelib/typelib.cxx:244: remaining type: com.sun.star.uno.XInterface::queryInterface:@0,0:com.sun.star.container.XElementAccess:@0,0:com.sun.star.container.XNameAccess:@0,0:com.sun.star.container.XNameReplace; ref count = 1
info:cppu.typelib:1247974:1247974:cppu/source/typelib/typelib.cxx:244: remaining type: com.sun.star.uno.XInterface::acquire:@0,1:com.sun.star.lang.XLocalizable; ref count = 3
info:cppu.typelib:1247974:1247974:cppu/source/typelib/typelib.cxx:244: remaining type: com.sun.star.lang.XComponent::addEventListener:@0,4:com.sun.star.frame.XFrame:@0,4:com.sun.star.frame.XFramesSupplier; ref count = 1
info:cppu.typelib:1247974:1247974:cppu/source/typelib/typelib.cxx:244: remaining type: com.sun.star.beans.PropertyValue; ref count = 12
info:cppu.typelib:1247974:1247974:cppu/source/typelib/typelib.cxx:244: remaining type: com.sun.star.uno.XInterface::release:@0,2:com.sun.star.beans.XFastPropertySet; ref count = 1
info:cppu.typelib:1247974:1247974:cppu/source/typelib/typelib.cxx:244: remaining type: com.sun.star.frame.XDesktop::addTerminateListener; ref count = 1
info:cppu.typelib:1247974:1247974:cppu/source/typelib/typelib.cxx:244: remaining type: com.sun.star.lang.XComponent::addEventListener:@0,4:com.sun.star.frame.XFrame:@0,4:com.sun.star.frame.XFramesSupplier:@2,8:com.sun.star.frame.XDesktop2; ref count = 1
info:cppu.typelib:1247974:1247974:cppu/source/typelib/typelib.cxx:244: remaining type: com.sun.star.lang.XSingleComponentFactory; ref count = 73
info:cppu.typelib:1247974:1247974:cppu/source/typelib/typelib.cxx:244: remaining type: com.sun.star.sheet.addin.XAnalysis::getBin2Dec; ref count = 2
info:cppu.typelib:1247974:1247974:cppu/source/typelib/typelib.cxx:244: remaining type: com.sun.star.uno.XInterface::release:@0,2:com.sun.star.frame.XDispatchProvider; ref count = 1
info:cppu.typelib:1247974:1247974:cppu/source/typelib/typelib.cxx:244: remaining type: com.sun.star.uno.XInterface::acquire:@0,1:com.sun.star.util.XModifyBroadcaster:@0,1:com.sun.star.util.XModifiable; ref count = 1
info:cppu.typelib:1247974:1247974:cppu/source/typelib/typelib.cxx:244: remaining type: com.sun.star.util.XModifyBroadcaster::addModifyListener:@0,3:com.sun.star.util.XModifiable; ref count = 1
info:cppu.typelib:1247974:1247974:cppu/source/typelib/typelib.cxx:244: remaining type: com.sun.star.uno.XInterface::queryInterface:@0,0:com.sun.star.lang.XEventListener:@0,0:com.sun.star.frame.XTerminateListener; ref count = 1
info:cppu.typelib:1247974:1247974:cppu/source/typelib/typelib.cxx:244: remaining type: com.sun.star.sheet.LocalizedName; ref count = 1
info:cppu.typelib:1247974:1247974:cppu/source/typelib/typelib.cxx:244: remaining type: com.sun.star.frame.XFrame::isTop; ref count = 1
info:cppu.typelib:1247974:1247974:cppu/source/typelib/typelib.cxx:244: remaining type: com.sun.star.uno.XInterface::queryInterface:@0,0:com.sun.star.frame.XDispatchProvider:@0,0:com.sun.star.frame.XDesktop2; ref count = 1
info:cppu.typelib:1247974:1247974:cppu/source/typelib/typelib.cxx:244: remaining type: com.sun.star.uno.XInterface::release:@0,2:com.sun.star.reflection.XTypeDescription; ref count = 1
info:cppu.typelib:1247974:1247974:cppu/source/typelib/typelib.cxx:244: remaining type: com.sun.star.uno.XInterface::queryInterface:@0,0:cppuhelper.detail.XExceptionThrower; ref count = 1
info:cppu.typelib:1247974:1247974:cppu/source/typelib/typelib.cxx:244: remaining type: com.sun.star.frame.XFrame::getComponentWindow; ref count = 1
info:cppu.typelib:1247974:1247974:cppu/source/typelib/typelib.cxx:244: remaining type: com.sun.star.lang.WrappedTargetException; ref count = 1
info:cppu.typelib:1247974:1247974:cppu/source/typelib/typelib.cxx:244: remaining type: com.sun.star.sheet.addin.XAnalysis::getOddlprice; ref count = 2
info:cppu.typelib:1247974:1247974:cppu/source/typelib/typelib.cxx:244: remaining type: com.sun.star.uno.XAggregation::queryAggregation; ref count = 1
info:cppu.typelib:1247974:1247974:cppu/source/typelib/typelib.cxx:244: remaining type: com.sun.star.ucb.InsertCommandArgument; ref count = 1
info:cppu.typelib:1247974:1247974:cppu/source/typelib/typelib.cxx:244: remaining type: com.sun.star.uno.XInterface::acquire:@0,1:com.sun.star.lang.XSingleServiceFactory; ref count = 1
info:cppu.typelib:1247974:1247974:cppu/source/typelib/typelib.cxx:244: remaining type: com.sun.star.reflection.XIndirectTypeDescription; ref count = 1
info:cppu.typelib:1247974:1247974:cppu/source/typelib/typelib.cxx:244: remaining type: com.sun.star.uno.XInterface::release:@0,2:com.sun.star.lang.XSingleServiceFactory; ref count = 1
info:cppu.typelib:1247974:1247974:cppu/source/typelib/typelib.cxx:244: remaining type: com.sun.star.lang.XSingleServiceFactory; ref count = 10
info:cppu.typelib:1247974:1247974:cppu/source/typelib/typelib.cxx:244: remaining type: com.sun.star.uno.XInterface::queryInterface; ref count = 13
info:cppu.typelib:1247974:1247974:cppu/source/typelib/typelib.cxx:244: remaining type: com.sun.star.sheet.addin.XPricingFunctions::getOptProbInMoney; ref count = 2
info:cppu.typelib:1247974:1247974:cppu/source/typelib/typelib.cxx:244: remaining type: com.sun.star.reflection.XTypeDescription::getName:@0,4:com.sun.star.reflection.XInterfaceTypeDescription; ref count = 1
info:cppu.typelib:1247974:1247974:cppu/source/typelib/typelib.cxx:244: remaining type: com.sun.star.util.XModifyBroadcaster::removeModifyListener; ref count = 1
info:cppu.typelib:1247974:1247974:cppu/source/typelib/typelib.cxx:244: remaining type: com.sun.star.beans.PropertyChangeEvent; ref count = 2
info:cppu.typelib:1247974:1247974:cppu/source/typelib/typelib.cxx:244: remaining type: com.sun.star.frame.XDesktop::removeTerminateListener; ref count = 1
info:cppu.typelib:1247974:1247974:cppu/source/typelib/typelib.cxx:244: remaining type: com.sun.star.container.XNameAccess::getByName; ref count = 1
info:cppu.typelib:1247974:1247974:cppu/source/typelib/typelib.cxx:244: remaining type: com.sun.star.uno.XInterface::release:@0,2:com.sun.star.frame.XDesktop; ref count = 1
info:cppu.typelib:1247974:1247974:cppu/source/typelib/typelib.cxx:244: remaining type: com.sun.star.util.XMacroExpander::expandMacros; ref count = 1
info:cppu.typelib:1247974:1247974:cppu/source/typelib/typelib.cxx:244: remaining type: com.sun.star.uno.XInterface; ref count = 73
info:cppu.typelib:1247974:1247974:cppu/source/typelib/typelib.cxx:244: remaining type: com.sun.star.uno.XInterface::acquire:@0,1:com.sun.star.util.XMacroExpander; ref count = 1
info:cppu.typelib:1247974:1247974:cppu/source/typelib/typelib.cxx:244: remaining type: com.sun.star.uno.XInterface::release:@0,2:com.sun.star.util.XMacroExpander; ref count = 1
info:cppu.typelib:1247974:1247974:cppu/source/typelib/typelib.cxx:244: remaining type: com.sun.star.uno.XInterface::queryInterface:@0,0:com.sun.star.container.XElementAccess:@0,0:com.sun.star.container.XEnumerationAccess:@0,0:com.sun.star.container.XSet; ref count = 1
info:cppu.typelib:1247974:1247974:cppu/source/typelib/typelib.cxx:244: remaining type: com.sun.star.uno.XInterface::acquire:@0,1:com.sun.star.reflection.XIdlMember:@0,1:com.sun.star.reflection.XIdlMethod; ref count = 1
info:cppu.typelib:1247974:1247974:cppu/source/typelib/typelib.cxx:244: remaining type: com.sun.star.frame.XDispatchProviderInterception::releaseDispatchProviderInterceptor; ref count = 1
info:cppu.typelib:1247974:1247974:cppu/source/typelib/typelib.cxx:244: remaining type: com.sun.star.frame.XFrame::getCreator:@0,9:com.sun.star.frame.XFramesSupplier; ref count = 1
info:cppu.typelib:1247974:1247974:cppu/source/typelib/typelib.cxx:244: remaining type: com.sun.star.uno.XInterface::acquire:@0,1:com.sun.star.lang.XEventListener:@0,1:com.sun.star.frame.XTerminateListener; ref count = 1
info:cppu.typelib:1247974:1247974:cppu/source/typelib/typelib.cxx:244: remaining type: com.sun.star.sheet.addin.XPricingFunctions::getOptProbHit; ref count = 2
info:cppu.typelib:1247974:1247974:cppu/source/typelib/typelib.cxx:244: remaining type: com.sun.star.reflection.XIdlClass::getMethod; ref count = 1
info:cppu.typelib:1247974:1247974:cppu/source/typelib/typelib.cxx:244: remaining type: com.sun.star.uno.XInterface::release:@0,2:cppuhelper.detail.XExceptionThrower; ref count = 1
info:cppu.typelib:1247974:1247974:cppu/source/typelib/typelib.cxx:244: remaining type: com.sun.star.reflection.XInterfaceTypeDescription; ref count = 2
info:cppu.typelib:1247974:1247974:cppu/source/typelib/typelib.cxx:244: remaining type: com.sun.star.reflection.XTypeDescriptionEnumerationAccess; ref count = 1
info:cppu.typelib:1247974:1247974:cppu/source/typelib/typelib.cxx:244: remaining type: com.sun.star.frame.XFrame::initialize; ref count = 1
info:cppu.typelib:1247974:1247974:cppu/source/typelib/typelib.cxx:244: remaining type: com.sun.star.uno.XWeak::queryAdapter; ref count = 2
info:cppu.typelib:1247974:1247974:cppu/source/typelib/typelib.cxx:244: remaining type: com.sun.star.frame.XFrame::setName; ref count = 1
info:cppu.typelib:1247974:1247974:cppu/source/typelib/typelib.cxx:244: remaining type: com.sun.star.uno.XInterface::release:@0,2:com.sun.star.sheet.addin.XMiscFunctions; ref count = 2
info:cppu.typelib:1247974:1247974:cppu/source/typelib/typelib.cxx:244: remaining type: com.sun.star.frame.XFrame::getComponentWindow:@0,18:com.sun.star.frame.XFramesSupplier; ref count = 1
info:cppu.typelib:1247974:1247974:cppu/source/typelib/typelib.cxx:244: remaining type: com.sun.star.script.XLibraryContainer2::isLibraryLink; ref count = 1
info:cppu.typelib:1247974:1247974:cppu/source/typelib/typelib.cxx:244: remaining type: com.sun.star.uno.XInterface::acquire:@0,1:com.sun.star.reflection.XIdlMember:@0,1:com.sun.star.reflection.XIdlField; ref count = 1
info:cppu.typelib:1247974:1247974:cppu/source/typelib/typelib.cxx:244: remaining type: com.sun.star.frame.XDispatchProvider::queryDispatches; ref count = 1
info:cppu.typelib:1247974:1247974:cppu/source/typelib/typelib.cxx:244: remaining type: com.sun.star.util.XMacroExpander; ref count = 3
info:cppu.typelib:1247974:1247974:cppu/source/typelib/typelib.cxx:244: remaining type: com.sun.star.uno.XInterface::acquire:@0,1:com.sun.star.util.XNumberFormatter:@0,1:com.sun.star.util.XNumberFormatter2; ref count = 1
info:cppu.typelib:1247974:1247974:cppu/source/typelib/typelib.cxx:244: remaining type: com.sun.star.lang.XComponent::removeEventListener:@0,5:com.sun.star.frame.XFrame; ref count = 1
info:cppu.typelib:1247974:1247974:cppu/source/typelib/typelib.cxx:244: remaining type: com.sun.star.uno.XInterface::queryInterface:@0,0:com.sun.star.reflection.XIdlMember:@0,0:com.sun.star.reflection.XIdlMethod; ref count = 1
info:cppu.typelib:1247974:1247974:cppu/source/typelib/typelib.cxx:244: remaining type: com.sun.star.uno.XInterface::queryInterface:@0,0:com.sun.star.lang.XSingleServiceFactory; ref count = 1
info:cppu.typelib:1247974:1247974:cppu/source/typelib/typelib.cxx:244: remaining type: com.sun.star.uno.XInterface::queryInterface:@0,0:com.sun.star.lang.XComponent:@0,0:com.sun.star.frame.XFrame; ref count = 1
info:cppu.typelib:1247974:1247974:cppu/source/typelib/typelib.cxx:244: remaining type: []com.sun.star.reflection.ParamInfo; ref count = 1
info:cppu.typelib:1247974:1247974:cppu/source/typelib/typelib.cxx:244: remaining type: com.sun.star.reflection.XIdlMethod::getMode; ref count = 1
info:cppu.typelib:1247974:1247974:cppu/source/typelib/typelib.cxx:244: remaining type: com.sun.star.beans.XMultiPropertySet::addPropertiesChangeListener; ref count = 1
info:cppu.typelib:1247974:1247974:cppu/source/typelib/typelib.cxx:244: remaining type: com.sun.star.uno.XInterface::release:@0,2:com.sun.star.container.XElementAccess; ref count = 1
info:cppu.typelib:1247974:1247974:cppu/source/typelib/typelib.cxx:244: remaining type: com.sun.star.container.XNameAccess::getByName:@0,5:com.sun.star.container.XNameReplace:@0,5:com.sun.star.container.XNameContainer; ref count = 1
info:cppu.typelib:1247974:1247974:cppu/source/typelib/typelib.cxx:244: remaining type: com.sun.star.container.XElementAccess::getElementType:@0,3:com.sun.star.container.XNameAccess:@0,3:com.sun.star.script.XLibraryContainer:@0,3:com.sun.star.script.XLibraryContainer2:@1,7:com.sun.star.script.XPersistentLibraryContainer; ref count = 1
info:cppu.typelib:1247974:1247974:cppu/source/typelib/typelib.cxx:244: remaining type: com.sun.star.frame.XFrame::deactivate; ref count = 1
info:cppu.typelib:1247974:1247974:cppu/source/typelib/typelib.cxx:244: remaining type: com.sun.star.sheet.addin.XAnalysis::getErfc; ref count = 2
info:cppu.typelib:1247974:1247974:cppu/source/typelib/typelib.cxx:244: remaining type: com.sun.star.frame.XDispatchProvider::queryDispatch; ref count = 1
info:cppu.typelib:1247974:1247974:cppu/source/typelib/typelib.cxx:244: remaining type: com.sun.star.uno.XInterface::queryInterface:@0,0:com.sun.star.frame.XDispatchProvider; ref count = 1
info:cppu.typelib:1247974:1247974:cppu/source/typelib/typelib.cxx:244: remaining type: com.sun.star.sheet.addin.XAnalysis::getXirr; ref count = 2
info:cppu.typelib:1247974:1247974:cppu/source/typelib/typelib.cxx:244: remaining type: com.sun.star.frame.XDispatchProviderInterception::registerDispatchProviderInterceptor; ref count = 1
info:cppu.typelib:1247974:1247974:cppu/source/typelib/typelib.cxx:244: remaining type: com.sun.star.uno.XInterface::acquire:@0,1:com.sun.star.frame.XDispatchProviderInterception; ref count = 1
info:cppu.typelib:1247974:1247974:cppu/source/typelib/typelib.cxx:244: remaining type: com.sun.star.frame.XDispatchProviderInterception; ref count = 1
info:cppu.typelib:1247974:1247974:cppu/source/typelib/typelib.cxx:244: remaining type: com.sun.star.frame.XFrame::setCreator:@0,8:com.sun.star.frame.XFramesSupplier:@2,12:com.sun.star.frame.XDesktop2; ref count = 1
info:cppu.typelib:1247974:1247974:cppu/source/typelib/typelib.cxx:244: remaining type: com.sun.star.frame.XFrame::contextChanged; ref count = 1
info:cppu.typelib:1247974:1247974:cppu/source/typelib/typelib.cxx:244: remaining type: com.sun.star.uno.XInterface::release:@0,2:com.sun.star.lang.XComponent:@0,2:com.sun.star.frame.XFrame; ref count = 1
info:cppu.typelib:1247974:1247974:cppu/source/typelib/typelib.cxx:244: remaining type: com.sun.star.frame.XFrame::getName:@0,10:com.sun.star.frame.XFramesSupplier; ref count = 1
info:cppu.typelib:1247974:1247974:cppu/source/typelib/typelib.cxx:244: remaining type: com.sun.star.frame.XTerminateListener; ref count = 1
info:cppu.typelib:1247974:1247974:cppu/source/typelib/typelib.cxx:244: remaining type: com.sun.star.uno.XInterface::acquire:@0,1:com.sun.star.uno.XWeak; ref count = 2
info:cppu.typelib:1247974:1247974:cppu/source/typelib/typelib.cxx:244: remaining type: com.sun.star.frame.XDispatchProvider::queryDispatches:@0,4:com.sun.star.frame.XDesktop2; ref count = 1
info:cppu.typelib:1247974:1247974:cppu/source/typelib/typelib.cxx:244: remaining type: com.sun.star.beans.XFastPropertySet::setFastPropertyValue; ref count = 1
info:cppu.typelib:1247974:1247974:cppu/source/typelib/typelib.cxx:244: remaining type: com.sun.star.frame.XFrame::findFrame; ref count = 1
info:cppu.typelib:1247974:1247974:cppu/source/typelib/typelib.cxx:244: remaining type: com.sun.star.container.XElementAccess::getElementType:@0,3:com.sun.star.container.XNameAccess; ref count = 1
info:cppu.typelib:1247974:1247974:cppu/source/typelib/typelib.cxx:244: remaining type: com.sun.star.frame.XFrame::getContainerWindow; ref count = 1
info:cppu.typelib:1247974:1247974:cppu/source/typelib/typelib.cxx:244: remaining type: com.sun.star.reflection.XInterfaceTypeDescription2::getBaseTypes; ref count = 1
info:cppu.typelib:1247974:1247974:cppu/source/typelib/typelib.cxx:244: remaining type: com.sun.star.uno.XInterface::acquire:@0,1:com.sun.star.lang.XComponent:@0,1:com.sun.star.frame.XFrame; ref count = 1
info:cppu.typelib:1247974:1247974:cppu/source/typelib/typelib.cxx:244: remaining type: com.sun.star.frame.XDesktop; ref count = 1
info:cppu.typelib:1247974:1247974:cppu/source/typelib/typelib.cxx:244: remaining type: com.sun.star.frame.XFramesSupplier::getFrames; ref count = 1
info:cppu.typelib:1247974:1247974:cppu/source/typelib/typelib.cxx:244: remaining type: com.sun.star.frame.XDispatchProviderInterception::registerDispatchProviderInterceptor:@1,5:com.sun.star.frame.XDesktop2; ref count = 1
info:cppu.typelib:1247974:1247974:cppu/source/typelib/typelib.cxx:244: remaining type: com.sun.star.uno.XInterface::release:@0,2:com.sun.star.container.XElementAccess:@0,2:com.sun.star.container.XNameAccess; ref count = 1
info:cppu.typelib:1247974:1247974:cppu/source/typelib/typelib.cxx:244: remaining type: com.sun.star.uno.XInterface::release:@0,2:com.sun.star.container.XElementAccess:@0,2:com.sun.star.container.XNameAccess:@0,2:com.sun.star.container.XNameReplace:@0,2:com.sun.star.container.XNameContainer; ref count = 1
info:cppu.typelib:1247974:1247974:cppu/source/typelib/typelib.cxx:244: remaining type: com.sun.star.uno.XInterface::acquire:@0,1:com.sun.star.sheet.addin.XMiscFunctions; ref count = 2
info:cppu.typelib:1247974:1247974:cppu/source/typelib/typelib.cxx:244: remaining type: com.sun.star.beans.Property; ref count = 4
info:cppu.typelib:1247974:1247974:cppu/source/typelib/typelib.cxx:244: remaining type: com.sun.star.uno.XInterface::release:@0,2:com.sun.star.lang.XComponent:@0,2:com.sun.star.frame.XFrame:@0,2:com.sun.star.frame.XFramesSupplier; ref count = 1
info:cppu.typelib:1247974:1247974:cppu/source/typelib/typelib.cxx:244: remaining type: cppuhelper.detail.XExceptionThrower; ref count = 1
info:cppu.typelib:1247974:1247974:cppu/source/typelib/typelib.cxx:244: remaining type: com.sun.star.lang.XComponent::removeEventListener:@0,5:com.sun.star.frame.XFrame:@0,5:com.sun.star.frame.XFramesSupplier; ref count = 1
info:cppu.typelib:1247974:1247974:cppu/source/typelib/typelib.cxx:244: remaining type: com.sun.star.uno.XInterface::acquire:@0,1:com.sun.star.beans.XPropertyAccess; ref count = 1
info:cppu.typelib:1247974:1247974:cppu/source/typelib/typelib.cxx:244: remaining type: com.sun.star.frame.XFrame::initialize:@0,6:com.sun.star.frame.XFramesSupplier; ref count = 1
info:cppu.typelib:1247974:1247974:cppu/source/typelib/typelib.cxx:244: remaining type: com.sun.star.sheet.addin.XAnalysis::getGcd; ref count = 2
info:cppu.typelib:1247974:1247974:cppu/source/typelib/typelib.cxx:244: remaining type: com.sun.star.frame.XDesktop::terminate; ref count = 1
info:cppu.typelib:1247974:1247974:cppu/source/typelib/typelib.cxx:244: remaining type: com.sun.star.uno.XInterface::release:@0,2:com.sun.star.reflection.XIdlReflection; ref count = 1
info:cppu.typelib:1247974:1247974:cppu/source/typelib/typelib.cxx:244: remaining type: com.sun.star.uno.XAdapter::queryAdapted; ref count = 1
info:cppu.typelib:1247974:1247974:cppu/source/typelib/typelib.cxx:244: remaining type: com.sun.star.util.MalformedNumberFormatException; ref count = 1
info:cppu.typelib:1247974:1247974:cppu/source/typelib/typelib.cxx:244: remaining type: com.sun.star.sheet.addin.XAnalysis::getCumipmt; ref count = 2
info:cppu.typelib:1247974:1247974:cppu/source/typelib/typelib.cxx:244: remaining type: com.sun.star.script.XLibraryContainer::loadLibrary:@0,12:com.sun.star.script.XLibraryContainer2:@1,16:com.sun.star.script.XPersistentLibraryContainer; ref count = 1
info:cppu.typelib:1247974:1247974:cppu/source/typelib/typelib.cxx:244: remaining type: com.sun.star.uno.XAdapter::removeReference; ref count = 1
info:cppu.typelib:1247974:1247974:cppu/source/typelib/typelib.cxx:244: remaining type: com.sun.star.uno.XInterface::acquire:@0,1:com.sun.star.reflection.XTypeDescription:@0,1:com.sun.star.reflection.XInterfaceTypeDescription:@0,1:com.sun.star.reflection.XInterfaceTypeDescription2; ref count = 1
info:cppu.typelib:1247974:1247974:cppu/source/typelib/typelib.cxx:244: remaining type: com.sun.star.uno.XInterface::release:@0,2:com.sun.star.reflection.XIdlMember:@0,2:com.sun.star.reflection.XIdlField; ref count = 1
info:cppu.typelib:1247974:1247974:cppu/source/typelib/typelib.cxx:244: remaining type: com.sun.star.uno.XInterface::release:@0,2:com.sun.star.util.XModifyBroadcaster:@0,2:com.sun.star.util.XModifiable; ref count = 1
info:cppu.typelib:1247974:1247974:cppu/source/typelib/typelib.cxx:244: remaining type: com.sun.star.uno.XInterface::queryInterface:@0,0:com.sun.star.util.XNumberFormatter:@0,0:com.sun.star.util.XNumberFormatter2; ref count = 1
info:cppu.typelib:1247974:1247974:cppu/source/typelib/typelib.cxx:244: remaining type: com.sun.star.lang.XMultiServiceFactory::getAvailableServiceNames; ref count = 1
info:cppu.typelib:1247974:1247974:cppu/source/typelib/typelib.cxx:244: remaining type: com.sun.star.sheet.addin.XAnalysis::getDisc; ref count = 2
info:cppu.typelib:1247974:1247974:cppu/source/typelib/typelib.cxx:244: remaining type: com.sun.star.script.XLibraryContainer::isLibraryLoaded:@0,11:com.sun.star.script.XLibraryContainer2; ref count = 1
info:cppu.typelib:1247974:1247974:cppu/source/typelib/typelib.cxx:244: remaining type: com.sun.star.uno.XInterface::acquire:@0,1:com.sun.star.lang.XComponent; ref count = 2
info:cppu.typelib:1247974:1247974:cppu/source/typelib/typelib.cxx:244: remaining type: com.sun.star.uno.XInterface::queryInterface:@0,0:com.sun.star.frame.XDesktop; ref count = 1
info:cppu.typelib:1247974:1247974:cppu/source/typelib/typelib.cxx:244: remaining type: com.sun.star.util.XNumberFormatter::convertStringToNumber; ref count = 1
info:cppu.typelib:1247974:1247974:cppu/source/typelib/typelib.cxx:244: remaining type: com.sun.star.script.XLibraryContainer::createLibrary:@0,8:com.sun.star.script.XLibraryContainer2; ref count = 1
info:cppu.typelib:1247974:1247974:cppu/source/typelib/typelib.cxx:244: remaining type: com.sun.star.sheet.addin.XAnalysis::getNetworkdays; ref count = 2
info:cppu.typelib:1247974:1247974:cppu/source/typelib/typelib.cxx:244: remaining type: com.sun.star.sheet.addin.XAnalysis::getCouppcd; ref count = 2
info:cppu.typelib:1247974:1247974:cppu/source/typelib/typelib.cxx:244: remaining type: com.sun.star.sheet.addin.XAnalysis::getBessely; ref count = 2
info:cppu.typelib:1247974:1247974:cppu/source/typelib/typelib.cxx:244: remaining type: com.sun.star.lang.XMultiComponentFactory::createInstanceWithArgumentsAndContext; ref count = 1
info:cppu.typelib:1247974:1247974:cppu/source/typelib/typelib.cxx:244: remaining type: com.sun.star.util.DateTime; ref count = 145
info:cppu.typelib:1247974:1247974:cppu/source/typelib/typelib.cxx:244: remaining type: com.sun.star.reflection.XIdlClass::getClasses; ref count = 1
info:cppu.typelib:1247974:1247974:cppu/source/typelib/typelib.cxx:244: remaining type: com.sun.star.uno.XInterface::acquire:@0,1:com.sun.star.reflection.XIdlReflection; ref count = 1
info:cppu.typelib:1247974:1247974:cppu/source/typelib/typelib.cxx:244: remaining type: com.sun.star.reflection.XIdlClass::getUik; ref count = 1
info:cppu.typelib:1247974:1247974:cppu/source/typelib/typelib.cxx:244: remaining type: com.sun.star.frame.XFramesSupplier::setActiveFrame:@2,29:com.sun.star.frame.XDesktop2; ref count = 1
info:cppu.typelib:1247974:1247974:cppu/source/typelib/typelib.cxx:244: remaining type: com.sun.star.uno.XInterface::queryInterface:@0,0:com.sun.star.container.XElementAccess:@0,0:com.sun.star.container.XNameAccess:@0,0:com.sun.star.container.XNameReplace:@0,0:com.sun.star.container.XNameContainer; ref count = 1
info:cppu.typelib:1247974:1247974:cppu/source/typelib/typelib.cxx:244: remaining type: com.sun.star.uno.XInterface::queryInterface:@0,0:com.sun.star.lang.XSingleComponentFactory; ref count = 1
info:cppu.typelib:1247974:1247974:cppu/source/typelib/typelib.cxx:244: remaining type: com.sun.star.sheet.addin.XAnalysis::getEdate; ref count = 2
info:cppu.typelib:1247974:1247974:cppu/source/typelib/typelib.cxx:244: remaining type: com.sun.star.uno.XInterface::release:@0,2:com.sun.star.sheet.addin.XPricingFunctions; ref count = 2
info:cppu.typelib:1247974:1247974:cppu/source/typelib/typelib.cxx:244: remaining type: com.sun.star.reflection.ParamInfo; ref count = 2
info:cppu.typelib:1247974:1247974:cppu/source/typelib/typelib.cxx:244: remaining type: com.sun.star.script.XLibraryContainer2::renameLibrary:@1,21:com.sun.star.script.XPersistentLibraryContainer:@0,21:com.sun.star.script.XStorageBasedLibraryContainer; ref count = 1
info:cppu.typelib:1247974:1247974:cppu/source/typelib/typelib.cxx:244: remaining type: com.sun.star.util.XModifyBroadcaster::removeModifyListener:@0,4:com.sun.star.util.XModifiable:@0,4:com.sun.star.script.XPersistentLibraryContainer:@0,4:com.sun.star.script.XStorageBasedLibraryContainer; ref count = 1
info:cppu.typelib:1247974:1247974:cppu/source/typelib/typelib.cxx:244: remaining type: com.sun.star.sheet.addin.XAnalysis::getComplex; ref count = 2
info:cppu.typelib:1247974:1247974:cppu/source/typelib/typelib.cxx:244: remaining type: com.sun.star.reflection.XTypeDescription::getName; ref count = 1
info:cppu.typelib:1247974:1247974:cppu/source/typelib/typelib.cxx:244: remaining type: com.sun.star.uno.XComponentContext; ref count = 2
info:cppu.typelib:1247974:1247974:cppu/source/typelib/typelib.cxx:244: remaining type: com.sun.star.uno.XInterface::release:@0,2:com.sun.star.beans.XPropertyAccess; ref count = 1
info:cppu.typelib:1247974:1247974:cppu/source/typelib/typelib.cxx:244: remaining type: com.sun.star.frame.XFramesSupplier::setActiveFrame; ref count = 1
info:cppu.typelib:1247974:1247974:cppu/source/typelib/typelib.cxx:244: remaining type: com.sun.star.sheet.addin.XAnalysis::getCoupnum; ref count = 2
info:cppu.typelib:1247974:1247974:cppu/source/typelib/typelib.cxx:244: remaining type: com.sun.star.beans.XPropertySet::getPropertySetInfo; ref count = 1
info:cppu.typelib:1247974:1247974:cppu/source/typelib/typelib.cxx:244: remaining type: com.sun.star.uno.XInterface::acquire:@0,1:com.sun.star.lang.XEventListener:@0,1:com.sun.star.beans.XPropertiesChangeListener; ref count = 1
info:cppu.typelib:1247974:1247974:cppu/source/typelib/typelib.cxx:244: remaining type: com.sun.star.reflection.XIdlField::getType; ref count = 1
info:cppu.typelib:1247974:1247974:cppu/source/typelib/typelib.cxx:244: remaining type: com.sun.star.frame.XFrame::setComponent:@0,17:com.sun.star.frame.XFramesSupplier:@2,21:com.sun.star.frame.XDesktop2; ref count = 1
info:cppu.typelib:1247974:1247974:cppu/source/typelib/typelib.cxx:244: remaining type: com.sun.star.util.XNumberFormatter::getNumberFormatsSupplier; ref count = 1
info:cppu.typelib:1247974:1247974:cppu/source/typelib/typelib.cxx:244: remaining type: com.sun.star.uno.XInterface::release:@0,2:com.sun.star.beans.XPropertySetInfo; ref count = 1
info:cppu.typelib:1247974:1247974:cppu/source/typelib/typelib.cxx:244: remaining type: com.sun.star.beans.XMultiPropertySet::getPropertySetInfo; ref count = 1
info:cppu.typelib:1247974:1247974:cppu/source/typelib/typelib.cxx:244: remaining type: com.sun.star.beans.UnknownPropertyException; ref count = 1
info:cppu.typelib:1247974:1247974:cppu/source/typelib/typelib.cxx:244: remaining type: com.sun.star.lang.XServiceInfo::supportsService; ref count = 2
info:cppu.typelib:1247974:1247974:cppu/source/typelib/typelib.cxx:244: remaining type: com.sun.star.uno.XInterface::acquire:@0,1:com.sun.star.lang.XMultiServiceFactory; ref count = 1
info:cppu.typelib:1247974:1247974:cppu/source/typelib/typelib.cxx:244: remaining type: com.sun.star.util.XModifyBroadcaster::removeModifyListener:@0,4:com.sun.star.util.XModifiable:@0,4:com.sun.star.script.XPersistentLibraryContainer; ref count = 1
info:cppu.typelib:1247974:1247974:cppu/source/typelib/typelib.cxx:244: remaining type: com.sun.star.frame.XFrame::initialize:@0,6:com.sun.star.frame.XFramesSupplier:@2,10:com.sun.star.frame.XDesktop2; ref count = 1
info:cppu.typelib:1247974:1247974:cppu/source/typelib/typelib.cxx:244: remaining type: com.sun.star.frame.XFrame::contextChanged:@0,20:com.sun.star.frame.XFramesSupplier; ref count = 1
info:cppu.typelib:1247974:1247974:cppu/source/typelib/typelib.cxx:244: remaining type: com.sun.star.frame.XFrame::activate; ref count = 1
info:cppu.typelib:1247974:1247974:cppu/source/typelib/typelib.cxx:244: remaining type: com.sun.star.sheet.addin.XAnalysis::getNominal; ref count = 2
info:cppu.typelib:1247974:1247974:cppu/source/typelib/typelib.cxx:244: remaining type: com.sun.star.frame.XComponentLoader; ref count = 1
info:cppu.typelib:1247974:1247974:cppu/source/typelib/typelib.cxx:244: remaining type: com.sun.star.uno.XInterface::queryInterface:@0,0:com.sun.star.reflection.XIdlClass; ref count = 1
info:cppu.typelib:1247974:1247974:cppu/source/typelib/typelib.cxx:244: remaining type: com.sun.star.container.XEnumerationAccess; ref count = 8
info:cppu.typelib:1247974:1247974:cppu/source/typelib/typelib.cxx:244: remaining type: com.sun.star.uno.XAdapter; ref count = 2
info:cppu.typelib:1247974:1247974:cppu/source/typelib/typelib.cxx:244: remaining type: com.sun.star.frame.XFrame::getCreator:@0,9:com.sun.star.frame.XFramesSupplier:@2,13:com.sun.star.frame.XDesktop2; ref count = 1
info:cppu.typelib:1247974:1247974:cppu/source/typelib/typelib.cxx:244: remaining type: com.sun.star.reflection.XTypeDescription::getTypeClass:@0,3:com.sun.star.reflection.XInterfaceTypeDescription:@0,3:com.sun.star.reflection.XInterfaceTypeDescription2; ref count = 1
info:cppu.typelib:1247974:1247974:cppu/source/typelib/typelib.cxx:244: remaining type: com.sun.star.reflection.XPublished; ref count = 1
info:cppu.typelib:1247974:1247974:cppu/source/typelib/typelib.cxx:244: remaining type: com.sun.star.uno.XInterface::release:@0,2:com.sun.star.uno.XAggregation; ref count = 1
info:cppu.typelib:1247974:1247974:cppu/source/typelib/typelib.cxx:244: remaining type: com.sun.star.uno.XInterface::queryInterface:@0,0:com.sun.star.reflection.XIdlMember; ref count = 1
info:cppu.typelib:1247974:1247974:cppu/source/typelib/typelib.cxx:244: remaining type: com.sun.star.sheet.addin.XAnalysis::getYearfrac; ref count = 2
info:cppu.typelib:1247974:1247974:cppu/source/typelib/typelib.cxx:244: remaining type: com.sun.star.container.NoSuchElementException; ref count = 1
info:cppu.typelib:1247974:1247974:cppu/source/typelib/typelib.cxx:244: remaining type: com.sun.star.script.XStorageBasedLibraryContainer::storeLibrariesToStorage; ref count = 1
info:cppu.typelib:1247974:1247974:cppu/source/typelib/typelib.cxx:244: remaining type: com.sun.star.reflection.XIdlMethod::invoke; ref count = 1
info:cppu.typelib:1247974:1247974:cppu/source/typelib/typelib.cxx:244: remaining type: com.sun.star.uno.XInterface::acquire:@0,1:com.sun.star.uno.XUnloadingPreference; ref count = 1
info:cppu.typelib:1247974:1247974:cppu/source/typelib/typelib.cxx:244: remaining type: com.sun.star.frame.XFrame::getController:@0,19:com.sun.star.frame.XFramesSupplier; ref count = 1
info:cppu.typelib:1247974:1247974:cppu/source/typelib/typelib.cxx:244: remaining type: []long; ref count = 3
info:cppu.typelib:1247974:1247974:cppu/source/typelib/typelib.cxx:244: remaining type: com.sun.star.uno.XInterface::queryInterface:@0,0:com.sun.star.uno.XUnloadingPreference; ref count = 1
info:cppu.typelib:1247974:1247974:cppu/source/typelib/typelib.cxx:244: remaining type: com.sun.star.uno.XInterface::release:@0,2:com.sun.star.uno.XUnloadingPreference; ref count = 1
info:cppu.typelib:1247974:1247974:cppu/source/typelib/typelib.cxx:244: remaining type: com.sun.star.uno.XUnloadingPreference; ref count = 1
info:cppu.typelib:1247974:1247974:cppu/source/typelib/typelib.cxx:244: remaining type: com.sun.star.sheet.addin.XAnalysis::getBesselk; ref count = 2
info:cppu.typelib:1247974:1247974:cppu/source/typelib/typelib.cxx:244: remaining type: com.sun.star.script.XLibraryContainer; ref count = 1
info:cppu.typelib:1247974:1247974:cppu/source/typelib/typelib.cxx:244: remaining type: com.sun.star.lang.XMultiComponentFactory; ref count = 1
info:cppu.typelib:1247974:1247974:cppu/source/typelib/typelib.cxx:244: remaining type: com.sun.star.uno.XInterface::queryInterface:@0,0:com.sun.star.lang.XComponent; ref count = 2
info:cppu.typelib:1247974:1247974:cppu/source/typelib/typelib.cxx:244: remaining type: com.sun.star.frame.XFrame::addFrameActionListener; ref count = 1
info:cppu.typelib:1247974:1247974:cppu/source/typelib/typelib.cxx:244: remaining type: com.sun.star.reflection.XIdlReflection::forName; ref count = 1
info:cppu.typelib:1247974:1247974:cppu/source/typelib/typelib.cxx:244: remaining type: com.sun.star.reflection.XIdlMember::getDeclaringClass:@0,3:com.sun.star.reflection.XIdlMethod; ref count = 1
info:cppu.typelib:1247974:1247974:cppu/source/typelib/typelib.cxx:244: remaining type: com.sun.star.uno.XInterface::release:@0,2:com.sun.star.container.XElementAccess:@0,2:com.sun.star.container.XNameAccess:@0,2:com.sun.star.script.XLibraryContainer; ref count = 1
info:cppu.typelib:1247974:1247974:cppu/source/typelib/typelib.cxx:244: remaining type: com.sun.star.uno.XInterface::release:@0,2:com.sun.star.util.XNumberFormatter; ref count = 1
info:cppu.typelib:1247974:1247974:cppu/source/typelib/typelib.cxx:244: remaining type: [][]string; ref count = 3
info:cppu.typelib:1247974:1247974:cppu/source/typelib/typelib.cxx:244: remaining type: com.sun.star.uno.XInterface::acquire:@0,1:com.sun.star.lang.XEventListener:@0,1:com.sun.star.util.XModifyListener; ref count = 1
info:cppu.typelib:1247974:1247974:cppu/source/typelib/typelib.cxx:244: remaining type: com.sun.star.sheet.XAddIn::getProgrammaticCategoryName; ref count = 2
info:cppu.typelib:1247974:1247974:cppu/source/typelib/typelib.cxx:244: remaining type: com.sun.star.frame.XFrame::isActive; ref count = 1
info:cppu.typelib:1247974:1247974:cppu/source/typelib/typelib.cxx:244: remaining type: com.sun.star.uno.XInterface::queryInterface:@0,0:com.sun.star.util.XModifyBroadcaster:@0,0:com.sun.star.util.XModifiable; ref count = 1
info:cppu.typelib:1247974:1247974:cppu/source/typelib/typelib.cxx:244: remaining type: com.sun.star.sheet.addin.XDateFunctions::getIsLeapYear; ref count = 2
info:cppu.typelib:1247974:1247974:cppu/source/typelib/typelib.cxx:244: remaining type: com.sun.star.util.XModifyListener::modified; ref count = 1
info:cppu.typelib:1247974:1247974:cppu/source/typelib/typelib.cxx:244: remaining type: com.sun.star.lang.XInitialization; ref count = 27
info:cppu.typelib:1247974:1247974:cppu/source/typelib/typelib.cxx:244: remaining type: com.sun.star.sheet.XAddIn::getArgumentDescription; ref count = 2
info:cppu.typelib:1247974:1247974:cppu/source/typelib/typelib.cxx:244: remaining type: com.sun.star.util.XNumberFormatPreviewer; ref count = 2
info:cppu.typelib:1247974:1247974:cppu/source/typelib/typelib.cxx:244: remaining type: com.sun.star.sheet.XAddIn; ref count = 165
info:cppu.typelib:1247974:1247974:cppu/source/typelib/typelib.cxx:244: remaining type: com.sun.star.uno.XInterface::queryInterface:@0,0:com.sun.star.sheet.addin.XPricingFunctions; ref count = 2
info:cppu.typelib:1247974:1247974:cppu/source/typelib/typelib.cxx:244: remaining type: com.sun.star.lang.XComponent::removeEventListener:@0,5:com.sun.star.frame.XFrame:@0,5:com.sun.star.frame.XFramesSupplier:@2,9:com.sun.star.frame.XDesktop2; ref count = 1
info:cppu.typelib:1247974:1247974:cppu/source/typelib/typelib.cxx:244: remaining type: com.sun.star.sheet.XAddIn::getDisplayCategoryName; ref count = 2
info:cppu.typelib:1247974:1247974:cppu/source/typelib/typelib.cxx:244: remaining type: com.sun.star.sheet.addin.XAnalysis::getYieldmat; ref count = 2
info:cppu.typelib:1247974:1247974:cppu/source/typelib/typelib.cxx:244: remaining type: com.sun.star.lang.XLocalizable; ref count = 10
info:cppu.typelib:1247974:1247974:cppu/source/typelib/typelib.cxx:244: remaining type: com.sun.star.uno.XInterface::queryInterface:@0,0:com.sun.star.container.XElementAccess:@0,0:com.sun.star.container.XNameAccess:@0,0:com.sun.star.script.XLibraryContainer:@0,0:com.sun.star.script.XLibraryContainer2; ref count = 1
info:cppu.typelib:1247974:1247974:cppu/source/typelib/typelib.cxx:244: remaining type: com.sun.star.uno.XInterface::acquire:@0,1:com.sun.star.sheet.addin.XAnalysis; ref count = 2
info:cppu.typelib:1247974:1247974:cppu/source/typelib/typelib.cxx:244: remaining type: com.sun.star.sheet.addin.XAnalysis::getOddfprice; ref count = 2
info:cppu.typelib:1247974:1247974:cppu/source/typelib/typelib.cxx:244: remaining type: com.sun.star.sheet.addin.XAnalysis::getSeriessum; ref count = 2
info:cppu.typelib:1247974:1247974:cppu/source/typelib/typelib.cxx:244: remaining type: com.sun.star.uno.XInterface::queryInterface:@0,0:com.sun.star.container.XHierarchicalNameAccess; ref count = 1
info:cppu.typelib:1247974:1247974:cppu/source/typelib/typelib.cxx:244: remaining type: com.sun.star.frame.XFrame::getContainerWindow:@0,7:com.sun.star.frame.XFramesSupplier; ref count = 1
info:cppu.typelib:1247974:1247974:cppu/source/typelib/typelib.cxx:244: remaining type: com.sun.star.script.XPersistentLibraryContainer::ContainerLocationName; ref count = 1
info:cppu.typelib:1247974:1247974:cppu/source/typelib/typelib.cxx:244: remaining type: com.sun.star.uno.XInterface::queryInterface:@0,0:com.sun.star.util.XModifyBroadcaster:@0,0:com.sun.star.util.XModifiable:@0,0:com.sun.star.script.XPersistentLibraryContainer:@0,0:com.sun.star.script.XStorageBasedLibraryContainer; ref count = 1
info:cppu.typelib:1247974:1247974:cppu/source/typelib/typelib.cxx:244: remaining type: com.sun.star.uno.XInterface::queryInterface:@0,0:com.sun.star.io.XInputStream; ref count = 1
info:cppu.typelib:1247974:1247974:cppu/source/typelib/typelib.cxx:244: remaining type: com.sun.star.beans.XPropertyAccess::setPropertyValues; ref count = 1
info:cppu.typelib:1247974:1247974:cppu/source/typelib/typelib.cxx:244: remaining type: com.sun.star.beans.XPropertyAccess; ref count = 2
info:cppu.typelib:1247974:1247974:cppu/source/typelib/typelib.cxx:244: remaining type: com.sun.star.util.XNumberFormatter::detectNumberFormat; ref count = 1
info:cppu.typelib:1247974:1247974:cppu/source/typelib/typelib.cxx:244: remaining type: com.sun.star.util.XModifiable::setModified; ref count = 1
info:cppu.typelib:1247974:1247974:cppu/source/typelib/typelib.cxx:244: remaining type: com.sun.star.uno.XInterface::release:@0,2:com.sun.star.reflection.XTypeDescriptionEnumerationAccess; ref count = 1
info:cppu.typelib:1247974:1247974:cppu/source/typelib/typelib.cxx:244: remaining type: com.sun.star.util.XModifiable::isModified; ref count = 1
info:cppu.typelib:1247974:1247974:cppu/source/typelib/typelib.cxx:244: remaining type: com.sun.star.sheet.XCompatibilityNames::getCompatibilityNames; ref count = 2
info:cppu.typelib:1247974:1247974:cppu/source/typelib/typelib.cxx:244: remaining type: com.sun.star.sheet.addin.XDateFunctions::getDaysInYear; ref count = 2
info:cppu.typelib:1247974:1247974:cppu/source/typelib/typelib.cxx:244: remaining type: com.sun.star.frame.XFrame::getController:@0,19:com.sun.star.frame.XFramesSupplier:@2,23:com.sun.star.frame.XDesktop2; ref count = 1
info:cppu.typelib:1247974:1247974:cppu/source/typelib/typelib.cxx:244: remaining type: com.sun.star.util.XNumberFormatter::convertNumberToString:@0,7:com.sun.star.util.XNumberFormatter2; ref count = 1
info:cppu.typelib:1247974:1247974:cppu/source/typelib/typelib.cxx:244: remaining type: com.sun.star.beans.XPropertySetInfo::getProperties; ref count = 1
info:cppu.typelib:1247974:1247974:cppu/source/typelib/typelib.cxx:244: remaining type: com.sun.star.beans.PropertyState; ref count = 12
info:cppu.typelib:1247974:1247974:cppu/source/typelib/typelib.cxx:244: remaining type: com.sun.star.uno.XInterface::acquire:@0,1:com.sun.star.uno.XAdapter; ref count = 1
info:cppu.typelib:1247974:1247974:cppu/source/typelib/typelib.cxx:244: remaining type: com.sun.star.uno.XAdapter::addReference; ref count = 1
info:cppu.typelib:1247974:1247974:cppu/source/typelib/typelib.cxx:244: remaining type: com.sun.star.sheet.addin.XDateFunctions::getDiffMonths; ref count = 2
info:cppu.typelib:1247974:1247974:cppu/source/typelib/typelib.cxx:244: remaining type: com.sun.star.script.XLibraryContainer::createLibraryLink:@0,9:com.sun.star.script.XLibraryContainer2:@1,13:com.sun.star.script.XPersistentLibraryContainer; ref count = 1
info:cppu.typelib:1247974:1247974:cppu/source/typelib/typelib.cxx:244: remaining type: com.sun.star.sheet.addin.XAnalysis::getQuotient; ref count = 2
info:cppu.typelib:1247974:1247974:cppu/source/typelib/typelib.cxx:244: remaining type: com.sun.star.reflection.XIdlClass::getMethods; ref count = 1
info:cppu.typelib:1247974:1247974:cppu/source/typelib/typelib.cxx:244: remaining type: com.sun.star.sheet.addin.XAnalysis::getLcm; ref count = 2
info:cppu.typelib:1247974:1247974:cppu/source/typelib/typelib.cxx:244: remaining type: com.sun.star.container.XNameAccess::hasByName:@0,7:com.sun.star.script.XLibraryContainer:@0,7:com.sun.star.script.XLibraryContainer2; ref count = 1
info:cppu.typelib:1247974:1247974:cppu/source/typelib/typelib.cxx:244: remaining type: com.sun.star.util.XNumberFormatter::attachNumberFormatsSupplier; ref count = 1
info:cppu.typelib:1247974:1247974:cppu/source/typelib/typelib.cxx:244: remaining type: com.sun.star.sheet.addin.XAnalysis::getMduration; ref count = 2
info:cppu.typelib:1247974:1247974:cppu/source/typelib/typelib.cxx:244: remaining type: com.sun.star.util.XNumberFormatter::convertNumberToString; ref count = 1
info:cppu.typelib:1247974:1247974:cppu/source/typelib/typelib.cxx:244: remaining type: com.sun.star.util.XNumberFormatter::queryColorForNumber; ref count = 1
info:cppu.typelib:1247974:1247974:cppu/source/typelib/typelib.cxx:244: remaining type: com.sun.star.util.XNumberFormatter::formatString; ref count = 1
info:cppu.typelib:1247974:1247974:cppu/source/typelib/typelib.cxx:244: remaining type: com.sun.star.util.XNumberFormatter::queryColorForString; ref count = 1
info:cppu.typelib:1247974:1247974:cppu/source/typelib/typelib.cxx:244: remaining type: com.sun.star.util.XNumberFormatter::getInputString; ref count = 1
info:cppu.typelib:1247974:1247974:cppu/source/typelib/typelib.cxx:244: remaining type: com.sun.star.util.XNumberFormatter::detectNumberFormat:@0,5:com.sun.star.util.XNumberFormatter2; ref count = 1
info:cppu.typelib:1247974:1247974:cppu/source/typelib/typelib.cxx:244: remaining type: com.sun.star.lang.XComponent::addEventListener:@0,4:com.sun.star.frame.XFrame; ref count = 1
info:cppu.typelib:1247974:1247974:cppu/source/typelib/typelib.cxx:244: remaining type: com.sun.star.uno.XInterface::acquire:@0,1:com.sun.star.util.XNumberFormatter; ref count = 1
info:cppu.typelib:1247974:1247974:cppu/source/typelib/typelib.cxx:244: remaining type: com.sun.star.util.XNumberFormatter; ref count = 2
info:cppu.typelib:1247974:1247974:cppu/source/typelib/typelib.cxx:244: remaining type: com.sun.star.uno.XInterface::queryInterface:@0,0:com.sun.star.reflection.XIdlReflection; ref count = 1
info:cppu.typelib:1247974:1247974:cppu/source/typelib/typelib.cxx:244: remaining type: com.sun.star.util.NotNumericException; ref count = 1
info:cppu.typelib:1247974:1247974:cppu/source/typelib/typelib.cxx:244: remaining type: com.sun.star.util.XNumberFormatPreviewer::convertNumberToPreviewString; ref count = 1
info:cppu.typelib:1247974:1247974:cppu/source/typelib/typelib.cxx:244: remaining type: com.sun.star.lang.XSingleComponentFactory::createInstanceWithContext; ref count = 1
info:cppu.typelib:1247974:1247974:cppu/source/typelib/typelib.cxx:244: remaining type: com.sun.star.util.XNumberFormatPreviewer::queryPreviewColorForNumber; ref count = 1
info:cppu.typelib:1247974:1247974:cppu/source/typelib/typelib.cxx:244: remaining type: com.sun.star.uno.XInterface::release:@0,2:com.sun.star.util.XNumberFormatPreviewer; ref count = 1
info:cppu.typelib:1247974:1247974:cppu/source/typelib/typelib.cxx:244: remaining type: com.sun.star.sheet.NoConvergenceException; ref count = 5
info:cppu.typelib:1247974:1247974:cppu/source/typelib/typelib.cxx:244: remaining type: com.sun.star.reflection.XIndirectTypeDescription::getReferencedType; ref count = 1
info:cppu.typelib:1247974:1247974:cppu/source/typelib/typelib.cxx:244: remaining type: com.sun.star.uno.XInterface::release:@0,2:com.sun.star.util.XNumberFormatter:@0,2:com.sun.star.util.XNumberFormatter2; ref count = 1
info:cppu.typelib:1247974:1247974:cppu/source/typelib/typelib.cxx:244: remaining type: com.sun.star.util.XNumberFormatter::attachNumberFormatsSupplier:@0,3:com.sun.star.util.XNumberFormatter2; ref count = 1
info:cppu.typelib:1247974:1247974:cppu/source/typelib/typelib.cxx:244: remaining type: com.sun.star.util.XNumberFormatter::convertStringToNumber:@0,6:com.sun.star.util.XNumberFormatter2; ref count = 1
info:cppu.typelib:1247974:1247974:cppu/source/typelib/typelib.cxx:244: remaining type: com.sun.star.util.XNumberFormatter::queryColorForNumber:@0,8:com.sun.star.util.XNumberFormatter2; ref count = 1
info:cppu.typelib:1247974:1247974:cppu/source/typelib/typelib.cxx:244: remaining type: com.sun.star.util.XNumberFormatter::formatString:@0,9:com.sun.star.util.XNumberFormatter2; ref count = 1
info:cppu.typelib:1247974:1247974:cppu/source/typelib/typelib.cxx:244: remaining type: com.sun.star.util.XNumberFormatter::queryColorForString:@0,10:com.sun.star.util.XNumberFormatter2; ref count = 1
info:cppu.typelib:1247974:1247974:cppu/source/typelib/typelib.cxx:244: remaining type: com.sun.star.util.XNumberFormatPreviewer::convertNumberToPreviewString:@1,12:com.sun.star.util.XNumberFormatter2; ref count = 1
info:cppu.typelib:1247974:1247974:cppu/source/typelib/typelib.cxx:244: remaining type: com.sun.star.util.XNumberFormatPreviewer::queryPreviewColorForNumber:@1,13:com.sun.star.util.XNumberFormatter2; ref count = 1
info:cppu.typelib:1247974:1247974:cppu/source/typelib/typelib.cxx:244: remaining type: com.sun.star.lang.XServiceName::getServiceName; ref count = 2
info:cppu.typelib:1247974:1247974:cppu/source/typelib/typelib.cxx:244: remaining type: com.sun.star.uno.XInterface::acquire:@0,1:com.sun.star.lang.XServiceName; ref count = 2
info:cppu.typelib:1247974:1247974:cppu/source/typelib/typelib.cxx:244: remaining type: string; ref count = 1559
info:cppu.typelib:1247974:1247974:cppu/source/typelib/typelib.cxx:244: remaining type: com.sun.star.reflection.XIdlReflection; ref count = 2
info:cppu.typelib:1247974:1247974:cppu/source/typelib/typelib.cxx:244: remaining type: com.sun.star.sheet.addin.XAnalysis::getWeeknum; ref count = 2
info:cppu.typelib:1247974:1247974:cppu/source/typelib/typelib.cxx:244: remaining type: com.sun.star.sheet.addin.XAnalysis::getIsodd; ref count = 2
info:cppu.typelib:1247974:1247974:cppu/source/typelib/typelib.cxx:244: remaining type: com.sun.star.sheet.addin.XAnalysis::getMround; ref count = 2
info:cppu.typelib:1247974:1247974:cppu/source/typelib/typelib.cxx:244: remaining type: com.sun.star.sheet.addin.XAnalysis::getSqrtpi; ref count = 2
info:cppu.typelib:1247974:1247974:cppu/source/typelib/typelib.cxx:244: remaining type: com.sun.star.sheet.addin.XAnalysis::getRandbetween; ref count = 2
info:cppu.typelib:1247974:1247974:cppu/source/typelib/typelib.cxx:244: remaining type: com.sun.star.lang.XComponent::dispose:@0,3:com.sun.star.frame.XFrame:@0,3:com.sun.star.frame.XFramesSupplier; ref count = 1
info:cppu.typelib:1247974:1247974:cppu/source/typelib/typelib.cxx:244: remaining type: com.sun.star.sheet.addin.XAnalysis::getBin2Hex; ref count = 2
info:cppu.typelib:1247974:1247974:cppu/source/typelib/typelib.cxx:244: remaining type: com.sun.star.sheet.addin.XAnalysis::getOct2Bin; ref count = 2
info:cppu.typelib:1247974:1247974:cppu/source/typelib/typelib.cxx:244: remaining type: com.sun.star.sheet.addin.XAnalysis::getOct2Dec; ref count = 2
info:cppu.typelib:1247974:1247974:cppu/source/typelib/typelib.cxx:244: remaining type: com.sun.star.sheet.addin.XAnalysis::getDec2Oct; ref count = 2
info:cppu.typelib:1247974:1247974:cppu/source/typelib/typelib.cxx:244: remaining type: com.sun.star.sheet.addin.XAnalysis::getDec2Hex; ref count = 2
info:cppu.typelib:1247974:1247974:cppu/source/typelib/typelib.cxx:244: remaining type: com.sun.star.sheet.addin.XAnalysis::getHex2Oct; ref count = 2
info:cppu.typelib:1247974:1247974:cppu/source/typelib/typelib.cxx:244: remaining type: com.sun.star.sheet.addin.XAnalysis::getDelta; ref count = 2
info:cppu.typelib:1247974:1247974:cppu/source/typelib/typelib.cxx:244: remaining type: com.sun.star.sheet.addin.XAnalysis::getGestep; ref count = 2
info:cppu.typelib:1247974:1247974:cppu/source/typelib/typelib.cxx:244: remaining type: com.sun.star.uno.XInterface::release:@0,2:com.sun.star.sheet.addin.XDateFunctions; ref count = 2
info:cppu.typelib:1247974:1247974:cppu/source/typelib/typelib.cxx:244: remaining type: com.sun.star.sheet.addin.XAnalysis::getFactdouble; ref count = 2
info:cppu.typelib:1247974:1247974:cppu/source/typelib/typelib.cxx:244: remaining type: com.sun.star.sheet.addin.XAnalysis::getImabs; ref count = 2
info:cppu.typelib:1247974:1247974:cppu/source/typelib/typelib.cxx:244: remaining type: com.sun.star.sheet.addin.XAnalysis::getImpower; ref count = 2
info:cppu.typelib:1247974:1247974:cppu/source/typelib/typelib.cxx:244: remaining type: com.sun.star.sheet.addin.XAnalysis::getImargument; ref count = 2
info:cppu.typelib:1247974:1247974:cppu/source/typelib/typelib.cxx:244: remaining type: com.sun.star.sheet.addin.XAnalysis::getImcos; ref count = 2
info:cppu.typelib:1247974:1247974:cppu/source/typelib/typelib.cxx:244: remaining type: com.sun.star.sheet.addin.XAnalysis::getImdiv; ref count = 2
info:cppu.typelib:1247974:1247974:cppu/source/typelib/typelib.cxx:244: remaining type: com.sun.star.sheet.addin.XAnalysis::getTbillprice; ref count = 2
info:cppu.typelib:1247974:1247974:cppu/source/typelib/typelib.cxx:244: remaining type: com.sun.star.sheet.addin.XAnalysis::getImconjugate; ref count = 2
info:cppu.typelib:1247974:1247974:cppu/source/typelib/typelib.cxx:244: remaining type: com.sun.star.frame.XFrame::deactivate:@0,15:com.sun.star.frame.XFramesSupplier; ref count = 1
info:cppu.typelib:1247974:1247974:cppu/source/typelib/typelib.cxx:244: remaining type: com.sun.star.sheet.addin.XAnalysis::getImln; ref count = 2
info:cppu.typelib:1247974:1247974:cppu/source/typelib/typelib.cxx:244: remaining type: com.sun.star.sheet.addin.XAnalysis::getImsin; ref count = 2
info:cppu.typelib:1247974:1247974:cppu/source/typelib/typelib.cxx:244: remaining type: com.sun.star.sheet.addin.XAnalysis::getImcot; ref count = 2
info:cppu.typelib:1247974:1247974:cppu/source/typelib/typelib.cxx:244: remaining type: com.sun.star.sheet.addin.XAnalysis::getImsinh; ref count = 2
info:cppu.typelib:1247974:1247974:cppu/source/typelib/typelib.cxx:244: remaining type: com.sun.star.sheet.addin.XAnalysis::getImcosh; ref count = 2
info:cppu.typelib:1247974:1247974:cppu/source/typelib/typelib.cxx:244: remaining type: com.sun.star.sheet.addin.XAnalysis::getConvert; ref count = 2
info:cppu.typelib:1247974:1247974:cppu/source/typelib/typelib.cxx:244: remaining type: com.sun.star.sheet.addin.XAnalysis::getXnpv; ref count = 2
info:cppu.typelib:1247974:1247974:cppu/source/typelib/typelib.cxx:244: remaining type: com.sun.star.sheet.addin.XAnalysis::getAmordegrc; ref count = 2
info:cppu.typelib:1247974:1247974:cppu/source/typelib/typelib.cxx:244: remaining type: com.sun.star.sheet.addin.XAnalysis::getAccrint; ref count = 2
info:cppu.typelib:1247974:1247974:cppu/source/typelib/typelib.cxx:244: remaining type: com.sun.star.sheet.addin.XAnalysis::getReceived; ref count = 2
info:cppu.typelib:1247974:1247974:cppu/source/typelib/typelib.cxx:244: remaining type: com.sun.star.sheet.addin.XAnalysis::getDuration; ref count = 2
info:cppu.typelib:1247974:1247974:cppu/source/typelib/typelib.cxx:244: remaining type: com.sun.star.sheet.addin.XAnalysis::getPrice; ref count = 2
info:cppu.typelib:1247974:1247974:cppu/source/typelib/typelib.cxx:244: remaining type: com.sun.star.sheet.addin.XAnalysis::getPricedisc; ref count = 2
info:cppu.typelib:1247974:1247974:cppu/source/typelib/typelib.cxx:244: remaining type: com.sun.star.sheet.addin.XAnalysis::getDollarfr; ref count = 2
info:cppu.typelib:1247974:1247974:cppu/source/typelib/typelib.cxx:244: remaining type: com.sun.star.container.XNameContainer::removeByName; ref count = 1
info:cppu.typelib:1247974:1247974:cppu/source/typelib/typelib.cxx:244: remaining type: com.sun.star.sheet.addin.XAnalysis::getDollarde; ref count = 2
info:cppu.typelib:1247974:1247974:cppu/source/typelib/typelib.cxx:244: remaining type: com.sun.star.sheet.addin.XAnalysis::getYield; ref count = 2
info:cppu.typelib:1247974:1247974:cppu/source/typelib/typelib.cxx:244: remaining type: com.sun.star.sheet.addin.XAnalysis::getTbilleq; ref count = 2
info:cppu.typelib:1247974:1247974:cppu/source/typelib/typelib.cxx:244: remaining type: com.sun.star.sheet.addin.XAnalysis::getOddfyield; ref count = 2
info:cppu.typelib:1247974:1247974:cppu/source/typelib/typelib.cxx:244: remaining type: com.sun.star.sheet.addin.XAnalysis::getOddlyield; ref count = 2
info:cppu.typelib:1247974:1247974:cppu/source/typelib/typelib.cxx:244: remaining type: com.sun.star.sheet.addin.XAnalysis::getCoupdaysnc; ref count = 2
info:cppu.typelib:1247974:1247974:cppu/source/typelib/typelib.cxx:244: remaining type: com.sun.star.sheet.addin.XAnalysis::getFvschedule; ref count = 2
info:cppu.typelib:1247974:1247974:cppu/source/typelib/typelib.cxx:244: remaining type: [][]double; ref count = 7
info:cppu.typelib:1247974:1247974:cppu/source/typelib/typelib.cxx:244: remaining type: com.sun.star.uno.XInterface::queryInterface:@0,0:com.sun.star.sheet.XCompatibilityNames; ref count = 2
info:cppu.typelib:1247974:1247974:cppu/source/typelib/typelib.cxx:244: remaining type: com.sun.star.uno.XInterface::acquire:@0,1:com.sun.star.sheet.XCompatibilityNames; ref count = 2
info:cppu.typelib:1247974:1247974:cppu/source/typelib/typelib.cxx:244: remaining type: com.sun.star.uno.XInterface::release:@0,2:com.sun.star.sheet.XCompatibilityNames; ref count = 2
info:cppu.typelib:1247974:1247974:cppu/source/typelib/typelib.cxx:244: remaining type: []com.sun.star.sheet.LocalizedName; ref count = 2
info:cppu.typelib:1247974:1247974:cppu/source/typelib/typelib.cxx:244: remaining type: com.sun.star.sheet.XAddIn::getProgrammaticFuntionName; ref count = 2
info:cppu.typelib:1247974:1247974:cppu/source/typelib/typelib.cxx:244: remaining type: com.sun.star.sheet.XAddIn::getDisplayFunctionName; ref count = 2
info:cppu.typelib:1247974:1247974:cppu/source/typelib/typelib.cxx:244: remaining type: com.sun.star.sheet.XAddIn::getFunctionDescription; ref count = 2
info:cppu.typelib:1247974:1247974:cppu/source/typelib/typelib.cxx:244: remaining type: com.sun.star.uno.XInterface::release:@0,2:com.sun.star.lang.XLocalizable:@0,2:com.sun.star.sheet.XAddIn; ref count = 2
info:cppu.typelib:1247974:1247974:cppu/source/typelib/typelib.cxx:244: remaining type: com.sun.star.lang.XLocalizable::setLocale:@0,3:com.sun.star.sheet.XAddIn; ref count = 2
info:cppu.typelib:1247974:1247974:cppu/source/typelib/typelib.cxx:244: remaining type: com.sun.star.lang.XLocalizable::getLocale:@0,4:com.sun.star.sheet.XAddIn; ref count = 2
info:cppu.typelib:1247974:1247974:cppu/source/typelib/typelib.cxx:244: remaining type: com.sun.star.uno.XInterface::queryInterface:@0,0:com.sun.star.container.XElementAccess:@0,0:com.sun.star.container.XNameAccess; ref count = 1
info:cppu.typelib:1247974:1247974:cppu/source/typelib/typelib.cxx:244: remaining type: com.sun.star.reflection.XIdlReflection::getType; ref count = 1
info:cppu.typelib:1247974:1247974:cppu/source/typelib/typelib.cxx:244: remaining type: com.sun.star.sheet.addin.XAnalysis::getImaginary; ref count = 2
info:cppu.typelib:1247974:1247974:cppu/source/typelib/typelib.cxx:244: remaining type: com.sun.star.reflection.XIdlClass::getClass; ref count = 1
info:cppu.typelib:1247974:1247974:cppu/source/typelib/typelib.cxx:244: remaining type: com.sun.star.reflection.XIdlClass::equals; ref count = 1
info:cppu.typelib:1247974:1247974:cppu/source/typelib/typelib.cxx:244: remaining type: com.sun.star.reflection.XIdlClass::isAssignableFrom; ref count = 1
info:cppu.typelib:1247974:1247974:cppu/source/typelib/typelib.cxx:244: remaining type: com.sun.star.sheet.addin.XPricingFunctions::getOptBarrier; ref count = 2
info:cppu.typelib:1247974:1247974:cppu/source/typelib/typelib.cxx:244: remaining type: com.sun.star.reflection.XIdlClass::getSuperclasses; ref count = 1
info:cppu.typelib:1247974:1247974:cppu/source/typelib/typelib.cxx:244: remaining type: com.sun.star.reflection.XIdlClass::getComponentType; ref count = 1
info:cppu.typelib:1247974:1247974:cppu/source/typelib/typelib.cxx:244: remaining type: com.sun.star.uno.XInterface::release:@0,2:com.sun.star.uno.XAdapter; ref count = 1
info:cppu.typelib:1247974:1247974:cppu/source/typelib/typelib.cxx:244: remaining type: com.sun.star.reflection.XIdlClass::getField; ref count = 1
info:cppu.typelib:1247974:1247974:cppu/source/typelib/typelib.cxx:244: remaining type: com.sun.star.sheet.addin.XAnalysis; ref count = 207
info:cppu.typelib:1247974:1247974:cppu/source/typelib/typelib.cxx:244: remaining type: com.sun.star.reflection.XIdlClass::getFields; ref count = 1
info:cppu.typelib:1247974:1247974:cppu/source/typelib/typelib.cxx:244: remaining type: com.sun.star.reflection.XIdlClass::createObject; ref count = 1
info:cppu.typelib:1247974:1247974:cppu/source/typelib/typelib.cxx:244: remaining type: com.sun.star.uno.XInterface::release:@0,2:com.sun.star.reflection.XIdlClass; ref count = 1
info:cppu.typelib:1247974:1247974:cppu/source/typelib/typelib.cxx:244: remaining type: []com.sun.star.reflection.XIdlMethod; ref count = 1
info:cppu.typelib:1247974:1247974:cppu/source/typelib/typelib.cxx:244: remaining type: com.sun.star.reflection.XIdlMember; ref count = 2
info:cppu.typelib:1247974:1247974:cppu/source/typelib/typelib.cxx:244: remaining type: com.sun.star.reflection.XIdlField::get; ref count = 1
info:cppu.typelib:1247974:1247974:cppu/source/typelib/typelib.cxx:244: remaining type: com.sun.star.sheet.addin.XAnalysis::getImcsc; ref count = 2
info:cppu.typelib:1247974:1247974:cppu/source/typelib/typelib.cxx:244: remaining type: com.sun.star.reflection.XIdlField::set; ref count = 1
info:cppu.typelib:1247974:1247974:cppu/source/typelib/typelib.cxx:244: remaining type: com.sun.star.reflection.XIdlMember::getName; ref count = 1
info:cppu.typelib:1247974:1247974:cppu/source/typelib/typelib.cxx:244: remaining type: com.sun.star.reflection.XIdlMember::getDeclaringClass; ref count = 1
info:cppu.typelib:1247974:1247974:cppu/source/typelib/typelib.cxx:244: remaining type: com.sun.star.uno.XInterface::acquire:@0,1:com.sun.star.reflection.XIdlMember; ref count = 1
info:cppu.typelib:1247974:1247974:cppu/source/typelib/typelib.cxx:244: remaining type: com.sun.star.uno.XInterface::release:@0,2:com.sun.star.reflection.XIdlMember; ref count = 1
info:cppu.typelib:1247974:1247974:cppu/source/typelib/typelib.cxx:244: remaining type: com.sun.star.uno.XInterface::queryInterface:@0,0:com.sun.star.reflection.XIdlMember:@0,0:com.sun.star.reflection.XIdlField; ref count = 1
info:cppu.typelib:1247974:1247974:cppu/source/typelib/typelib.cxx:244: remaining type: com.sun.star.reflection.XIdlMember::getName:@0,4:com.sun.star.reflection.XIdlField; ref count = 1
info:cppu.typelib:1247974:1247974:cppu/source/typelib/typelib.cxx:244: remaining type: com.sun.star.reflection.XIdlMethod::getReturnType; ref count = 1
info:cppu.typelib:1247974:1247974:cppu/source/typelib/typelib.cxx:244: remaining type: com.sun.star.reflection.XIdlMethod::getParameterInfos; ref count = 1
info:cppu.typelib:1247974:1247974:cppu/source/typelib/typelib.cxx:244: remaining type: com.sun.star.reflection.XIdlMethod::getExceptionTypes; ref count = 1
info:cppu.typelib:1247974:1247974:cppu/source/typelib/typelib.cxx:244: remaining type: com.sun.star.uno.XInterface::release:@0,2:com.sun.star.reflection.XIdlMember:@0,2:com.sun.star.reflection.XIdlMethod; ref count = 1
info:cppu.typelib:1247974:1247974:cppu/source/typelib/typelib.cxx:244: remaining type: com.sun.star.reflection.XIdlMember::getName:@0,4:com.sun.star.reflection.XIdlMethod; ref count = 1
info:cppu.typelib:1247974:1247974:cppu/source/typelib/typelib.cxx:244: remaining type: []double; ref count = 1
info:cppu.typelib:1247974:1247974:cppu/source/typelib/typelib.cxx:244: remaining type: com.sun.star.uno.XInterface::queryInterface:@0,0:com.sun.star.uno.XAdapter; ref count = 1
info:cppu.typelib:1247974:1247974:cppu/source/typelib/typelib.cxx:244: remaining type: com.sun.star.sheet.addin.XMiscFunctions; ref count = 7
info:cppu.typelib:1247974:1247974:cppu/source/typelib/typelib.cxx:244: remaining type: com.sun.star.uno.XInterface::queryInterface:@0,0:com.sun.star.sheet.addin.XDateFunctions; ref count = 2
info:cppu.typelib:1247974:1247974:cppu/source/typelib/typelib.cxx:244: remaining type: com.sun.star.sheet.addin.XPricingFunctions::getOptTouch; ref count = 2
info:cppu.typelib:1247974:1247974:cppu/source/typelib/typelib.cxx:244: remaining type: com.sun.star.uno.XInterface::acquire:@0,1:com.sun.star.sheet.addin.XPricingFunctions; ref count = 2
info:cppu.typelib:1247974:1247974:cppu/source/typelib/typelib.cxx:244: remaining type: com.sun.star.sheet.addin.XAnalysis::getImsqrt; ref count = 2
info:cppu.typelib:1247974:1247974:cppu/source/typelib/typelib.cxx:264: pCallbacks is not NULL or empty
